<?xml version='1.0' encoding='UTF-8'?>
<gpx version="1.1" creator="https://www.komoot.de" xmlns="http://www.topografix.com/GPX/1/1" xmlns:xsi="http://www.w3.org/2001/XMLSchema-instance" xsi:schemaLocation="http://www.topografix.com/GPX/1/1 http://www.topografix.com/GPX/1/1/gpx.xsd">
  <metadata>
    <name>Camino de Santiago</name>
    <author>
      <link href="https://www.komoot.de">
        <text>komoot</text>
        <type>text/html</type>
      </link>
    </author>
  </metadata>
  <wpt lat="41.950082" lon="-8.883346">
    <name>Segment start</name>
    <sym>Flag, Blue</sym>
  </wpt>
  <wpt lat="42.121501" lon="-8.852588">
    <name>Albuergue Estela Do Mar</name>
    <sym>Flag, Blue</sym>
  </wpt>
  <wpt lat="42.235655" lon="-8.716315">
    <name>W14 Hostales</name>
    <sym>Flag, Blue</sym>
  </wpt>
  <wpt lat="42.322407" lon="-8.614520">
    <name>Hotel Chocolate y Menta</name>
    <sym>Flag, Blue</sym>
  </wpt>
  <wpt lat="42.545016" lon="-8.636972">
    <name>Lar Do Pazo</name>
    <sym>Flag, Blue</sym>
  </wpt>
  <wpt lat="42.800401" lon="-8.634618">
    <name>Pension Rural Areal</name>
    <sym>Flag, Blue</sym>
  </wpt>
  <wpt lat="42.880302" lon="-8.545521">
    <name>Santiago de Compostela Cathedral</name>
    <sym>Flag, Blue</sym>
  </wpt>
  <trk>
    <name>Camino de Santiago</name>
    <type>hike</type>
    <trkseg>
      <trkpt lat="41.950082" lon="-8.883346">
        <ele>31.692103</ele>
        <time>2026-08-08T20:21:09.651Z</time>
      </trkpt>
      <trkpt lat="41.950131" lon="-8.883461">
        <ele>31.692103</ele>
        <time>2026-08-08T20:21:20.041Z</time>
      </trkpt>
      <trkpt lat="41.950164" lon="-8.883392">
        <ele>31.692103</ele>
        <time>2026-08-08T20:21:26.395Z</time>
      </trkpt>
      <trkpt lat="41.950252" lon="-8.883352">
        <ele>31.692103</ele>
        <time>2026-08-08T20:21:36.262Z</time>
      </trkpt>
      <trkpt lat="41.950744" lon="-8.883263">
        <ele>31.692103</ele>
        <time>2026-08-08T20:22:28.547Z</time>
      </trkpt>
      <trkpt lat="41.951032" lon="-8.883144">
        <ele>31.084271</ele>
        <time>2026-08-08T20:23:00.581Z</time>
      </trkpt>
      <trkpt lat="41.951178" lon="-8.883039">
        <ele>30.417239</ele>
        <time>2026-08-08T20:23:18.266Z</time>
      </trkpt>
      <trkpt lat="41.951566" lon="-8.882822">
        <ele>28.724299</ele>
        <time>2026-08-08T20:24:03.584Z</time>
      </trkpt>
      <trkpt lat="41.951903" lon="-8.882714">
        <ele>27.328615</ele>
        <time>2026-08-08T20:24:40.891Z</time>
      </trkpt>
      <trkpt lat="41.952325" lon="-8.882670">
        <ele>25.623421</ele>
        <time>2026-08-08T20:25:26.838Z</time>
      </trkpt>
      <trkpt lat="41.952620" lon="-8.882734">
        <ele>24.414521</ele>
        <time>2026-08-08T20:25:59.992Z</time>
      </trkpt>
      <trkpt lat="41.952861" lon="-8.882838">
        <ele>23.198677</ele>
        <time>2026-08-08T20:26:28.261Z</time>
      </trkpt>
      <trkpt lat="41.953183" lon="-8.883002">
        <ele>21.544652</ele>
        <time>2026-08-08T20:27:06.528Z</time>
      </trkpt>
      <trkpt lat="41.953519" lon="-8.883174">
        <ele>19.817611</ele>
        <time>2026-08-08T20:27:46.817Z</time>
      </trkpt>
      <trkpt lat="41.953725" lon="-8.883246">
        <ele>18.795171</ele>
        <time>2026-08-08T20:28:10.601Z</time>
      </trkpt>
      <trkpt lat="41.953839" lon="-8.883366">
        <ele>18.099713</ele>
        <time>2026-08-08T20:28:26.508Z</time>
      </trkpt>
      <trkpt lat="41.953960" lon="-8.883609">
        <ele>17.054995</ele>
        <time>2026-08-08T20:28:50.179Z</time>
      </trkpt>
      <trkpt lat="41.953984" lon="-8.883640">
        <ele>16.895133</ele>
        <time>2026-08-08T20:28:53.862Z</time>
      </trkpt>
      <trkpt lat="41.954315" lon="-8.883954">
        <ele>15.720142</ele>
        <time>2026-08-08T20:29:37.079Z</time>
      </trkpt>
      <trkpt lat="41.954393" lon="-8.884000">
        <ele>15.679183</ele>
        <time>2026-08-08T20:29:46.055Z</time>
      </trkpt>
      <trkpt lat="41.954526" lon="-8.884035">
        <ele>15.614011</ele>
        <time>2026-08-08T20:30:00.135Z</time>
      </trkpt>
      <trkpt lat="41.955332" lon="-8.884115">
        <ele>15.225354</ele>
        <time>2026-08-08T20:31:22.319Z</time>
      </trkpt>
      <trkpt lat="41.956519" lon="-8.884343">
        <ele>16.905185</ele>
        <time>2026-08-08T20:33:30.155Z</time>
      </trkpt>
      <trkpt lat="41.956982" lon="-8.884351">
        <ele>18.402033</ele>
        <time>2026-08-08T20:34:22.300Z</time>
      </trkpt>
      <trkpt lat="41.957362" lon="-8.884362">
        <ele>19.630730</ele>
        <time>2026-08-08T20:35:05.759Z</time>
      </trkpt>
      <trkpt lat="41.957620" lon="-8.884350">
        <ele>20.465256</ele>
        <time>2026-08-08T20:35:35.565Z</time>
      </trkpt>
      <trkpt lat="41.958102" lon="-8.884261">
        <ele>22.358136</ele>
        <time>2026-08-08T20:36:31.843Z</time>
      </trkpt>
      <trkpt lat="41.958393" lon="-8.884278">
        <ele>23.534722</ele>
        <time>2026-08-08T20:37:05.611Z</time>
      </trkpt>
      <trkpt lat="41.959025" lon="-8.884257">
        <ele>26.088427</ele>
        <time>2026-08-08T20:38:17.871Z</time>
      </trkpt>
      <trkpt lat="41.959590" lon="-8.884079">
        <ele>28.307908</ele>
        <time>2026-08-08T20:39:22.819Z</time>
      </trkpt>
      <trkpt lat="41.959751" lon="-8.884089">
        <ele>28.761892</ele>
        <time>2026-08-08T20:39:40.995Z</time>
      </trkpt>
      <trkpt lat="41.960038" lon="-8.884217">
        <ele>29.613606</ele>
        <time>2026-08-08T20:40:14.955Z</time>
      </trkpt>
      <trkpt lat="41.960182" lon="-8.884163">
        <ele>30.034697</ele>
        <time>2026-08-08T20:40:31.946Z</time>
      </trkpt>
      <trkpt lat="41.960556" lon="-8.883916">
        <ele>31.208354</ele>
        <time>2026-08-08T20:41:18.663Z</time>
      </trkpt>
      <trkpt lat="41.961360" lon="-8.883846">
        <ele>32.946044</ele>
        <time>2026-08-08T20:42:45.670Z</time>
      </trkpt>
      <trkpt lat="41.961836" lon="-8.883914">
        <ele>32.458581</ele>
        <time>2026-08-08T20:43:33.615Z</time>
      </trkpt>
      <trkpt lat="41.962069" lon="-8.884039">
        <ele>32.203122</ele>
        <time>2026-08-08T20:43:59.378Z</time>
      </trkpt>
      <trkpt lat="41.962310" lon="-8.884140">
        <ele>31.946058</ele>
        <time>2026-08-08T20:44:25.931Z</time>
      </trkpt>
      <trkpt lat="41.962518" lon="-8.884190">
        <ele>31.730884</ele>
        <time>2026-08-08T20:44:48.342Z</time>
      </trkpt>
      <trkpt lat="41.963500" lon="-8.884404">
        <ele>30.975406</ele>
        <time>2026-08-08T20:46:32.918Z</time>
      </trkpt>
      <trkpt lat="41.963771" lon="-8.884438">
        <ele>30.830998</ele>
        <time>2026-08-08T20:47:00.608Z</time>
      </trkpt>
      <trkpt lat="41.964212" lon="-8.884359">
        <ele>30.594951</ele>
        <time>2026-08-08T20:47:45.177Z</time>
      </trkpt>
      <trkpt lat="41.964330" lon="-8.884314">
        <ele>30.529875</ele>
        <time>2026-08-08T20:47:57.677Z</time>
      </trkpt>
      <trkpt lat="41.964579" lon="-8.884292">
        <ele>30.397479</ele>
        <time>2026-08-08T20:48:23.388Z</time>
      </trkpt>
      <trkpt lat="41.965108" lon="-8.884099">
        <ele>30.722104</ele>
        <time>2026-08-08T20:49:21.025Z</time>
      </trkpt>
      <trkpt lat="41.965218" lon="-8.884140">
        <ele>30.853055</ele>
        <time>2026-08-08T20:49:33.104Z</time>
      </trkpt>
      <trkpt lat="41.965453" lon="-8.884298">
        <ele>31.154466</ele>
        <time>2026-08-08T20:50:00.682Z</time>
      </trkpt>
      <trkpt lat="41.965545" lon="-8.884324">
        <ele>31.262316</ele>
        <time>2026-08-08T20:50:10.533Z</time>
      </trkpt>
      <trkpt lat="41.965770" lon="-8.884325">
        <ele>31.520444</ele>
        <time>2026-08-08T20:50:33.863Z</time>
      </trkpt>
      <trkpt lat="41.966776" lon="-8.884065">
        <ele>32.446685</ele>
        <time>2026-08-08T20:52:20.138Z</time>
      </trkpt>
      <trkpt lat="41.967218" lon="-8.883885">
        <ele>32.577877</ele>
        <time>2026-08-08T20:53:07.789Z</time>
      </trkpt>
      <trkpt lat="41.967355" lon="-8.883828">
        <ele>32.618616</ele>
        <time>2026-08-08T20:53:22.507Z</time>
      </trkpt>
      <trkpt lat="41.967624" lon="-8.883848">
        <ele>32.695150</ele>
        <time>2026-08-08T20:53:49.706Z</time>
      </trkpt>
      <trkpt lat="41.967802" lon="-8.883901">
        <ele>32.746940</ele>
        <time>2026-08-08T20:54:08.056Z</time>
      </trkpt>
      <trkpt lat="41.968193" lon="-8.883877">
        <ele>32.858130</ele>
        <time>2026-08-08T20:54:47.802Z</time>
      </trkpt>
      <trkpt lat="41.969014" lon="-8.883934">
        <ele>32.525089</ele>
        <time>2026-08-08T20:56:10.807Z</time>
      </trkpt>
      <trkpt lat="41.969306" lon="-8.883966">
        <ele>32.389982</ele>
        <time>2026-08-08T20:56:40.264Z</time>
      </trkpt>
      <trkpt lat="41.969794" lon="-8.884021">
        <ele>32.164146</ele>
        <time>2026-08-08T20:57:30.276Z</time>
      </trkpt>
      <trkpt lat="41.970440" lon="-8.884087">
        <ele>32.412308</ele>
        <time>2026-08-08T20:58:35.542Z</time>
      </trkpt>
      <trkpt lat="41.971333" lon="-8.884229">
        <ele>33.251729</ele>
        <time>2026-08-08T21:00:07.611Z</time>
      </trkpt>
      <trkpt lat="41.971364" lon="-8.884261">
        <ele>33.288207</ele>
        <time>2026-08-08T21:00:11.880Z</time>
      </trkpt>
      <trkpt lat="41.971369" lon="-8.884350">
        <ele>33.350153</ele>
        <time>2026-08-08T21:00:19.012Z</time>
      </trkpt>
      <trkpt lat="41.971603" lon="-8.884402">
        <ele>33.571553</ele>
        <time>2026-08-08T21:00:44.571Z</time>
      </trkpt>
      <trkpt lat="41.971694" lon="-8.884526">
        <ele>33.692477</ele>
        <time>2026-08-08T21:00:58.642Z</time>
      </trkpt>
      <trkpt lat="41.971747" lon="-8.884557">
        <ele>33.783980</ele>
        <time>2026-08-08T21:01:05.023Z</time>
      </trkpt>
      <trkpt lat="41.971805" lon="-8.884557">
        <ele>33.934169</ele>
        <time>2026-08-08T21:01:11.344Z</time>
      </trkpt>
      <trkpt lat="41.972051" lon="-8.884364">
        <ele>34.671625</ele>
        <time>2026-08-08T21:01:42.610Z</time>
      </trkpt>
      <trkpt lat="41.972096" lon="-8.884329">
        <ele>34.806230</ele>
        <time>2026-08-08T21:01:48.439Z</time>
      </trkpt>
      <trkpt lat="41.972179" lon="-8.884325">
        <ele>35.021294</ele>
        <time>2026-08-08T21:01:57.636Z</time>
      </trkpt>
      <trkpt lat="41.972641" lon="-8.884347">
        <ele>36.218379</ele>
        <time>2026-08-08T21:02:49.385Z</time>
      </trkpt>
      <trkpt lat="41.975029" lon="-8.884603">
        <ele>41.251515</ele>
        <time>2026-08-08T21:07:08.264Z</time>
      </trkpt>
      <trkpt lat="41.976143" lon="-8.884717">
        <ele>41.075892</ele>
        <time>2026-08-08T21:09:00.631Z</time>
      </trkpt>
      <trkpt lat="41.977604" lon="-8.884882">
        <ele>37.883048</ele>
        <time>2026-08-08T21:11:32.426Z</time>
      </trkpt>
      <trkpt lat="41.978369" lon="-8.884958">
        <ele>34.301502</ele>
        <time>2026-08-08T21:12:56.360Z</time>
      </trkpt>
      <trkpt lat="41.978281" lon="-8.885061">
        <ele>33.756863</ele>
        <time>2026-08-08T21:13:09.488Z</time>
      </trkpt>
      <trkpt lat="41.978262" lon="-8.885118">
        <ele>33.540040</ele>
        <time>2026-08-08T21:13:14.692Z</time>
      </trkpt>
      <trkpt lat="41.978302" lon="-8.885480">
        <ele>32.269748</ele>
        <time>2026-08-08T21:13:45.905Z</time>
      </trkpt>
      <trkpt lat="41.978871" lon="-8.885690">
        <ele>27.528707</ele>
        <time>2026-08-08T21:14:55.904Z</time>
      </trkpt>
      <trkpt lat="41.979427" lon="-8.886168">
        <ele>22.018208</ele>
        <time>2026-08-08T21:16:14.588Z</time>
      </trkpt>
      <trkpt lat="41.979448" lon="-8.886228">
        <ele>21.606502</ele>
        <time>2026-08-08T21:16:20.501Z</time>
      </trkpt>
      <trkpt lat="41.979922" lon="-8.886493">
        <ele>17.319809</ele>
        <time>2026-08-08T21:17:20.148Z</time>
      </trkpt>
      <trkpt lat="41.980106" lon="-8.886523">
        <ele>16.771483</ele>
        <time>2026-08-08T21:17:41.191Z</time>
      </trkpt>
      <trkpt lat="41.980725" lon="-8.886323">
        <ele>15.737838</ele>
        <time>2026-08-08T21:18:50.654Z</time>
      </trkpt>
      <trkpt lat="41.981452" lon="-8.886284">
        <ele>14.556480</ele>
        <time>2026-08-08T21:20:04.189Z</time>
      </trkpt>
      <trkpt lat="41.981864" lon="-8.886179">
        <ele>14.697598</ele>
        <time>2026-08-08T21:20:51.609Z</time>
      </trkpt>
      <trkpt lat="41.981957" lon="-8.886090">
        <ele>15.215311</ele>
        <time>2026-08-08T21:21:04.495Z</time>
      </trkpt>
      <trkpt lat="41.981969" lon="-8.885962">
        <ele>15.650339</ele>
        <time>2026-08-08T21:21:15.052Z</time>
      </trkpt>
      <trkpt lat="41.982047" lon="-8.885869">
        <ele>16.123124</ele>
        <time>2026-08-08T21:21:26.719Z</time>
      </trkpt>
      <trkpt lat="41.982327" lon="-8.885745">
        <ele>17.460288</ele>
        <time>2026-08-08T21:22:00.224Z</time>
      </trkpt>
      <trkpt lat="41.982487" lon="-8.885634">
        <ele>18.276891</ele>
        <time>2026-08-08T21:22:21.053Z</time>
      </trkpt>
      <trkpt lat="41.982688" lon="-8.885542">
        <ele>19.239979</ele>
        <time>2026-08-08T21:22:46.274Z</time>
      </trkpt>
      <trkpt lat="41.982732" lon="-8.885537">
        <ele>19.440279</ele>
        <time>2026-08-08T21:22:51.492Z</time>
      </trkpt>
      <trkpt lat="41.982777" lon="-8.885579">
        <ele>19.688720</ele>
        <time>2026-08-08T21:22:58.008Z</time>
      </trkpt>
      <trkpt lat="41.982928" lon="-8.885676">
        <ele>20.447758</ele>
        <time>2026-08-08T21:23:18.323Z</time>
      </trkpt>
      <trkpt lat="41.983031" lon="-8.885688">
        <ele>20.916727</ele>
        <time>2026-08-08T21:23:30.920Z</time>
      </trkpt>
      <trkpt lat="41.983308" lon="-8.885491">
        <ele>22.347805</ele>
        <time>2026-08-08T21:24:08.704Z</time>
      </trkpt>
      <trkpt lat="41.983455" lon="-8.885430">
        <ele>23.124310</ele>
        <time>2026-08-08T21:24:27.273Z</time>
      </trkpt>
      <trkpt lat="41.983682" lon="-8.885244">
        <ele>24.465934</ele>
        <time>2026-08-08T21:24:58.627Z</time>
      </trkpt>
      <trkpt lat="41.984062" lon="-8.885153">
        <ele>26.414199</ele>
        <time>2026-08-08T21:25:44.392Z</time>
      </trkpt>
      <trkpt lat="41.984446" lon="-8.884870">
        <ele>28.624292</ele>
        <time>2026-08-08T21:26:37.099Z</time>
      </trkpt>
      <trkpt lat="41.984729" lon="-8.884750">
        <ele>30.122058</ele>
        <time>2026-08-08T21:27:12.065Z</time>
      </trkpt>
      <trkpt lat="41.985082" lon="-8.884521">
        <ele>31.601157</ele>
        <time>2026-08-08T21:27:56.355Z</time>
      </trkpt>
      <trkpt lat="41.985395" lon="-8.884368">
        <ele>32.192825</ele>
        <time>2026-08-08T21:28:32.305Z</time>
      </trkpt>
      <trkpt lat="41.985472" lon="-8.884398">
        <ele>32.335250</ele>
        <time>2026-08-08T21:28:40.748Z</time>
      </trkpt>
      <trkpt lat="41.985570" lon="-8.884529">
        <ele>32.580699</ele>
        <time>2026-08-08T21:28:55.243Z</time>
      </trkpt>
      <trkpt lat="41.985644" lon="-8.884579">
        <ele>32.727822</ele>
        <time>2026-08-08T21:29:03.851Z</time>
      </trkpt>
      <trkpt lat="41.986097" lon="-8.884634">
        <ele>33.535924</ele>
        <time>2026-08-08T21:29:51.014Z</time>
      </trkpt>
      <trkpt lat="41.987033" lon="-8.884308">
        <ele>35.034877</ele>
        <time>2026-08-08T21:31:30.943Z</time>
      </trkpt>
      <trkpt lat="41.987202" lon="-8.884222">
        <ele>35.259403</ele>
        <time>2026-08-08T21:31:49.777Z</time>
      </trkpt>
      <trkpt lat="41.987455" lon="-8.884111">
        <ele>35.590085</ele>
        <time>2026-08-08T21:32:17.749Z</time>
      </trkpt>
      <trkpt lat="41.987509" lon="-8.884133">
        <ele>35.660197</ele>
        <time>2026-08-08T21:32:23.630Z</time>
      </trkpt>
      <trkpt lat="41.987608" lon="-8.884107">
        <ele>35.785540</ele>
        <time>2026-08-08T21:32:34.293Z</time>
      </trkpt>
      <trkpt lat="41.987702" lon="-8.884178">
        <ele>35.919497</ele>
        <time>2026-08-08T21:32:45.620Z</time>
      </trkpt>
      <trkpt lat="41.987799" lon="-8.884158">
        <ele>36.041441</ele>
        <time>2026-08-08T21:32:55.983Z</time>
      </trkpt>
      <trkpt lat="41.987874" lon="-8.883999">
        <ele>36.215375</ele>
        <time>2026-08-08T21:33:10.846Z</time>
      </trkpt>
      <trkpt lat="41.988082" lon="-8.883886">
        <ele>36.494121</ele>
        <time>2026-08-08T21:33:34.489Z</time>
      </trkpt>
      <trkpt lat="41.988276" lon="-8.883733">
        <ele>36.771812</ele>
        <time>2026-08-08T21:33:58.027Z</time>
      </trkpt>
      <trkpt lat="41.988331" lon="-8.883574">
        <ele>36.911733</ele>
        <time>2026-08-08T21:34:11.578Z</time>
      </trkpt>
      <trkpt lat="41.989978" lon="-8.882370">
        <ele>38.602159</ele>
        <time>2026-08-08T21:37:26.994Z</time>
      </trkpt>
      <trkpt lat="41.993108" lon="-8.880134">
        <ele>36.033948</ele>
        <time>2026-08-08T21:43:27.519Z</time>
      </trkpt>
      <trkpt lat="41.993248" lon="-8.880166">
        <ele>35.732200</ele>
        <time>2026-08-08T21:43:42.187Z</time>
      </trkpt>
      <trkpt lat="41.994059" lon="-8.880126">
        <ele>34.007749</ele>
        <time>2026-08-08T21:45:06.625Z</time>
      </trkpt>
      <trkpt lat="41.994632" lon="-8.880281">
        <ele>32.765820</ele>
        <time>2026-08-08T21:46:08.267Z</time>
      </trkpt>
      <trkpt lat="41.994935" lon="-8.880353">
        <ele>31.745685</ele>
        <time>2026-08-08T21:46:41.097Z</time>
      </trkpt>
      <trkpt lat="41.995207" lon="-8.880328">
        <ele>30.690917</ele>
        <time>2026-08-08T21:47:10.528Z</time>
      </trkpt>
      <trkpt lat="41.995736" lon="-8.880144">
        <ele>28.577042</ele>
        <time>2026-08-08T21:48:09.556Z</time>
      </trkpt>
      <trkpt lat="41.996971" lon="-8.879290">
        <ele>23.698982</ele>
        <time>2026-08-08T21:50:40.797Z</time>
      </trkpt>
      <trkpt lat="41.997299" lon="-8.879096">
        <ele>22.598740</ele>
        <time>2026-08-08T21:51:18.850Z</time>
      </trkpt>
      <trkpt lat="41.998028" lon="-8.878904">
        <ele>20.317631</ele>
        <time>2026-08-08T21:52:36.819Z</time>
      </trkpt>
      <trkpt lat="41.998090" lon="-8.878864">
        <ele>20.106487</ele>
        <time>2026-08-08T21:52:43.932Z</time>
      </trkpt>
      <trkpt lat="41.998238" lon="-8.878683">
        <ele>19.909024</ele>
        <time>2026-08-08T21:53:04.780Z</time>
      </trkpt>
      <trkpt lat="41.998362" lon="-8.878585">
        <ele>19.782445</ele>
        <time>2026-08-08T21:53:19.709Z</time>
      </trkpt>
      <trkpt lat="41.998873" lon="-8.878333">
        <ele>19.303406</ele>
        <time>2026-08-08T21:54:15.368Z</time>
      </trkpt>
      <trkpt lat="41.999358" lon="-8.878017">
        <ele>18.829097</ele>
        <time>2026-08-08T21:55:09.954Z</time>
      </trkpt>
      <trkpt lat="41.999831" lon="-8.877865">
        <ele>18.323859</ele>
        <time>2026-08-08T21:55:59.521Z</time>
      </trkpt>
      <trkpt lat="41.999932" lon="-8.877726">
        <ele>18.090260</ele>
        <time>2026-08-08T21:56:14.164Z</time>
      </trkpt>
      <trkpt lat="41.999972" lon="-8.877503">
        <ele>17.814602</ele>
        <time>2026-08-08T21:56:31.400Z</time>
      </trkpt>
      <trkpt lat="42.000010" lon="-8.877424">
        <ele>17.701523</ele>
        <time>2026-08-08T21:56:38.545Z</time>
      </trkpt>
      <trkpt lat="42.000104" lon="-8.877351">
        <ele>17.526034</ele>
        <time>2026-08-08T21:56:49.471Z</time>
      </trkpt>
      <trkpt lat="42.000527" lon="-8.877331">
        <ele>16.841643</ele>
        <time>2026-08-08T21:57:32.131Z</time>
      </trkpt>
      <trkpt lat="42.000730" lon="-8.877262">
        <ele>16.503093</ele>
        <time>2026-08-08T21:57:53.405Z</time>
      </trkpt>
      <trkpt lat="42.000876" lon="-8.877194">
        <ele>16.253278</ele>
        <time>2026-08-08T21:58:09.402Z</time>
      </trkpt>
      <trkpt lat="42.001075" lon="-8.877138">
        <ele>15.924544</ele>
        <time>2026-08-08T21:58:31.216Z</time>
      </trkpt>
      <trkpt lat="42.001171" lon="-8.877060">
        <ele>15.743216</ele>
        <time>2026-08-08T21:58:43.496Z</time>
      </trkpt>
      <trkpt lat="42.001475" lon="-8.876890">
        <ele>14.580736</ele>
        <time>2026-08-08T21:59:19.482Z</time>
      </trkpt>
      <trkpt lat="42.001590" lon="-8.876866">
        <ele>14.075551</ele>
        <time>2026-08-08T21:59:32.231Z</time>
      </trkpt>
      <trkpt lat="42.001671" lon="-8.876893">
        <ele>13.713301</ele>
        <time>2026-08-08T21:59:41.483Z</time>
      </trkpt>
      <trkpt lat="42.001743" lon="-8.876900">
        <ele>13.399932</ele>
        <time>2026-08-08T21:59:49.432Z</time>
      </trkpt>
      <trkpt lat="42.002129" lon="-8.876603">
        <ele>11.469725</ele>
        <time>2026-08-08T22:00:38.671Z</time>
      </trkpt>
      <trkpt lat="42.002368" lon="-8.876592">
        <ele>10.431614</ele>
        <time>2026-08-08T22:01:05.193Z</time>
      </trkpt>
      <trkpt lat="42.002627" lon="-8.876629">
        <ele>9.300971</ele>
        <time>2026-08-08T22:01:34.047Z</time>
      </trkpt>
      <trkpt lat="42.002960" lon="-8.876831">
        <ele>7.773208</ele>
        <time>2026-08-08T22:02:13.862Z</time>
      </trkpt>
      <trkpt lat="42.003426" lon="-8.877211">
        <ele>7.627274</ele>
        <time>2026-08-08T22:03:09.862Z</time>
      </trkpt>
      <trkpt lat="42.003760" lon="-8.877580">
        <ele>7.511535</ele>
        <time>2026-08-08T22:03:53.752Z</time>
      </trkpt>
      <trkpt lat="42.003987" lon="-8.877989">
        <ele>7.409937</ele>
        <time>2026-08-08T22:04:33.120Z</time>
      </trkpt>
      <trkpt lat="42.004068" lon="-8.878093">
        <ele>7.379953</ele>
        <time>2026-08-08T22:04:44.771Z</time>
      </trkpt>
      <trkpt lat="42.004101" lon="-8.878243">
        <ele>7.348819</ele>
        <time>2026-08-08T22:04:56.799Z</time>
      </trkpt>
      <trkpt lat="42.004233" lon="-8.878471">
        <ele>7.302260</ele>
        <time>2026-08-08T22:05:19.335Z</time>
      </trkpt>
      <trkpt lat="42.004269" lon="-8.878573">
        <ele>7.341509</ele>
        <time>2026-08-08T22:05:28.127Z</time>
      </trkpt>
      <trkpt lat="42.004438" lon="-8.879241">
        <ele>7.586777</ele>
        <time>2026-08-08T22:06:22.891Z</time>
      </trkpt>
      <trkpt lat="42.004479" lon="-8.879378">
        <ele>7.638111</ele>
        <time>2026-08-08T22:06:34.074Z</time>
      </trkpt>
      <trkpt lat="42.004684" lon="-8.879761">
        <ele>7.802171</ele>
        <time>2026-08-08T22:07:09.323Z</time>
      </trkpt>
      <trkpt lat="42.004931" lon="-8.879870">
        <ele>7.923756</ele>
        <time>2026-08-08T22:07:35.306Z</time>
      </trkpt>
      <trkpt lat="42.005004" lon="-8.879920">
        <ele>7.962069</ele>
        <time>2026-08-08T22:07:43.504Z</time>
      </trkpt>
      <trkpt lat="42.005448" lon="-8.880070">
        <ele>8.123103</ele>
        <time>2026-08-08T22:08:29.366Z</time>
      </trkpt>
      <trkpt lat="42.006560" lon="-8.880730">
        <ele>7.929546</ele>
        <time>2026-08-08T22:10:31.717Z</time>
      </trkpt>
      <trkpt lat="42.006934" lon="-8.880912">
        <ele>7.866208</ele>
        <time>2026-08-08T22:11:11.734Z</time>
      </trkpt>
      <trkpt lat="42.007642" lon="-8.881125">
        <ele>7.964616</ele>
        <time>2026-08-08T22:12:24.599Z</time>
      </trkpt>
      <trkpt lat="42.007783" lon="-8.881310">
        <ele>8.000713</ele>
        <time>2026-08-08T22:12:44.533Z</time>
      </trkpt>
      <trkpt lat="42.007901" lon="-8.881406">
        <ele>8.025988</ele>
        <time>2026-08-08T22:12:58.404Z</time>
      </trkpt>
      <trkpt lat="42.008547" lon="-8.881681">
        <ele>8.150185</ele>
        <time>2026-08-08T22:14:06.635Z</time>
      </trkpt>
      <trkpt lat="42.008910" lon="-8.881904">
        <ele>8.529244</ele>
        <time>2026-08-08T22:14:46.932Z</time>
      </trkpt>
      <trkpt lat="42.009689" lon="-8.882141">
        <ele>9.705289</ele>
        <time>2026-08-08T22:16:08.931Z</time>
      </trkpt>
      <trkpt lat="42.010710" lon="-8.882062">
        <ele>11.553837</ele>
        <time>2026-08-08T22:18:00.624Z</time>
      </trkpt>
      <trkpt lat="42.011127" lon="-8.882102">
        <ele>12.720363</ele>
        <time>2026-08-08T22:18:47.815Z</time>
      </trkpt>
      <trkpt lat="42.011211" lon="-8.882063">
        <ele>12.968307</ele>
        <time>2026-08-08T22:18:57.836Z</time>
      </trkpt>
      <trkpt lat="42.011567" lon="-8.881744">
        <ele>14.161698</ele>
        <time>2026-08-08T22:19:45.624Z</time>
      </trkpt>
      <trkpt lat="42.011670" lon="-8.881690">
        <ele>14.470140</ele>
        <time>2026-08-08T22:19:57.875Z</time>
      </trkpt>
      <trkpt lat="42.011734" lon="-8.881689">
        <ele>14.648734</ele>
        <time>2026-08-08T22:20:04.975Z</time>
      </trkpt>
      <trkpt lat="42.011806" lon="-8.881732">
        <ele>14.868531</ele>
        <time>2026-08-08T22:20:13.728Z</time>
      </trkpt>
      <trkpt lat="42.012095" lon="-8.881918">
        <ele>15.762401</ele>
        <time>2026-08-08T22:20:48.746Z</time>
      </trkpt>
      <trkpt lat="42.012218" lon="-8.881966">
        <ele>15.826603</ele>
        <time>2026-08-08T22:21:02.501Z</time>
      </trkpt>
      <trkpt lat="42.012998" lon="-8.882080">
        <ele>15.660914</ele>
        <time>2026-08-08T22:22:22.051Z</time>
      </trkpt>
      <trkpt lat="42.013486" lon="-8.882244">
        <ele>15.554694</ele>
        <time>2026-08-08T22:23:13.418Z</time>
      </trkpt>
      <trkpt lat="42.013619" lon="-8.882350">
        <ele>15.522053</ele>
        <time>2026-08-08T22:23:29.394Z</time>
      </trkpt>
      <trkpt lat="42.013728" lon="-8.882594">
        <ele>15.477381</ele>
        <time>2026-08-08T22:23:51.371Z</time>
      </trkpt>
      <trkpt lat="42.013794" lon="-8.882742">
        <ele>15.319595</ele>
        <time>2026-08-08T22:24:04.736Z</time>
      </trkpt>
      <trkpt lat="42.013876" lon="-8.882835">
        <ele>15.123795</ele>
        <time>2026-08-08T22:24:15.935Z</time>
      </trkpt>
      <trkpt lat="42.014326" lon="-8.883062">
        <ele>14.246299</ele>
        <time>2026-08-08T22:25:06.146Z</time>
      </trkpt>
      <trkpt lat="42.014547" lon="-8.883279">
        <ele>13.746790</ele>
        <time>2026-08-08T22:25:34.736Z</time>
      </trkpt>
      <trkpt lat="42.014698" lon="-8.883494">
        <ele>13.345421</ele>
        <time>2026-08-08T22:25:57.543Z</time>
      </trkpt>
      <trkpt lat="42.014741" lon="-8.883522">
        <ele>13.258198</ele>
        <time>2026-08-08T22:26:02.492Z</time>
      </trkpt>
      <trkpt lat="42.015132" lon="-8.883593">
        <ele>12.537780</ele>
        <time>2026-08-08T22:26:43.360Z</time>
      </trkpt>
      <trkpt lat="42.015397" lon="-8.883720">
        <ele>12.092380</ele>
        <time>2026-08-08T22:27:12.447Z</time>
      </trkpt>
      <trkpt lat="42.015699" lon="-8.883798">
        <ele>11.771860</ele>
        <time>2026-08-08T22:27:44.231Z</time>
      </trkpt>
      <trkpt lat="42.016253" lon="-8.883763">
        <ele>11.193785</ele>
        <time>2026-08-08T22:28:41.328Z</time>
      </trkpt>
      <trkpt lat="42.016823" lon="-8.884023">
        <ele>10.566480</ele>
        <time>2026-08-08T22:29:42.894Z</time>
      </trkpt>
      <trkpt lat="42.016922" lon="-8.884038">
        <ele>10.462640</ele>
        <time>2026-08-08T22:29:52.915Z</time>
      </trkpt>
      <trkpt lat="42.017262" lon="-8.883999">
        <ele>10.453391</ele>
        <time>2026-08-08T22:30:27.121Z</time>
      </trkpt>
      <trkpt lat="42.017551" lon="-8.883932">
        <ele>10.673412</ele>
        <time>2026-08-08T22:30:57.015Z</time>
      </trkpt>
      <trkpt lat="42.017808" lon="-8.883946">
        <ele>10.866390</ele>
        <time>2026-08-08T22:31:23.501Z</time>
      </trkpt>
      <trkpt lat="42.018449" lon="-8.883809">
        <ele>11.353338</ele>
        <time>2026-08-08T22:32:31.272Z</time>
      </trkpt>
      <trkpt lat="42.018628" lon="-8.883800">
        <ele>11.487731</ele>
        <time>2026-08-08T22:32:50.041Z</time>
      </trkpt>
      <trkpt lat="42.019372" lon="-8.883927">
        <ele>11.888313</ele>
        <time>2026-08-08T22:34:08.324Z</time>
      </trkpt>
      <trkpt lat="42.019756" lon="-8.883838">
        <ele>12.059938</ele>
        <time>2026-08-08T22:34:48.196Z</time>
      </trkpt>
      <trkpt lat="42.020898" lon="-8.883825">
        <ele>12.347782</ele>
        <time>2026-08-08T22:36:42.578Z</time>
      </trkpt>
      <trkpt lat="42.021296" lon="-8.884006">
        <ele>12.180035</ele>
        <time>2026-08-08T22:37:25.232Z</time>
      </trkpt>
      <trkpt lat="42.021568" lon="-8.884033">
        <ele>12.071130</ele>
        <time>2026-08-08T22:37:53.060Z</time>
      </trkpt>
      <trkpt lat="42.021907" lon="-8.884066">
        <ele>11.935413</ele>
        <time>2026-08-08T22:38:27.587Z</time>
      </trkpt>
      <trkpt lat="42.022415" lon="-8.884273">
        <ele>11.746669</ele>
        <time>2026-08-08T22:39:21.172Z</time>
      </trkpt>
      <trkpt lat="42.023137" lon="-8.884245">
        <ele>12.252714</ele>
        <time>2026-08-08T22:40:34.981Z</time>
      </trkpt>
      <trkpt lat="42.023523" lon="-8.884162">
        <ele>12.526576</ele>
        <time>2026-08-08T22:41:15.725Z</time>
      </trkpt>
      <trkpt lat="42.023714" lon="-8.884081">
        <ele>12.666874</ele>
        <time>2026-08-08T22:41:36.652Z</time>
      </trkpt>
      <trkpt lat="42.024665" lon="-8.884073">
        <ele>13.245454</ele>
        <time>2026-08-08T22:43:15.198Z</time>
      </trkpt>
      <trkpt lat="42.024877" lon="-8.884077">
        <ele>13.355804</ele>
        <time>2026-08-08T22:43:36.643Z</time>
      </trkpt>
      <trkpt lat="42.025345" lon="-8.884258">
        <ele>13.609238</ele>
        <time>2026-08-08T22:44:25.595Z</time>
      </trkpt>
      <trkpt lat="42.025501" lon="-8.884269">
        <ele>13.690543</ele>
        <time>2026-08-08T22:44:41.274Z</time>
      </trkpt>
      <trkpt lat="42.025550" lon="-8.884237">
        <ele>13.718888</ele>
        <time>2026-08-08T22:44:46.908Z</time>
      </trkpt>
      <trkpt lat="42.025883" lon="-8.884606">
        <ele>13.934584</ele>
        <time>2026-08-08T22:45:30.604Z</time>
      </trkpt>
      <trkpt lat="42.026050" lon="-8.884724">
        <ele>13.975992</ele>
        <time>2026-08-08T22:45:50.012Z</time>
      </trkpt>
      <trkpt lat="42.026233" lon="-8.884806">
        <ele>14.018336</ele>
        <time>2026-08-08T22:46:09.742Z</time>
      </trkpt>
      <trkpt lat="42.026578" lon="-8.884853">
        <ele>14.094467</ele>
        <time>2026-08-08T22:46:44.882Z</time>
      </trkpt>
      <trkpt lat="42.026968" lon="-8.884752">
        <ele>14.181660</ele>
        <time>2026-08-08T22:47:25.192Z</time>
      </trkpt>
      <trkpt lat="42.028104" lon="-8.884248">
        <ele>14.141572</ele>
        <time>2026-08-08T22:49:25.035Z</time>
      </trkpt>
      <trkpt lat="42.029392" lon="-8.883690">
        <ele>13.789876</ele>
        <time>2026-08-08T22:51:42.181Z</time>
      </trkpt>
      <trkpt lat="42.030151" lon="-8.883347">
        <ele>14.227039</ele>
        <time>2026-08-08T22:53:03.537Z</time>
      </trkpt>
      <trkpt lat="42.031269" lon="-8.882870">
        <ele>14.895833</ele>
        <time>2026-08-08T22:55:05.436Z</time>
      </trkpt>
      <trkpt lat="42.032907" lon="-8.882178">
        <ele>16.293145</ele>
        <time>2026-08-08T22:57:59.973Z</time>
      </trkpt>
      <trkpt lat="42.033092" lon="-8.882132">
        <ele>16.685255</ele>
        <time>2026-08-08T22:58:19.743Z</time>
      </trkpt>
      <trkpt lat="42.033471" lon="-8.882029">
        <ele>17.491124</ele>
        <time>2026-08-08T22:59:00.573Z</time>
      </trkpt>
      <trkpt lat="42.033591" lon="-8.882002">
        <ele>17.744704</ele>
        <time>2026-08-08T22:59:13.410Z</time>
      </trkpt>
      <trkpt lat="42.033865" lon="-8.881960">
        <ele>18.319483</ele>
        <time>2026-08-08T22:59:43.303Z</time>
      </trkpt>
      <trkpt lat="42.033890" lon="-8.881935">
        <ele>18.384390</ele>
        <time>2026-08-08T22:59:46.623Z</time>
      </trkpt>
      <trkpt lat="42.033886" lon="-8.881883">
        <ele>18.465321</ele>
        <time>2026-08-08T22:59:51.023Z</time>
      </trkpt>
      <trkpt lat="42.033882" lon="-8.881768">
        <ele>18.643546</ele>
        <time>2026-08-08T23:00:00.584Z</time>
      </trkpt>
      <trkpt lat="42.033916" lon="-8.881710">
        <ele>18.757931</ele>
        <time>2026-08-08T23:00:06.793Z</time>
      </trkpt>
      <trkpt lat="42.034569" lon="-8.881239">
        <ele>20.308440</ele>
        <time>2026-08-08T23:01:30.085Z</time>
      </trkpt>
      <trkpt lat="42.034527" lon="-8.881082">
        <ele>20.569248</ele>
        <time>2026-08-08T23:01:43.873Z</time>
      </trkpt>
      <trkpt lat="42.034701" lon="-8.880814">
        <ele>21.125576</ele>
        <time>2026-08-08T23:02:12.615Z</time>
      </trkpt>
      <trkpt lat="42.034814" lon="-8.880715">
        <ele>21.409266</ele>
        <time>2026-08-08T23:02:26.980Z</time>
      </trkpt>
      <trkpt lat="42.035302" lon="-8.880538">
        <ele>22.472747</ele>
        <time>2026-08-08T23:03:21.142Z</time>
      </trkpt>
      <trkpt lat="42.035596" lon="-8.880326">
        <ele>23.174535</ele>
        <time>2026-08-08T23:03:56.248Z</time>
      </trkpt>
      <trkpt lat="42.035649" lon="-8.880280">
        <ele>23.307225</ele>
        <time>2026-08-08T23:04:02.702Z</time>
      </trkpt>
      <trkpt lat="42.036020" lon="-8.880169">
        <ele>23.329033</ele>
        <time>2026-08-08T23:04:41.104Z</time>
      </trkpt>
      <trkpt lat="42.036311" lon="-8.880134">
        <ele>23.256322</ele>
        <time>2026-08-08T23:05:10.440Z</time>
      </trkpt>
      <trkpt lat="42.036646" lon="-8.879941">
        <ele>23.165638</ele>
        <time>2026-08-08T23:05:46.899Z</time>
      </trkpt>
      <trkpt lat="42.036989" lon="-8.879859">
        <ele>23.078939</ele>
        <time>2026-08-08T23:06:22.242Z</time>
      </trkpt>
      <trkpt lat="42.037521" lon="-8.879740">
        <ele>22.992845</ele>
        <time>2026-08-08T23:07:17.649Z</time>
      </trkpt>
      <trkpt lat="42.037666" lon="-8.879715">
        <ele>23.048855</ele>
        <time>2026-08-08T23:07:32.684Z</time>
      </trkpt>
      <trkpt lat="42.037763" lon="-8.879712">
        <ele>23.086030</ele>
        <time>2026-08-08T23:07:42.707Z</time>
      </trkpt>
      <trkpt lat="42.037810" lon="-8.879744">
        <ele>23.106209</ele>
        <time>2026-08-08T23:07:48.140Z</time>
      </trkpt>
      <trkpt lat="42.037990" lon="-8.880115">
        <ele>23.232312</ele>
        <time>2026-08-08T23:08:21.850Z</time>
      </trkpt>
      <trkpt lat="42.038623" lon="-8.880632">
        <ele>23.515976</ele>
        <time>2026-08-08T23:09:37.061Z</time>
      </trkpt>
      <trkpt lat="42.038831" lon="-8.880374">
        <ele>23.624333</ele>
        <time>2026-08-08T23:10:07.621Z</time>
      </trkpt>
      <trkpt lat="42.038868" lon="-8.880100">
        <ele>24.096067</ele>
        <time>2026-08-08T23:10:30.535Z</time>
      </trkpt>
      <trkpt lat="42.039017" lon="-8.879767">
        <ele>25.062001</ele>
        <time>2026-08-08T23:11:03.039Z</time>
      </trkpt>
      <trkpt lat="42.039299" lon="-8.879579">
        <ele>26.114720</ele>
        <time>2026-08-08T23:11:39.020Z</time>
      </trkpt>
      <trkpt lat="42.039700" lon="-8.879096">
        <ele>27.914670</ele>
        <time>2026-08-08T23:12:40.023Z</time>
      </trkpt>
      <trkpt lat="42.039777" lon="-8.879048">
        <ele>28.198537</ele>
        <time>2026-08-08T23:12:49.555Z</time>
      </trkpt>
      <trkpt lat="42.040017" lon="-8.879032">
        <ele>29.002425</ele>
        <time>2026-08-08T23:13:16.128Z</time>
      </trkpt>
      <trkpt lat="42.040534" lon="-8.878844">
        <ele>30.696993</ele>
        <time>2026-08-08T23:14:15.474Z</time>
      </trkpt>
      <trkpt lat="42.040851" lon="-8.878833">
        <ele>31.666304</ele>
        <time>2026-08-08T23:14:51.846Z</time>
      </trkpt>
      <trkpt lat="42.040945" lon="-8.878793">
        <ele>31.967646</ele>
        <time>2026-08-08T23:15:03.085Z</time>
      </trkpt>
      <trkpt lat="42.041297" lon="-8.878434">
        <ele>33.317429</ele>
        <time>2026-08-08T23:15:52.396Z</time>
      </trkpt>
      <trkpt lat="42.041421" lon="-8.878254">
        <ele>33.874782</ele>
        <time>2026-08-08T23:16:12.178Z</time>
      </trkpt>
      <trkpt lat="42.041463" lon="-8.878050">
        <ele>34.355354</ele>
        <time>2026-08-08T23:16:29.197Z</time>
      </trkpt>
      <trkpt lat="42.041469" lon="-8.877885">
        <ele>34.730374</ele>
        <time>2026-08-08T23:16:42.470Z</time>
      </trkpt>
      <trkpt lat="42.042135" lon="-8.878135">
        <ele>35.630057</ele>
        <time>2026-08-08T23:17:57.393Z</time>
      </trkpt>
      <trkpt lat="42.042506" lon="-8.878429">
        <ele>35.992837</ele>
        <time>2026-08-08T23:18:42.235Z</time>
      </trkpt>
      <trkpt lat="42.042613" lon="-8.878497">
        <ele>36.092548</ele>
        <time>2026-08-08T23:18:54.127Z</time>
      </trkpt>
      <trkpt lat="42.043144" lon="-8.878637">
        <ele>36.548538</ele>
        <time>2026-08-08T23:19:48.699Z</time>
      </trkpt>
      <trkpt lat="42.043419" lon="-8.878745">
        <ele>36.539403</ele>
        <time>2026-08-08T23:20:17.375Z</time>
      </trkpt>
      <trkpt lat="42.043672" lon="-8.878900">
        <ele>36.220523</ele>
        <time>2026-08-08T23:20:45.245Z</time>
      </trkpt>
      <trkpt lat="42.044590" lon="-8.879780">
        <ele>34.927757</ele>
        <time>2026-08-08T23:22:41.340Z</time>
      </trkpt>
      <trkpt lat="42.044806" lon="-8.879872">
        <ele>34.667854</ele>
        <time>2026-08-08T23:23:04.563Z</time>
      </trkpt>
      <trkpt lat="42.044793" lon="-8.879952">
        <ele>34.557150</ele>
        <time>2026-08-08T23:23:10.803Z</time>
      </trkpt>
      <trkpt lat="42.044795" lon="-8.880067">
        <ele>34.279211</ele>
        <time>2026-08-08T23:23:19.601Z</time>
      </trkpt>
      <trkpt lat="42.044834" lon="-8.880201">
        <ele>33.931463</ele>
        <time>2026-08-08T23:23:30.632Z</time>
      </trkpt>
      <trkpt lat="42.044974" lon="-8.880477">
        <ele>33.123874</ele>
        <time>2026-08-08T23:23:56.665Z</time>
      </trkpt>
      <trkpt lat="42.045052" lon="-8.880539">
        <ele>32.829178</ele>
        <time>2026-08-08T23:24:06.263Z</time>
      </trkpt>
      <trkpt lat="42.045260" lon="-8.880620">
        <ele>32.124697</ele>
        <time>2026-08-08T23:24:29.299Z</time>
      </trkpt>
      <trkpt lat="42.045462" lon="-8.880473">
        <ele>31.377635</ele>
        <time>2026-08-08T23:24:53.862Z</time>
      </trkpt>
      <trkpt lat="42.045556" lon="-8.880448">
        <ele>31.065888</ele>
        <time>2026-08-08T23:25:04.153Z</time>
      </trkpt>
      <trkpt lat="42.045536" lon="-8.881231">
        <ele>29.172909</ele>
        <time>2026-08-08T23:26:06.794Z</time>
      </trkpt>
      <trkpt lat="42.045578" lon="-8.882324">
        <ele>24.670954</ele>
        <time>2026-08-08T23:27:37.047Z</time>
      </trkpt>
      <trkpt lat="42.045581" lon="-8.882374">
        <ele>24.449235</ele>
        <time>2026-08-08T23:27:41.249Z</time>
      </trkpt>
      <trkpt lat="42.045717" lon="-8.882841">
        <ele>22.232058</ele>
        <time>2026-08-08T23:28:23.583Z</time>
      </trkpt>
      <trkpt lat="42.045725" lon="-8.882975">
        <ele>21.637870</ele>
        <time>2026-08-08T23:28:34.942Z</time>
      </trkpt>
      <trkpt lat="42.045699" lon="-8.883129">
        <ele>20.939824</ele>
        <time>2026-08-08T23:28:48.291Z</time>
      </trkpt>
      <trkpt lat="42.045853" lon="-8.883207">
        <ele>19.960532</ele>
        <time>2026-08-08T23:29:06.934Z</time>
      </trkpt>
      <trkpt lat="42.046188" lon="-8.883272">
        <ele>17.964315</ele>
        <time>2026-08-08T23:29:45.245Z</time>
      </trkpt>
      <trkpt lat="42.046607" lon="-8.883252">
        <ele>15.859198</ele>
        <time>2026-08-08T23:30:32.597Z</time>
      </trkpt>
      <trkpt lat="42.047000" lon="-8.883179">
        <ele>13.867265</ele>
        <time>2026-08-08T23:31:17.135Z</time>
      </trkpt>
      <trkpt lat="42.047534" lon="-8.883363">
        <ele>11.099676</ele>
        <time>2026-08-08T23:32:17.409Z</time>
      </trkpt>
      <trkpt lat="42.047693" lon="-8.883444">
        <ele>10.246123</ele>
        <time>2026-08-08T23:32:35.767Z</time>
      </trkpt>
      <trkpt lat="42.048269" lon="-8.883846">
        <ele>8.096585</ele>
        <time>2026-08-08T23:33:44.892Z</time>
      </trkpt>
      <trkpt lat="42.048326" lon="-8.883935">
        <ele>7.895987</ele>
        <time>2026-08-08T23:33:54.089Z</time>
      </trkpt>
      <trkpt lat="42.048319" lon="-8.884020">
        <ele>7.750019</ele>
        <time>2026-08-08T23:34:00.781Z</time>
      </trkpt>
      <trkpt lat="42.048322" lon="-8.884096">
        <ele>7.620119</ele>
        <time>2026-08-08T23:34:06.761Z</time>
      </trkpt>
      <trkpt lat="42.048752" lon="-8.884189">
        <ele>6.619109</ele>
        <time>2026-08-08T23:34:52.571Z</time>
      </trkpt>
      <trkpt lat="42.048799" lon="-8.884252">
        <ele>6.466688</ele>
        <time>2026-08-08T23:34:59.495Z</time>
      </trkpt>
      <trkpt lat="42.048894" lon="-8.884396">
        <ele>6.137924</ele>
        <time>2026-08-08T23:35:14.380Z</time>
      </trkpt>
      <trkpt lat="42.049033" lon="-8.884452">
        <ele>5.804446</ele>
        <time>2026-08-08T23:35:29.499Z</time>
      </trkpt>
      <trkpt lat="42.049474" lon="-8.884544">
        <ele>4.881929</ele>
        <time>2026-08-08T23:36:15.312Z</time>
      </trkpt>
      <trkpt lat="42.049943" lon="-8.884731">
        <ele>4.732306</ele>
        <time>2026-08-08T23:37:05.238Z</time>
      </trkpt>
      <trkpt lat="42.049996" lon="-8.884748">
        <ele>4.715640</ele>
        <time>2026-08-08T23:37:10.705Z</time>
      </trkpt>
      <trkpt lat="42.050297" lon="-8.884695">
        <ele>4.622780</ele>
        <time>2026-08-08T23:37:41.385Z</time>
      </trkpt>
      <trkpt lat="42.050339" lon="-8.884671">
        <ele>4.608824</ele>
        <time>2026-08-08T23:37:45.949Z</time>
      </trkpt>
      <trkpt lat="42.050368" lon="-8.884536">
        <ele>4.576901</ele>
        <time>2026-08-08T23:37:56.476Z</time>
      </trkpt>
      <trkpt lat="42.050397" lon="-8.884537">
        <ele>4.568027</ele>
        <time>2026-08-08T23:37:59.423Z</time>
      </trkpt>
      <trkpt lat="42.051014" lon="-8.884662">
        <ele>4.377163</ele>
        <time>2026-08-08T23:39:02.639Z</time>
      </trkpt>
      <trkpt lat="42.051239" lon="-8.884703">
        <ele>4.420697</ele>
        <time>2026-08-08T23:39:25.666Z</time>
      </trkpt>
      <trkpt lat="42.051332" lon="-8.884722">
        <ele>4.473489</ele>
        <time>2026-08-08T23:39:35.160Z</time>
      </trkpt>
      <trkpt lat="42.051545" lon="-8.884795">
        <ele>4.596842</ele>
        <time>2026-08-08T23:39:57.437Z</time>
      </trkpt>
      <trkpt lat="42.051590" lon="-8.884885">
        <ele>4.642059</ele>
        <time>2026-08-08T23:40:05.508Z</time>
      </trkpt>
      <trkpt lat="42.051710" lon="-8.885343">
        <ele>4.844459</ele>
        <time>2026-08-08T23:40:42.202Z</time>
      </trkpt>
      <trkpt lat="42.051994" lon="-8.886842">
        <ele>5.620275</ele>
        <time>2026-08-08T23:42:39.753Z</time>
      </trkpt>
      <trkpt lat="42.052042" lon="-8.887003">
        <ele>5.764316</ele>
        <time>2026-08-08T23:42:53.277Z</time>
      </trkpt>
      <trkpt lat="42.052175" lon="-8.887247">
        <ele>6.015619</ele>
        <time>2026-08-08T23:43:16.889Z</time>
      </trkpt>
      <trkpt lat="42.052456" lon="-8.887533">
        <ele>6.409444</ele>
        <time>2026-08-08T23:43:53.977Z</time>
      </trkpt>
      <trkpt lat="42.052925" lon="-8.888023">
        <ele>7.073139</ele>
        <time>2026-08-08T23:44:56.523Z</time>
      </trkpt>
      <trkpt lat="42.053574" lon="-8.888693">
        <ele>7.197269</ele>
        <time>2026-08-08T23:46:20.467Z</time>
      </trkpt>
      <trkpt lat="42.053770" lon="-8.888801">
        <ele>7.131949</ele>
        <time>2026-08-08T23:46:41.734Z</time>
      </trkpt>
      <trkpt lat="42.053957" lon="-8.888790">
        <ele>7.074215</ele>
        <time>2026-08-08T23:47:00.654Z</time>
      </trkpt>
      <trkpt lat="42.054100" lon="-8.888728">
        <ele>7.027878</ele>
        <time>2026-08-08T23:47:15.863Z</time>
      </trkpt>
      <trkpt lat="42.054685" lon="-8.888276">
        <ele>6.819852</ele>
        <time>2026-08-08T23:48:24.989Z</time>
      </trkpt>
      <trkpt lat="42.054994" lon="-8.888092">
        <ele>6.658891</ele>
        <time>2026-08-08T23:48:59.786Z</time>
      </trkpt>
      <trkpt lat="42.055105" lon="-8.888069">
        <ele>6.604129</ele>
        <time>2026-08-08T23:49:11.388Z</time>
      </trkpt>
      <trkpt lat="42.055264" lon="-8.888083">
        <ele>6.526432</ele>
        <time>2026-08-08T23:49:27.773Z</time>
      </trkpt>
      <trkpt lat="42.055507" lon="-8.888148">
        <ele>6.405627</ele>
        <time>2026-08-08T23:49:53.234Z</time>
      </trkpt>
      <trkpt lat="42.056661" lon="-8.888625">
        <ele>6.340073</ele>
        <time>2026-08-08T23:51:54.124Z</time>
      </trkpt>
      <trkpt lat="42.057283" lon="-8.888852">
        <ele>7.403824</ele>
        <time>2026-08-08T23:53:01.791Z</time>
      </trkpt>
      <trkpt lat="42.057524" lon="-8.889018">
        <ele>7.850643</ele>
        <time>2026-08-08T23:53:30.893Z</time>
      </trkpt>
      <trkpt lat="42.057957" lon="-8.889223">
        <ele>8.608262</ele>
        <time>2026-08-08T23:54:20.993Z</time>
      </trkpt>
      <trkpt lat="42.059033" lon="-8.889644">
        <ele>10.339033</ele>
        <time>2026-08-08T23:56:23.805Z</time>
      </trkpt>
      <trkpt lat="42.059583" lon="-8.889776">
        <ele>11.190651</ele>
        <time>2026-08-08T23:57:22.679Z</time>
      </trkpt>
      <trkpt lat="42.061537" lon="-8.890532">
        <ele>10.587970</ele>
        <time>2026-08-09T00:00:51.361Z</time>
      </trkpt>
      <trkpt lat="42.063370" lon="-8.891325">
        <ele>14.061331</ele>
        <time>2026-08-09T00:04:17.577Z</time>
      </trkpt>
      <trkpt lat="42.063454" lon="-8.891273">
        <ele>14.331016</ele>
        <time>2026-08-09T00:04:28.075Z</time>
      </trkpt>
      <trkpt lat="42.063949" lon="-8.891528">
        <ele>15.877029</ele>
        <time>2026-08-09T00:05:28.324Z</time>
      </trkpt>
      <trkpt lat="42.064133" lon="-8.891635">
        <ele>16.461678</ele>
        <time>2026-08-09T00:05:51.240Z</time>
      </trkpt>
      <trkpt lat="42.064127" lon="-8.891662">
        <ele>16.522716</ele>
        <time>2026-08-09T00:05:53.566Z</time>
      </trkpt>
      <trkpt lat="42.064881" lon="-8.891998">
        <ele>18.839522</ele>
        <time>2026-08-09T00:07:21.818Z</time>
      </trkpt>
      <trkpt lat="42.065865" lon="-8.892389">
        <ele>19.438115</ele>
        <time>2026-08-09T00:09:07.065Z</time>
      </trkpt>
      <trkpt lat="42.066445" lon="-8.892618">
        <ele>19.639809</ele>
        <time>2026-08-09T00:10:07.857Z</time>
      </trkpt>
      <trkpt lat="42.067743" lon="-8.893138">
        <ele>18.296357</ele>
        <time>2026-08-09T00:12:25.741Z</time>
      </trkpt>
      <trkpt lat="42.068151" lon="-8.893194">
        <ele>17.755651</ele>
        <time>2026-08-09T00:13:08.277Z</time>
      </trkpt>
      <trkpt lat="42.068143" lon="-8.893429">
        <ele>17.525406</ele>
        <time>2026-08-09T00:13:26.442Z</time>
      </trkpt>
      <trkpt lat="42.068131" lon="-8.893823">
        <ele>16.878463</ele>
        <time>2026-08-09T00:13:56.972Z</time>
      </trkpt>
      <trkpt lat="42.068980" lon="-8.893659">
        <ele>14.395245</ele>
        <time>2026-08-09T00:15:28.849Z</time>
      </trkpt>
      <trkpt lat="42.069067" lon="-8.893618">
        <ele>14.128388</ele>
        <time>2026-08-09T00:15:38.717Z</time>
      </trkpt>
      <trkpt lat="42.069245" lon="-8.893670">
        <ele>13.601053</ele>
        <time>2026-08-09T00:15:58.110Z</time>
      </trkpt>
      <trkpt lat="42.069432" lon="-8.893663">
        <ele>13.059431</ele>
        <time>2026-08-09T00:16:17.887Z</time>
      </trkpt>
      <trkpt lat="42.069541" lon="-8.893696">
        <ele>12.735976</ele>
        <time>2026-08-09T00:16:29.694Z</time>
      </trkpt>
      <trkpt lat="42.069593" lon="-8.893793">
        <ele>12.478821</ele>
        <time>2026-08-09T00:16:39.106Z</time>
      </trkpt>
      <trkpt lat="42.069605" lon="-8.894031">
        <ele>12.102347</ele>
        <time>2026-08-09T00:16:57.785Z</time>
      </trkpt>
      <trkpt lat="42.069668" lon="-8.894161">
        <ele>12.015675</ele>
        <time>2026-08-09T00:17:09.950Z</time>
      </trkpt>
      <trkpt lat="42.069706" lon="-8.894204">
        <ele>11.978353</ele>
        <time>2026-08-09T00:17:15.186Z</time>
      </trkpt>
      <trkpt lat="42.069819" lon="-8.894218">
        <ele>11.893012</ele>
        <time>2026-08-09T00:17:27.056Z</time>
      </trkpt>
      <trkpt lat="42.070012" lon="-8.894117">
        <ele>11.737298</ele>
        <time>2026-08-09T00:17:48.869Z</time>
      </trkpt>
      <trkpt lat="42.070157" lon="-8.894110">
        <ele>11.628180</ele>
        <time>2026-08-09T00:18:03.993Z</time>
      </trkpt>
      <trkpt lat="42.070298" lon="-8.894006">
        <ele>11.507286</ele>
        <time>2026-08-09T00:18:20.709Z</time>
      </trkpt>
      <trkpt lat="42.070888" lon="-8.893824">
        <ele>11.052090</ele>
        <time>2026-08-09T00:19:22.486Z</time>
      </trkpt>
      <trkpt lat="42.071188" lon="-8.893540">
        <ele>10.915961</ele>
        <time>2026-08-09T00:20:01.636Z</time>
      </trkpt>
      <trkpt lat="42.071525" lon="-8.893385">
        <ele>12.417428</ele>
        <time>2026-08-09T00:20:41.177Z</time>
      </trkpt>
      <trkpt lat="42.071618" lon="-8.893278">
        <ele>12.933102</ele>
        <time>2026-08-09T00:20:55.067Z</time>
      </trkpt>
      <trkpt lat="42.071828" lon="-8.893278">
        <ele>13.818550</ele>
        <time>2026-08-09T00:21:19.198Z</time>
      </trkpt>
      <trkpt lat="42.071803" lon="-8.893116">
        <ele>14.336430</ele>
        <time>2026-08-09T00:21:33.616Z</time>
      </trkpt>
      <trkpt lat="42.071723" lon="-8.893014">
        <ele>14.800864</ele>
        <time>2026-08-09T00:21:46.542Z</time>
      </trkpt>
      <trkpt lat="42.071658" lon="-8.892987">
        <ele>15.087664</ele>
        <time>2026-08-09T00:21:54.653Z</time>
      </trkpt>
      <trkpt lat="42.071562" lon="-8.892974">
        <ele>15.494480</ele>
        <time>2026-08-09T00:22:06.187Z</time>
      </trkpt>
      <trkpt lat="42.071439" lon="-8.893009">
        <ele>16.024542</ele>
        <time>2026-08-09T00:22:21.538Z</time>
      </trkpt>
      <trkpt lat="42.071196" lon="-8.893017">
        <ele>17.049438</ele>
        <time>2026-08-09T00:22:51.025Z</time>
      </trkpt>
      <trkpt lat="42.070481" lon="-8.892824">
        <ele>19.329722</ele>
        <time>2026-08-09T00:24:16.578Z</time>
      </trkpt>
      <trkpt lat="42.070526" lon="-8.892735">
        <ele>19.513140</ele>
        <time>2026-08-09T00:24:25.514Z</time>
      </trkpt>
      <trkpt lat="42.070602" lon="-8.892712">
        <ele>19.691872</ele>
        <time>2026-08-09T00:24:33.929Z</time>
      </trkpt>
      <trkpt lat="42.071463" lon="-8.892503">
        <ele>21.699295</ele>
        <time>2026-08-09T00:26:05.687Z</time>
      </trkpt>
      <trkpt lat="42.071865" lon="-8.892471">
        <ele>22.570766</ele>
        <time>2026-08-09T00:26:46.209Z</time>
      </trkpt>
      <trkpt lat="42.074503" lon="-8.892670">
        <ele>26.457506</ele>
        <time>2026-08-09T00:31:24.072Z</time>
      </trkpt>
      <trkpt lat="42.075393" lon="-8.892757">
        <ele>28.163986</ele>
        <time>2026-08-09T00:33:00.335Z</time>
      </trkpt>
      <trkpt lat="42.076626" lon="-8.893118">
        <ele>31.700045</ele>
        <time>2026-08-09T00:35:19.498Z</time>
      </trkpt>
      <trkpt lat="42.076897" lon="-8.893260">
        <ele>32.517559</ele>
        <time>2026-08-09T00:35:52.112Z</time>
      </trkpt>
      <trkpt lat="42.077325" lon="-8.893562">
        <ele>33.427028</ele>
        <time>2026-08-09T00:36:45.418Z</time>
      </trkpt>
      <trkpt lat="42.077495" lon="-8.893648">
        <ele>33.574203</ele>
        <time>2026-08-09T00:37:04.857Z</time>
      </trkpt>
      <trkpt lat="42.077831" lon="-8.893731">
        <ele>33.851064</ele>
        <time>2026-08-09T00:37:40.631Z</time>
      </trkpt>
      <trkpt lat="42.077953" lon="-8.893726">
        <ele>33.949989</ele>
        <time>2026-08-09T00:37:53.165Z</time>
      </trkpt>
      <trkpt lat="42.078327" lon="-8.893642">
        <ele>34.257292</ele>
        <time>2026-08-09T00:38:31.633Z</time>
      </trkpt>
      <trkpt lat="42.078477" lon="-8.893565">
        <ele>34.387390</ele>
        <time>2026-08-09T00:38:47.734Z</time>
      </trkpt>
      <trkpt lat="42.078783" lon="-8.893318">
        <ele>34.676501</ele>
        <time>2026-08-09T00:39:23.943Z</time>
      </trkpt>
      <trkpt lat="42.079797" lon="-8.892271">
        <ele>33.894139</ele>
        <time>2026-08-09T00:41:34.570Z</time>
      </trkpt>
      <trkpt lat="42.079908" lon="-8.892128">
        <ele>33.794354</ele>
        <time>2026-08-09T00:41:50.093Z</time>
      </trkpt>
      <trkpt lat="42.080380" lon="-8.891339">
        <ele>33.678091</ele>
        <time>2026-08-09T00:43:05.456Z</time>
      </trkpt>
      <trkpt lat="42.080499" lon="-8.891186">
        <ele>33.745283</ele>
        <time>2026-08-09T00:43:22.070Z</time>
      </trkpt>
      <trkpt lat="42.080926" lon="-8.890782">
        <ele>33.958422</ele>
        <time>2026-08-09T00:44:15.309Z</time>
      </trkpt>
      <trkpt lat="42.081445" lon="-8.890372">
        <ele>34.204185</ele>
        <time>2026-08-09T00:45:17.232Z</time>
      </trkpt>
      <trkpt lat="42.081818" lon="-8.890142">
        <ele>34.431896</ele>
        <time>2026-08-09T00:45:59.172Z</time>
      </trkpt>
      <trkpt lat="42.082288" lon="-8.889983">
        <ele>34.745788</ele>
        <time>2026-08-09T00:46:48.155Z</time>
      </trkpt>
      <trkpt lat="42.082434" lon="-8.889977">
        <ele>34.840403</ele>
        <time>2026-08-09T00:47:03.050Z</time>
      </trkpt>
      <trkpt lat="42.083122" lon="-8.890180">
        <ele>35.296614</ele>
        <time>2026-08-09T00:48:15.623Z</time>
      </trkpt>
      <trkpt lat="42.083360" lon="-8.890257">
        <ele>35.411127</ele>
        <time>2026-08-09T00:48:40.876Z</time>
      </trkpt>
      <trkpt lat="42.083407" lon="-8.890295">
        <ele>35.372286</ele>
        <time>2026-08-09T00:48:46.465Z</time>
      </trkpt>
      <trkpt lat="42.083512" lon="-8.890504">
        <ele>35.239556</ele>
        <time>2026-08-09T00:49:05.597Z</time>
      </trkpt>
      <trkpt lat="42.083571" lon="-8.890528">
        <ele>35.195884</ele>
        <time>2026-08-09T00:49:11.911Z</time>
      </trkpt>
      <trkpt lat="42.083698" lon="-8.890478">
        <ele>35.102128</ele>
        <time>2026-08-09T00:49:25.465Z</time>
      </trkpt>
      <trkpt lat="42.083798" lon="-8.890604">
        <ele>35.005111</ele>
        <time>2026-08-09T00:49:39.638Z</time>
      </trkpt>
      <trkpt lat="42.083856" lon="-8.890606">
        <ele>34.963998</ele>
        <time>2026-08-09T00:49:45.547Z</time>
      </trkpt>
      <trkpt lat="42.083935" lon="-8.890548">
        <ele>34.900247</ele>
        <time>2026-08-09T00:49:54.873Z</time>
      </trkpt>
      <trkpt lat="42.084056" lon="-8.890512">
        <ele>34.812440</ele>
        <time>2026-08-09T00:50:07.562Z</time>
      </trkpt>
      <trkpt lat="42.084816" lon="-8.890718">
        <ele>34.263108</ele>
        <time>2026-08-09T00:51:26.430Z</time>
      </trkpt>
      <trkpt lat="42.085636" lon="-8.890983">
        <ele>29.702564</ele>
        <time>2026-08-09T00:52:58.915Z</time>
      </trkpt>
      <trkpt lat="42.085604" lon="-8.891326">
        <ele>28.062388</ele>
        <time>2026-08-09T00:53:28.062Z</time>
      </trkpt>
      <trkpt lat="42.085580" lon="-8.891393">
        <ele>27.709414</ele>
        <time>2026-08-09T00:53:34.418Z</time>
      </trkpt>
      <trkpt lat="42.085343" lon="-8.891545">
        <ele>26.031402</ele>
        <time>2026-08-09T00:54:04.639Z</time>
      </trkpt>
      <trkpt lat="42.084059" lon="-8.891930">
        <ele>16.527748</ele>
        <time>2026-08-09T00:56:39.533Z</time>
      </trkpt>
      <trkpt lat="42.083651" lon="-8.891958">
        <ele>13.348853</ele>
        <time>2026-08-09T00:57:27.382Z</time>
      </trkpt>
      <trkpt lat="42.083431" lon="-8.892006">
        <ele>11.614663</ele>
        <time>2026-08-09T00:57:52.987Z</time>
      </trkpt>
      <trkpt lat="42.083328" lon="-8.891975">
        <ele>10.793435</ele>
        <time>2026-08-09T00:58:05.028Z</time>
      </trkpt>
      <trkpt lat="42.083204" lon="-8.891890">
        <ele>9.710861</ele>
        <time>2026-08-09T00:58:20.732Z</time>
      </trkpt>
      <trkpt lat="42.083164" lon="-8.892049">
        <ele>8.741305</ele>
        <time>2026-08-09T00:58:34.739Z</time>
      </trkpt>
      <trkpt lat="42.083370" lon="-8.892527">
        <ele>7.818007</ele>
        <time>2026-08-09T00:59:19.797Z</time>
      </trkpt>
      <trkpt lat="42.083415" lon="-8.892575">
        <ele>7.696597</ele>
        <time>2026-08-09T00:59:26.070Z</time>
      </trkpt>
      <trkpt lat="42.083796" lon="-8.892724">
        <ele>6.857381</ele>
        <time>2026-08-09T01:00:08.120Z</time>
      </trkpt>
      <trkpt lat="42.084452" lon="-8.893266">
        <ele>5.229587</ele>
        <time>2026-08-09T01:01:25.287Z</time>
      </trkpt>
      <trkpt lat="42.084612" lon="-8.893334">
        <ele>4.874691</ele>
        <time>2026-08-09T01:01:42.319Z</time>
      </trkpt>
      <trkpt lat="42.084792" lon="-8.893378">
        <ele>4.918248</ele>
        <time>2026-08-09T01:02:00.897Z</time>
      </trkpt>
      <trkpt lat="42.085250" lon="-8.893395">
        <ele>5.069051</ele>
        <time>2026-08-09T01:02:47.607Z</time>
      </trkpt>
      <trkpt lat="42.085334" lon="-8.893371">
        <ele>5.097314</ele>
        <time>2026-08-09T01:02:56.440Z</time>
      </trkpt>
      <trkpt lat="42.086493" lon="-8.893312">
        <ele>5.452886</ele>
        <time>2026-08-09T01:04:54.105Z</time>
      </trkpt>
      <trkpt lat="42.087094" lon="-8.893296">
        <ele>5.457339</ele>
        <time>2026-08-09T01:05:54.467Z</time>
      </trkpt>
      <trkpt lat="42.087447" lon="-8.893320">
        <ele>5.459958</ele>
        <time>2026-08-09T01:06:30.035Z</time>
      </trkpt>
      <trkpt lat="42.088179" lon="-8.893246">
        <ele>5.465396</ele>
        <time>2026-08-09T01:07:43.644Z</time>
      </trkpt>
      <trkpt lat="42.088497" lon="-8.893249">
        <ele>5.865372</ele>
        <time>2026-08-09T01:08:15.871Z</time>
      </trkpt>
      <trkpt lat="42.088871" lon="-8.893402">
        <ele>6.405397</ele>
        <time>2026-08-09T01:08:56.175Z</time>
      </trkpt>
      <trkpt lat="42.090171" lon="-8.893722">
        <ele>8.779445</ele>
        <time>2026-08-09T01:11:16.968Z</time>
      </trkpt>
      <trkpt lat="42.090268" lon="-8.893724">
        <ele>9.175372</ele>
        <time>2026-08-09T01:11:27.695Z</time>
      </trkpt>
      <trkpt lat="42.090455" lon="-8.893658">
        <ele>9.964306</ele>
        <time>2026-08-09T01:11:49.125Z</time>
      </trkpt>
      <trkpt lat="42.091132" lon="-8.893749">
        <ele>12.741017</ele>
        <time>2026-08-09T01:13:06.946Z</time>
      </trkpt>
      <trkpt lat="42.091773" lon="-8.893639">
        <ele>15.446207</ele>
        <time>2026-08-09T01:14:22.772Z</time>
      </trkpt>
      <trkpt lat="42.092061" lon="-8.893498">
        <ele>17.676059</ele>
        <time>2026-08-09T01:14:59.769Z</time>
      </trkpt>
      <trkpt lat="42.092321" lon="-8.893513">
        <ele>19.569855</ele>
        <time>2026-08-09T01:15:32.667Z</time>
      </trkpt>
      <trkpt lat="42.092378" lon="-8.893484">
        <ele>20.013231</ele>
        <time>2026-08-09T01:15:40.424Z</time>
      </trkpt>
      <trkpt lat="42.092392" lon="-8.893420">
        <ele>20.373543</ele>
        <time>2026-08-09T01:15:46.680Z</time>
      </trkpt>
      <trkpt lat="42.092304" lon="-8.893402">
        <ele>21.021268</ele>
        <time>2026-08-09T01:15:57.923Z</time>
      </trkpt>
      <trkpt lat="42.092319" lon="-8.893295">
        <ele>21.609303</ele>
        <time>2026-08-09T01:16:08.188Z</time>
      </trkpt>
      <trkpt lat="42.092382" lon="-8.893252">
        <ele>22.123216</ele>
        <time>2026-08-09T01:16:17.041Z</time>
      </trkpt>
      <trkpt lat="42.092397" lon="-8.893174">
        <ele>22.558340</ele>
        <time>2026-08-09T01:16:24.598Z</time>
      </trkpt>
      <trkpt lat="42.092576" lon="-8.893155">
        <ele>23.864987</ele>
        <time>2026-08-09T01:16:46.890Z</time>
      </trkpt>
      <trkpt lat="42.092871" lon="-8.892939">
        <ele>26.308168</ele>
        <time>2026-08-09T01:17:28.561Z</time>
      </trkpt>
      <trkpt lat="42.093113" lon="-8.892876">
        <ele>28.101801</ele>
        <time>2026-08-09T01:17:59.737Z</time>
      </trkpt>
      <trkpt lat="42.093351" lon="-8.892756">
        <ele>30.680293</ele>
        <time>2026-08-09T01:18:32.595Z</time>
      </trkpt>
      <trkpt lat="42.093542" lon="-8.892728">
        <ele>32.727623</ele>
        <time>2026-08-09T01:18:57.978Z</time>
      </trkpt>
      <trkpt lat="42.093649" lon="-8.892675">
        <ele>33.942411</ele>
        <time>2026-08-09T01:19:13.590Z</time>
      </trkpt>
      <trkpt lat="42.093804" lon="-8.892665">
        <ele>35.596005</ele>
        <time>2026-08-09T01:19:34.965Z</time>
      </trkpt>
      <trkpt lat="42.094019" lon="-8.892593">
        <ele>37.956755</ele>
        <time>2026-08-09T01:20:05.029Z</time>
      </trkpt>
      <trkpt lat="42.094288" lon="-8.892416">
        <ele>41.146693</ele>
        <time>2026-08-09T01:20:45.466Z</time>
      </trkpt>
      <trkpt lat="42.094503" lon="-8.892233">
        <ele>43.856475</ele>
        <time>2026-08-09T01:21:20.416Z</time>
      </trkpt>
      <trkpt lat="42.094708" lon="-8.891968">
        <ele>46.883502</ele>
        <time>2026-08-09T01:22:00.658Z</time>
      </trkpt>
      <trkpt lat="42.094820" lon="-8.891880">
        <ele>48.518772</ele>
        <time>2026-08-09T01:22:18.921Z</time>
      </trkpt>
      <trkpt lat="42.095041" lon="-8.891793">
        <ele>51.839251</ele>
        <time>2026-08-09T01:22:52.834Z</time>
      </trkpt>
      <trkpt lat="42.095271" lon="-8.891823">
        <ele>55.171827</ele>
        <time>2026-08-09T01:23:31.755Z</time>
      </trkpt>
      <trkpt lat="42.095529" lon="-8.891762">
        <ele>58.949550</ele>
        <time>2026-08-09T01:24:17.692Z</time>
      </trkpt>
      <trkpt lat="42.095679" lon="-8.891644">
        <ele>61.454453</ele>
        <time>2026-08-09T01:24:47.334Z</time>
      </trkpt>
      <trkpt lat="42.095848" lon="-8.891408">
        <ele>64.964303</ele>
        <time>2026-08-09T01:25:27.083Z</time>
      </trkpt>
      <trkpt lat="42.095878" lon="-8.891333">
        <ele>65.876106</ele>
        <time>2026-08-09T01:25:37.448Z</time>
      </trkpt>
      <trkpt lat="42.095869" lon="-8.890972">
        <ele>69.741536</ele>
        <time>2026-08-09T01:26:20.146Z</time>
      </trkpt>
      <trkpt lat="42.095880" lon="-8.890882">
        <ele>70.717651</ele>
        <time>2026-08-09T01:26:31.062Z</time>
      </trkpt>
      <trkpt lat="42.096005" lon="-8.890685">
        <ele>73.490269</ele>
        <time>2026-08-09T01:27:01.490Z</time>
      </trkpt>
      <trkpt lat="42.096405" lon="-8.890487">
        <ele>77.853133</ele>
        <time>2026-08-09T01:28:11.068Z</time>
      </trkpt>
      <trkpt lat="42.096558" lon="-8.890365">
        <ele>79.673261</ele>
        <time>2026-08-09T01:28:42.041Z</time>
      </trkpt>
      <trkpt lat="42.096892" lon="-8.890022">
        <ele>83.972548</ele>
        <time>2026-08-09T01:29:40.251Z</time>
      </trkpt>
      <trkpt lat="42.097172" lon="-8.889936">
        <ele>86.912801</ele>
        <time>2026-08-09T01:30:14.581Z</time>
      </trkpt>
      <trkpt lat="42.097443" lon="-8.890024">
        <ele>89.766806</ele>
        <time>2026-08-09T01:30:48.542Z</time>
      </trkpt>
      <trkpt lat="42.097522" lon="-8.889949">
        <ele>90.756172</ele>
        <time>2026-08-09T01:31:00.645Z</time>
      </trkpt>
      <trkpt lat="42.098082" lon="-8.890068">
        <ele>94.029819</ele>
        <time>2026-08-09T01:32:08.218Z</time>
      </trkpt>
      <trkpt lat="42.098190" lon="-8.890164">
        <ele>94.634786</ele>
        <time>2026-08-09T01:32:23.319Z</time>
      </trkpt>
      <trkpt lat="42.098446" lon="-8.890186">
        <ele>95.834288</ele>
        <time>2026-08-09T01:32:53.331Z</time>
      </trkpt>
      <trkpt lat="42.098620" lon="-8.890189">
        <ele>96.647989</ele>
        <time>2026-08-09T01:33:12.852Z</time>
      </trkpt>
      <trkpt lat="42.098792" lon="-8.890228">
        <ele>97.463575</ele>
        <time>2026-08-09T01:33:32.401Z</time>
      </trkpt>
      <trkpt lat="42.099078" lon="-8.890201">
        <ele>98.804206</ele>
        <time>2026-08-09T01:34:06.066Z</time>
      </trkpt>
      <trkpt lat="42.099227" lon="-8.890277">
        <ele>99.549167</ele>
        <time>2026-08-09T01:34:25.209Z</time>
      </trkpt>
      <trkpt lat="42.099512" lon="-8.890329">
        <ele>100.597038</ele>
        <time>2026-08-09T01:34:58.522Z</time>
      </trkpt>
      <trkpt lat="42.099760" lon="-8.890297">
        <ele>101.166641</ele>
        <time>2026-08-09T01:35:25.217Z</time>
      </trkpt>
      <trkpt lat="42.100014" lon="-8.890341">
        <ele>101.752146</ele>
        <time>2026-08-09T01:35:52.650Z</time>
      </trkpt>
      <trkpt lat="42.100202" lon="-8.890234">
        <ele>102.218731</ele>
        <time>2026-08-09T01:36:14.455Z</time>
      </trkpt>
      <trkpt lat="42.100335" lon="-8.890208">
        <ele>102.525995</ele>
        <time>2026-08-09T01:36:28.924Z</time>
      </trkpt>
      <trkpt lat="42.100508" lon="-8.890400">
        <ele>103.038375</ele>
        <time>2026-08-09T01:36:52.861Z</time>
      </trkpt>
      <trkpt lat="42.100610" lon="-8.890419">
        <ele>103.273797</ele>
        <time>2026-08-09T01:37:03.979Z</time>
      </trkpt>
      <trkpt lat="42.100753" lon="-8.890393">
        <ele>103.603704</ele>
        <time>2026-08-09T01:37:19.360Z</time>
      </trkpt>
      <trkpt lat="42.100979" lon="-8.890258">
        <ele>104.168891</ele>
        <time>2026-08-09T01:37:45.647Z</time>
      </trkpt>
      <trkpt lat="42.101766" lon="-8.889574">
        <ele>103.608286</ele>
        <time>2026-08-09T01:39:23.107Z</time>
      </trkpt>
      <trkpt lat="42.101824" lon="-8.889458">
        <ele>103.505432</ele>
        <time>2026-08-09T01:39:33.747Z</time>
      </trkpt>
      <trkpt lat="42.101844" lon="-8.889418">
        <ele>103.469965</ele>
        <time>2026-08-09T01:39:37.423Z</time>
      </trkpt>
      <trkpt lat="42.101864" lon="-8.889127">
        <ele>103.255078</ele>
        <time>2026-08-09T01:39:59.302Z</time>
      </trkpt>
      <trkpt lat="42.101866" lon="-8.889086">
        <ele>103.224866</ele>
        <time>2026-08-09T01:40:02.472Z</time>
      </trkpt>
      <trkpt lat="42.101850" lon="-8.889022">
        <ele>103.175208</ele>
        <time>2026-08-09T01:40:07.606Z</time>
      </trkpt>
      <trkpt lat="42.101941" lon="-8.888893">
        <ele>103.044326</ele>
        <time>2026-08-09T01:40:21.510Z</time>
      </trkpt>
      <trkpt lat="42.102083" lon="-8.888831">
        <ele>102.896401</ele>
        <time>2026-08-09T01:40:37.340Z</time>
      </trkpt>
      <trkpt lat="42.102213" lon="-8.888810">
        <ele>102.766646</ele>
        <time>2026-08-09T01:40:51.589Z</time>
      </trkpt>
      <trkpt lat="42.102563" lon="-8.888541">
        <ele>100.790090</ele>
        <time>2026-08-09T01:41:36.637Z</time>
      </trkpt>
      <trkpt lat="42.102769" lon="-8.888299">
        <ele>98.968078</ele>
        <time>2026-08-09T01:42:07.894Z</time>
      </trkpt>
      <trkpt lat="42.103032" lon="-8.887896">
        <ele>96.312996</ele>
        <time>2026-08-09T01:42:53.762Z</time>
      </trkpt>
      <trkpt lat="42.103190" lon="-8.887813">
        <ele>95.182339</ele>
        <time>2026-08-09T01:43:13.448Z</time>
      </trkpt>
      <trkpt lat="42.103290" lon="-8.887697">
        <ele>94.302650</ele>
        <time>2026-08-09T01:43:28.805Z</time>
      </trkpt>
      <trkpt lat="42.103353" lon="-8.887551">
        <ele>93.467135</ele>
        <time>2026-08-09T01:43:43.261Z</time>
      </trkpt>
      <trkpt lat="42.103647" lon="-8.887189">
        <ele>90.812054</ele>
        <time>2026-08-09T01:44:28.996Z</time>
      </trkpt>
      <trkpt lat="42.104139" lon="-8.886309">
        <ele>86.369903</ele>
        <time>2026-08-09T01:46:00.442Z</time>
      </trkpt>
      <trkpt lat="42.104232" lon="-8.886223">
        <ele>85.761331</ele>
        <time>2026-08-09T01:46:12.905Z</time>
      </trkpt>
      <trkpt lat="42.104672" lon="-8.885898">
        <ele>83.053988</ele>
        <time>2026-08-09T01:47:08.105Z</time>
      </trkpt>
      <trkpt lat="42.104761" lon="-8.885865">
        <ele>82.555910</ele>
        <time>2026-08-09T01:47:18.221Z</time>
      </trkpt>
      <trkpt lat="42.105097" lon="-8.885473">
        <ele>80.332184</ele>
        <time>2026-08-09T01:48:06.792Z</time>
      </trkpt>
      <trkpt lat="42.105441" lon="-8.884920">
        <ele>78.082588</ele>
        <time>2026-08-09T01:49:04.856Z</time>
      </trkpt>
      <trkpt lat="42.105490" lon="-8.884782">
        <ele>77.605681</ele>
        <time>2026-08-09T01:49:17.164Z</time>
      </trkpt>
      <trkpt lat="42.105574" lon="-8.884665">
        <ele>77.098155</ele>
        <time>2026-08-09T01:49:30.308Z</time>
      </trkpt>
      <trkpt lat="42.105844" lon="-8.883520">
        <ele>73.351752</ele>
        <time>2026-08-09T01:51:06.827Z</time>
      </trkpt>
      <trkpt lat="42.106008" lon="-8.883303">
        <ele>72.351879</ele>
        <time>2026-08-09T01:51:31.694Z</time>
      </trkpt>
      <trkpt lat="42.106251" lon="-8.883042">
        <ele>71.000027</ele>
        <time>2026-08-09T01:52:05.592Z</time>
      </trkpt>
      <trkpt lat="42.106747" lon="-8.882325">
        <ele>67.835672</ele>
        <time>2026-08-09T01:53:25.241Z</time>
      </trkpt>
      <trkpt lat="42.106788" lon="-8.882157">
        <ele>67.264812</ele>
        <time>2026-08-09T01:53:39.681Z</time>
      </trkpt>
      <trkpt lat="42.106733" lon="-8.881790">
        <ele>66.056274</ele>
        <time>2026-08-09T01:54:10.204Z</time>
      </trkpt>
      <trkpt lat="42.107040" lon="-8.880509">
        <ele>61.593863</ele>
        <time>2026-08-09T01:55:57.613Z</time>
      </trkpt>
      <trkpt lat="42.107290" lon="-8.880472">
        <ele>60.466334</ele>
        <time>2026-08-09T01:56:24.634Z</time>
      </trkpt>
      <trkpt lat="42.107523" lon="-8.880066">
        <ele>58.759106</ele>
        <time>2026-08-09T01:57:06.294Z</time>
      </trkpt>
      <trkpt lat="42.107642" lon="-8.879728">
        <ele>57.514749</ele>
        <time>2026-08-09T01:57:37.109Z</time>
      </trkpt>
      <trkpt lat="42.107689" lon="-8.879374">
        <ele>55.475420</ele>
        <time>2026-08-09T01:58:07.087Z</time>
      </trkpt>
      <trkpt lat="42.107709" lon="-8.879037">
        <ele>53.547375</ele>
        <time>2026-08-09T01:58:35.790Z</time>
      </trkpt>
      <trkpt lat="42.107754" lon="-8.878878">
        <ele>52.576859</ele>
        <time>2026-08-09T01:58:50.450Z</time>
      </trkpt>
      <trkpt lat="42.107811" lon="-8.878366">
        <ele>49.624242</ele>
        <time>2026-08-09T01:59:35.492Z</time>
      </trkpt>
      <trkpt lat="42.107819" lon="-8.877871">
        <ele>46.800600</ele>
        <time>2026-08-09T02:00:18.739Z</time>
      </trkpt>
      <trkpt lat="42.107930" lon="-8.877495">
        <ele>44.492752</ele>
        <time>2026-08-09T02:00:53.927Z</time>
      </trkpt>
      <trkpt lat="42.107957" lon="-8.877308">
        <ele>43.427544</ele>
        <time>2026-08-09T02:01:10.379Z</time>
      </trkpt>
      <trkpt lat="42.107913" lon="-8.877121">
        <ele>42.398210</ele>
        <time>2026-08-09T02:01:27.289Z</time>
      </trkpt>
      <trkpt lat="42.108031" lon="-8.876755">
        <ele>40.304351</ele>
        <time>2026-08-09T02:02:01.570Z</time>
      </trkpt>
      <trkpt lat="42.108569" lon="-8.875475">
        <ele>32.585411</ele>
        <time>2026-08-09T02:04:06.599Z</time>
      </trkpt>
      <trkpt lat="42.108728" lon="-8.875129">
        <ele>30.803497</ele>
        <time>2026-08-09T02:04:40.422Z</time>
      </trkpt>
      <trkpt lat="42.108960" lon="-8.874819">
        <ele>30.122177</ele>
        <time>2026-08-09T02:05:15.999Z</time>
      </trkpt>
      <trkpt lat="42.109029" lon="-8.874593">
        <ele>29.744040</ele>
        <time>2026-08-09T02:05:35.478Z</time>
      </trkpt>
      <trkpt lat="42.109055" lon="-8.874487">
        <ele>29.571297</ele>
        <time>2026-08-09T02:05:44.422Z</time>
      </trkpt>
      <trkpt lat="42.109067" lon="-8.874321">
        <ele>29.313234</ele>
        <time>2026-08-09T02:05:57.670Z</time>
      </trkpt>
      <trkpt lat="42.109013" lon="-8.873664">
        <ele>28.290458</ele>
        <time>2026-08-09T02:06:49.539Z</time>
      </trkpt>
      <trkpt lat="42.109043" lon="-8.873577">
        <ele>28.142015</ele>
        <time>2026-08-09T02:06:56.860Z</time>
      </trkpt>
      <trkpt lat="42.109101" lon="-8.873501">
        <ele>27.973311</ele>
        <time>2026-08-09T02:07:05.042Z</time>
      </trkpt>
      <trkpt lat="42.109271" lon="-8.873367">
        <ele>27.562582</ele>
        <time>2026-08-09T02:07:25.408Z</time>
      </trkpt>
      <trkpt lat="42.109302" lon="-8.873306">
        <ele>27.448177</ele>
        <time>2026-08-09T02:07:31.234Z</time>
      </trkpt>
      <trkpt lat="42.109764" lon="-8.873172">
        <ele>28.393892</ele>
        <time>2026-08-09T02:08:24.878Z</time>
      </trkpt>
      <trkpt lat="42.109934" lon="-8.872851">
        <ele>29.381734</ele>
        <time>2026-08-09T02:08:58.574Z</time>
      </trkpt>
      <trkpt lat="42.110007" lon="-8.872609">
        <ele>30.036054</ele>
        <time>2026-08-09T02:09:20.354Z</time>
      </trkpt>
      <trkpt lat="42.110021" lon="-8.872542">
        <ele>30.210395</ele>
        <time>2026-08-09T02:09:26.186Z</time>
      </trkpt>
      <trkpt lat="42.110023" lon="-8.872200">
        <ele>31.067015</ele>
        <time>2026-08-09T02:09:54.037Z</time>
      </trkpt>
      <trkpt lat="42.110023" lon="-8.872030">
        <ele>31.492806</ele>
        <time>2026-08-09T02:10:08.156Z</time>
      </trkpt>
      <trkpt lat="42.110059" lon="-8.871889">
        <ele>31.866293</ele>
        <time>2026-08-09T02:10:21.005Z</time>
      </trkpt>
      <trkpt lat="42.110133" lon="-8.871753">
        <ele>32.288726</ele>
        <time>2026-08-09T02:10:35.832Z</time>
      </trkpt>
      <trkpt lat="42.110662" lon="-8.871430">
        <ele>34.084954</ele>
        <time>2026-08-09T02:11:42.645Z</time>
      </trkpt>
      <trkpt lat="42.110791" lon="-8.871309">
        <ele>34.526215</ele>
        <time>2026-08-09T02:11:59.572Z</time>
      </trkpt>
      <trkpt lat="42.111033" lon="-8.870823">
        <ele>35.745416</ele>
        <time>2026-08-09T02:12:44.987Z</time>
      </trkpt>
      <trkpt lat="42.111037" lon="-8.870712">
        <ele>35.976893</ele>
        <time>2026-08-09T02:12:53.651Z</time>
      </trkpt>
      <trkpt lat="42.111212" lon="-8.870355">
        <ele>36.868173</ele>
        <time>2026-08-09T02:13:27.189Z</time>
      </trkpt>
      <trkpt lat="42.111297" lon="-8.870205">
        <ele>37.261334</ele>
        <time>2026-08-09T02:13:42.451Z</time>
      </trkpt>
      <trkpt lat="42.111369" lon="-8.869964">
        <ele>37.802495</ele>
        <time>2026-08-09T02:14:03.966Z</time>
      </trkpt>
      <trkpt lat="42.111238" lon="-8.869483">
        <ele>39.704515</ele>
        <time>2026-08-09T02:14:46.277Z</time>
      </trkpt>
      <trkpt lat="42.111265" lon="-8.869321">
        <ele>40.578146</ele>
        <time>2026-08-09T02:15:00.581Z</time>
      </trkpt>
      <trkpt lat="42.111302" lon="-8.869243">
        <ele>41.065283</ele>
        <time>2026-08-09T02:15:08.573Z</time>
      </trkpt>
      <trkpt lat="42.111307" lon="-8.868926">
        <ele>42.733594</ele>
        <time>2026-08-09T02:15:37.364Z</time>
      </trkpt>
      <trkpt lat="42.111395" lon="-8.868343">
        <ele>45.863974</ele>
        <time>2026-08-09T02:16:33.250Z</time>
      </trkpt>
      <trkpt lat="42.111453" lon="-8.868073">
        <ele>47.342971</ele>
        <time>2026-08-09T02:17:00.119Z</time>
      </trkpt>
      <trkpt lat="42.111266" lon="-8.867831">
        <ele>49.181573</ele>
        <time>2026-08-09T02:17:33.917Z</time>
      </trkpt>
      <trkpt lat="42.110868" lon="-8.867666">
        <ele>52.300139</ele>
        <time>2026-08-09T02:18:28.851Z</time>
      </trkpt>
      <trkpt lat="42.110536" lon="-8.867443">
        <ele>55.343016</ele>
        <time>2026-08-09T02:19:17.822Z</time>
      </trkpt>
      <trkpt lat="42.110253" lon="-8.867307">
        <ele>57.807667</ele>
        <time>2026-08-09T02:19:57.645Z</time>
      </trkpt>
      <trkpt lat="42.110006" lon="-8.867326">
        <ele>59.837176</ele>
        <time>2026-08-09T02:20:29.320Z</time>
      </trkpt>
      <trkpt lat="42.109803" lon="-8.867270">
        <ele>61.536958</ele>
        <time>2026-08-09T02:20:55.768Z</time>
      </trkpt>
      <trkpt lat="42.109731" lon="-8.867267">
        <ele>62.127876</ele>
        <time>2026-08-09T02:21:04.823Z</time>
      </trkpt>
      <trkpt lat="42.109582" lon="-8.867185">
        <ele>63.448112</ele>
        <time>2026-08-09T02:21:25.222Z</time>
      </trkpt>
      <trkpt lat="42.110061" lon="-8.866826">
        <ele>66.933531</ele>
        <time>2026-08-09T02:22:32.364Z</time>
      </trkpt>
      <trkpt lat="42.110565" lon="-8.866578">
        <ele>69.226380</ele>
        <time>2026-08-09T02:23:34.476Z</time>
      </trkpt>
      <trkpt lat="42.110897" lon="-8.866481">
        <ele>70.678117</ele>
        <time>2026-08-09T02:24:13.025Z</time>
      </trkpt>
      <trkpt lat="42.111362" lon="-8.866442">
        <ele>72.669126</ele>
        <time>2026-08-09T02:25:04.252Z</time>
      </trkpt>
      <trkpt lat="42.111564" lon="-8.866367">
        <ele>73.552542</ele>
        <time>2026-08-09T02:25:27.117Z</time>
      </trkpt>
      <trkpt lat="42.112878" lon="-8.865062">
        <ele>78.602494</ele>
        <time>2026-08-09T02:28:29.514Z</time>
      </trkpt>
      <trkpt lat="42.114090" lon="-8.863506">
        <ele>82.568215</ele>
        <time>2026-08-09T02:31:30.481Z</time>
      </trkpt>
      <trkpt lat="42.114133" lon="-8.863410">
        <ele>82.759112</ele>
        <time>2026-08-09T02:31:39.264Z</time>
      </trkpt>
      <trkpt lat="42.114160" lon="-8.863308">
        <ele>82.943467</ele>
        <time>2026-08-09T02:31:47.868Z</time>
      </trkpt>
      <trkpt lat="42.114153" lon="-8.863138">
        <ele>83.225293</ele>
        <time>2026-08-09T02:32:01.178Z</time>
      </trkpt>
      <trkpt lat="42.114019" lon="-8.862907">
        <ele>83.519907</ele>
        <time>2026-08-09T02:32:24.080Z</time>
      </trkpt>
      <trkpt lat="42.114126" lon="-8.862793">
        <ele>83.704619</ele>
        <time>2026-08-09T02:32:38.733Z</time>
      </trkpt>
      <trkpt lat="42.114560" lon="-8.862355">
        <ele>84.438878</ele>
        <time>2026-08-09T02:33:38.806Z</time>
      </trkpt>
      <trkpt lat="42.114740" lon="-8.862192">
        <ele>84.732559</ele>
        <time>2026-08-09T02:34:02.650Z</time>
      </trkpt>
      <trkpt lat="42.114946" lon="-8.862113">
        <ele>85.022625</ele>
        <time>2026-08-09T02:34:24.050Z</time>
      </trkpt>
      <trkpt lat="42.114956" lon="-8.861924">
        <ele>85.212988</ele>
        <time>2026-08-09T02:34:38.461Z</time>
      </trkpt>
      <trkpt lat="42.115101" lon="-8.861536">
        <ele>85.649470</ele>
        <time>2026-08-09T02:35:11.233Z</time>
      </trkpt>
      <trkpt lat="42.115203" lon="-8.861110">
        <ele>84.949098</ele>
        <time>2026-08-09T02:35:44.517Z</time>
      </trkpt>
      <trkpt lat="42.115221" lon="-8.860866">
        <ele>84.565041</ele>
        <time>2026-08-09T02:36:02.837Z</time>
      </trkpt>
      <trkpt lat="42.115169" lon="-8.860632">
        <ele>84.182440</ele>
        <time>2026-08-09T02:36:21.341Z</time>
      </trkpt>
      <trkpt lat="42.115004" lon="-8.860325">
        <ele>83.588646</ele>
        <time>2026-08-09T02:36:50.557Z</time>
      </trkpt>
      <trkpt lat="42.114858" lon="-8.860224">
        <ele>83.242153</ele>
        <time>2026-08-09T02:37:07.834Z</time>
      </trkpt>
      <trkpt lat="42.114699" lon="-8.860040">
        <ele>82.799697</ele>
        <time>2026-08-09T02:37:29.855Z</time>
      </trkpt>
      <trkpt lat="42.114405" lon="-8.859773">
        <ele>82.051201</ele>
        <time>2026-08-09T02:38:07.127Z</time>
      </trkpt>
      <trkpt lat="42.114095" lon="-8.859624">
        <ele>80.114308</ele>
        <time>2026-08-09T02:38:43.144Z</time>
      </trkpt>
      <trkpt lat="42.113633" lon="-8.859125">
        <ele>75.732564</ele>
        <time>2026-08-09T02:39:51.315Z</time>
      </trkpt>
      <trkpt lat="42.113591" lon="-8.859047">
        <ele>75.203366</ele>
        <time>2026-08-09T02:39:59.639Z</time>
      </trkpt>
      <trkpt lat="42.113536" lon="-8.858800">
        <ele>73.787404</ele>
        <time>2026-08-09T02:40:21.963Z</time>
      </trkpt>
      <trkpt lat="42.113574" lon="-8.858748">
        <ele>73.386625</ele>
        <time>2026-08-09T02:40:28.392Z</time>
      </trkpt>
      <trkpt lat="42.113892" lon="-8.858678">
        <ele>71.001751</ele>
        <time>2026-08-09T02:41:05.993Z</time>
      </trkpt>
      <trkpt lat="42.114119" lon="-8.858565">
        <ele>69.210699</ele>
        <time>2026-08-09T02:41:34.644Z</time>
      </trkpt>
      <trkpt lat="42.114147" lon="-8.858479">
        <ele>68.695032</ele>
        <time>2026-08-09T02:41:43.003Z</time>
      </trkpt>
      <trkpt lat="42.114145" lon="-8.858138">
        <ele>67.002186</ele>
        <time>2026-08-09T02:42:13.273Z</time>
      </trkpt>
      <trkpt lat="42.114187" lon="-8.858071">
        <ele>66.570923</ele>
        <time>2026-08-09T02:42:21.079Z</time>
      </trkpt>
      <trkpt lat="42.114505" lon="-8.858075">
        <ele>64.463254</ele>
        <time>2026-08-09T02:42:58.364Z</time>
      </trkpt>
      <trkpt lat="42.114570" lon="-8.858049">
        <ele>64.013896</ele>
        <time>2026-08-09T02:43:06.073Z</time>
      </trkpt>
      <trkpt lat="42.114610" lon="-8.857954">
        <ele>63.476846</ele>
        <time>2026-08-09T02:43:15.296Z</time>
      </trkpt>
      <trkpt lat="42.114646" lon="-8.857519">
        <ele>61.324951</ele>
        <time>2026-08-09T02:43:51.465Z</time>
      </trkpt>
      <trkpt lat="42.114681" lon="-8.857366">
        <ele>60.537790</ele>
        <time>2026-08-09T02:44:04.443Z</time>
      </trkpt>
      <trkpt lat="42.114763" lon="-8.857241">
        <ele>59.717412</ele>
        <time>2026-08-09T02:44:17.953Z</time>
      </trkpt>
      <trkpt lat="42.114947" lon="-8.857092">
        <ele>58.294829</ele>
        <time>2026-08-09T02:44:41.203Z</time>
      </trkpt>
      <trkpt lat="42.115251" lon="-8.856988">
        <ele>56.230521</ele>
        <time>2026-08-09T02:45:15.662Z</time>
      </trkpt>
      <trkpt lat="42.115346" lon="-8.856911">
        <ele>55.522054</ele>
        <time>2026-08-09T02:45:27.991Z</time>
      </trkpt>
      <trkpt lat="42.115478" lon="-8.856676">
        <ele>54.124539</ele>
        <time>2026-08-09T02:45:52.270Z</time>
      </trkpt>
      <trkpt lat="42.115552" lon="-8.856441">
        <ele>52.914172</ele>
        <time>2026-08-09T02:46:13.350Z</time>
      </trkpt>
      <trkpt lat="42.115860" lon="-8.855794">
        <ele>49.269431</ele>
        <time>2026-08-09T02:47:17.026Z</time>
      </trkpt>
      <trkpt lat="42.115900" lon="-8.855604">
        <ele>48.333068</ele>
        <time>2026-08-09T02:47:33.858Z</time>
      </trkpt>
      <trkpt lat="42.115860" lon="-8.855445">
        <ele>47.537080</ele>
        <time>2026-08-09T02:47:48.476Z</time>
      </trkpt>
      <trkpt lat="42.115546" lon="-8.854683">
        <ele>42.631084</ele>
        <time>2026-08-09T02:49:03.855Z</time>
      </trkpt>
      <trkpt lat="42.115459" lon="-8.854548">
        <ele>41.401691</ele>
        <time>2026-08-09T02:49:19.142Z</time>
      </trkpt>
      <trkpt lat="42.115445" lon="-8.854474">
        <ele>40.876683</ele>
        <time>2026-08-09T02:49:25.553Z</time>
      </trkpt>
      <trkpt lat="42.115501" lon="-8.854390">
        <ele>40.100272</ele>
        <time>2026-08-09T02:49:35.339Z</time>
      </trkpt>
      <trkpt lat="42.115672" lon="-8.854411">
        <ele>38.508956</ele>
        <time>2026-08-09T02:49:55.340Z</time>
      </trkpt>
      <trkpt lat="42.115918" lon="-8.854539">
        <ele>36.065210</ele>
        <time>2026-08-09T02:50:26.686Z</time>
      </trkpt>
      <trkpt lat="42.116160" lon="-8.854752">
        <ele>33.386767</ele>
        <time>2026-08-09T02:51:01.748Z</time>
      </trkpt>
      <trkpt lat="42.116407" lon="-8.854812">
        <ele>31.060813</ele>
        <time>2026-08-09T02:51:32.324Z</time>
      </trkpt>
      <trkpt lat="42.116917" lon="-8.854368">
        <ele>26.050293</ele>
        <time>2026-08-09T02:52:44.746Z</time>
      </trkpt>
      <trkpt lat="42.117096" lon="-8.854238">
        <ele>24.550309</ele>
        <time>2026-08-09T02:53:08.739Z</time>
      </trkpt>
      <trkpt lat="42.117645" lon="-8.854139">
        <ele>20.464059</ele>
        <time>2026-08-09T02:54:14.082Z</time>
      </trkpt>
      <trkpt lat="42.117886" lon="-8.854181">
        <ele>18.671318</ele>
        <time>2026-08-09T02:54:41.641Z</time>
      </trkpt>
      <trkpt lat="42.117951" lon="-8.854258">
        <ele>18.032963</ele>
        <time>2026-08-09T02:54:51.176Z</time>
      </trkpt>
      <trkpt lat="42.118134" lon="-8.854299">
        <ele>16.664387</ele>
        <time>2026-08-09T02:55:11.431Z</time>
      </trkpt>
      <trkpt lat="42.118139" lon="-8.854243">
        <ele>16.355728</ele>
        <time>2026-08-09T02:55:16.012Z</time>
      </trkpt>
      <trkpt lat="42.118148" lon="-8.854177">
        <ele>15.988506</ele>
        <time>2026-08-09T02:55:21.338Z</time>
      </trkpt>
      <trkpt lat="42.118153" lon="-8.854124">
        <ele>15.696140</ele>
        <time>2026-08-09T02:55:25.668Z</time>
      </trkpt>
      <trkpt lat="42.118194" lon="-8.854076">
        <ele>15.295535</ele>
        <time>2026-08-09T02:55:31.474Z</time>
      </trkpt>
      <trkpt lat="42.118232" lon="-8.854036">
        <ele>15.143023</ele>
        <time>2026-08-09T02:55:36.590Z</time>
      </trkpt>
      <trkpt lat="42.118377" lon="-8.854026">
        <ele>14.961059</ele>
        <time>2026-08-09T02:55:52.080Z</time>
      </trkpt>
      <trkpt lat="42.118416" lon="-8.854056">
        <ele>14.904785</ele>
        <time>2026-08-09T02:55:56.882Z</time>
      </trkpt>
      <trkpt lat="42.118459" lon="-8.854087">
        <ele>14.843672</ele>
        <time>2026-08-09T02:56:02.074Z</time>
      </trkpt>
      <trkpt lat="42.118466" lon="-8.854138">
        <ele>14.795456</ele>
        <time>2026-08-09T02:56:06.114Z</time>
      </trkpt>
      <trkpt lat="42.118503" lon="-8.854166">
        <ele>14.742279</ele>
        <time>2026-08-09T02:56:10.542Z</time>
      </trkpt>
      <trkpt lat="42.118980" lon="-8.854122">
        <ele>14.143067</ele>
        <time>2026-08-09T02:56:59.763Z</time>
      </trkpt>
      <trkpt lat="42.119029" lon="-8.853991">
        <ele>14.006678</ele>
        <time>2026-08-09T02:57:10.894Z</time>
      </trkpt>
      <trkpt lat="42.119066" lon="-8.853980">
        <ele>13.959193</ele>
        <time>2026-08-09T02:57:14.686Z</time>
      </trkpt>
      <trkpt lat="42.119098" lon="-8.853964">
        <ele>13.916419</ele>
        <time>2026-08-09T02:57:18.168Z</time>
      </trkpt>
      <trkpt lat="42.119128" lon="-8.854044">
        <ele>13.833085</ele>
        <time>2026-08-09T02:57:24.893Z</time>
      </trkpt>
      <trkpt lat="42.119228" lon="-8.854116">
        <ele>13.691004</ele>
        <time>2026-08-09T02:57:36.276Z</time>
      </trkpt>
      <trkpt lat="42.119459" lon="-8.854105">
        <ele>13.401316</ele>
        <time>2026-08-09T02:57:59.508Z</time>
      </trkpt>
      <trkpt lat="42.119650" lon="-8.854090">
        <ele>13.161534</ele>
        <time>2026-08-09T02:58:18.844Z</time>
      </trkpt>
      <trkpt lat="42.119691" lon="-8.854090">
        <ele>13.110149</ele>
        <time>2026-08-09T02:58:22.995Z</time>
      </trkpt>
      <trkpt lat="42.119743" lon="-8.854002">
        <ele>13.005557</ele>
        <time>2026-08-09T02:58:31.471Z</time>
      </trkpt>
      <trkpt lat="42.119821" lon="-8.853949">
        <ele>12.933647</ele>
        <time>2026-08-09T02:58:40.423Z</time>
      </trkpt>
      <trkpt lat="42.119829" lon="-8.853894">
        <ele>12.938583</ele>
        <time>2026-08-09T02:58:44.678Z</time>
      </trkpt>
      <trkpt lat="42.119868" lon="-8.853903">
        <ele>12.943281</ele>
        <time>2026-08-09T02:58:48.709Z</time>
      </trkpt>
      <trkpt lat="42.119921" lon="-8.853914">
        <ele>12.949648</ele>
        <time>2026-08-09T02:58:54.206Z</time>
      </trkpt>
      <trkpt lat="42.120034" lon="-8.854089">
        <ele>12.970082</ele>
        <time>2026-08-09T02:59:11.854Z</time>
      </trkpt>
      <trkpt lat="42.121259" lon="-8.854010">
        <ele>13.115695</ele>
        <time>2026-08-09T03:01:15.789Z</time>
      </trkpt>
      <trkpt lat="42.121306" lon="-8.854002">
        <ele>13.121319</ele>
        <time>2026-08-09T03:01:20.583Z</time>
      </trkpt>
      <trkpt lat="42.121401" lon="-8.853251">
        <ele>12.455203</ele>
        <time>2026-08-09T03:02:17.728Z</time>
      </trkpt>
      <trkpt lat="42.121501" lon="-8.852588">
        <ele>11.532158</ele>
        <time>2026-08-09T03:03:09.302Z</time>
      </trkpt>
      <trkpt lat="42.121525" lon="-8.852432">
        <ele>11.314797</ele>
        <time>2026-08-09T03:03:21.546Z</time>
      </trkpt>
      <trkpt lat="42.121539" lon="-8.852338">
        <ele>11.183993</ele>
        <time>2026-08-09T03:03:29.012Z</time>
      </trkpt>
      <trkpt lat="42.121543" lon="-8.852272">
        <ele>11.093649</ele>
        <time>2026-08-09T03:03:34.045Z</time>
      </trkpt>
      <trkpt lat="42.121142" lon="-8.851321">
        <ele>9.562348</ele>
        <time>2026-08-09T03:05:00.618Z</time>
      </trkpt>
      <trkpt lat="42.121358" lon="-8.851159">
        <ele>9.032358</ele>
        <time>2026-08-09T03:05:27.169Z</time>
      </trkpt>
      <trkpt lat="42.121338" lon="-8.851103">
        <ele>8.933508</ele>
        <time>2026-08-09T03:05:32.024Z</time>
      </trkpt>
      <trkpt lat="42.121400" lon="-8.851047">
        <ele>8.773490</ele>
        <time>2026-08-09T03:05:40.123Z</time>
      </trkpt>
      <trkpt lat="42.121167" lon="-8.850515">
        <ele>7.790897</ele>
        <time>2026-08-09T03:06:29.178Z</time>
      </trkpt>
      <trkpt lat="42.121142" lon="-8.850463">
        <ele>7.692341</ele>
        <time>2026-08-09T03:06:33.935Z</time>
      </trkpt>
      <trkpt lat="42.121114" lon="-8.850391">
        <ele>7.563046</ele>
        <time>2026-08-09T03:06:40.225Z</time>
      </trkpt>
      <trkpt lat="42.120953" lon="-8.850127">
        <ele>7.019477</ele>
        <time>2026-08-09T03:07:06.645Z</time>
      </trkpt>
      <trkpt lat="42.120845" lon="-8.850001">
        <ele>6.713234</ele>
        <time>2026-08-09T03:07:21.392Z</time>
      </trkpt>
      <trkpt lat="42.120577" lon="-8.849669">
        <ele>6.006482</ele>
        <time>2026-08-09T03:07:58.111Z</time>
      </trkpt>
      <trkpt lat="42.120523" lon="-8.849601">
        <ele>6.101218</ele>
        <time>2026-08-09T03:08:05.552Z</time>
      </trkpt>
      <trkpt lat="42.120496" lon="-8.849674">
        <ele>6.178791</ele>
        <time>2026-08-09T03:08:11.817Z</time>
      </trkpt>
      <trkpt lat="42.120441" lon="-8.849658">
        <ele>6.250929</ele>
        <time>2026-08-09T03:08:17.549Z</time>
      </trkpt>
      <trkpt lat="42.120021" lon="-8.849566">
        <ele>6.796467</ele>
        <time>2026-08-09T03:09:01.897Z</time>
      </trkpt>
      <trkpt lat="42.119935" lon="-8.849507">
        <ele>6.920181</ele>
        <time>2026-08-09T03:09:11.903Z</time>
      </trkpt>
      <trkpt lat="42.119912" lon="-8.849485">
        <ele>6.956337</ele>
        <time>2026-08-09T03:09:14.775Z</time>
      </trkpt>
      <trkpt lat="42.119706" lon="-8.849278">
        <ele>7.285738</ele>
        <time>2026-08-09T03:09:41.605Z</time>
      </trkpt>
      <trkpt lat="42.119684" lon="-8.849234">
        <ele>7.336200</ele>
        <time>2026-08-09T03:09:45.821Z</time>
      </trkpt>
      <trkpt lat="42.119460" lon="-8.848897">
        <ele>7.766532</ele>
        <time>2026-08-09T03:10:21.572Z</time>
      </trkpt>
      <trkpt lat="42.119261" lon="-8.848635">
        <ele>8.123147</ele>
        <time>2026-08-09T03:10:51.040Z</time>
      </trkpt>
      <trkpt lat="42.119015" lon="-8.848209">
        <ele>9.877588</ele>
        <time>2026-08-09T03:11:34.005Z</time>
      </trkpt>
      <trkpt lat="42.118996" lon="-8.848166">
        <ele>10.093181</ele>
        <time>2026-08-09T03:11:38.196Z</time>
      </trkpt>
      <trkpt lat="42.118945" lon="-8.848054">
        <ele>10.659268</ele>
        <time>2026-08-09T03:11:49.111Z</time>
      </trkpt>
      <trkpt lat="42.118814" lon="-8.847893">
        <ele>11.688663</ele>
        <time>2026-08-09T03:12:09.392Z</time>
      </trkpt>
      <trkpt lat="42.118531" lon="-8.847664">
        <ele>13.605382</ele>
        <time>2026-08-09T03:12:48.285Z</time>
      </trkpt>
      <trkpt lat="42.118446" lon="-8.847627">
        <ele>14.124078</ele>
        <time>2026-08-09T03:12:59.013Z</time>
      </trkpt>
      <trkpt lat="42.118333" lon="-8.847528">
        <ele>14.906673</ele>
        <time>2026-08-09T03:13:15.335Z</time>
      </trkpt>
      <trkpt lat="42.117814" lon="-8.847477">
        <ele>17.928559</ele>
        <time>2026-08-09T03:14:22.067Z</time>
      </trkpt>
      <trkpt lat="42.117709" lon="-8.847449">
        <ele>18.550120</ele>
        <time>2026-08-09T03:14:36.322Z</time>
      </trkpt>
      <trkpt lat="42.117672" lon="-8.847259">
        <ele>19.468942</ele>
        <time>2026-08-09T03:14:55.701Z</time>
      </trkpt>
      <trkpt lat="42.117594" lon="-8.847072">
        <ele>20.493822</ele>
        <time>2026-08-09T03:15:17.050Z</time>
      </trkpt>
      <trkpt lat="42.117293" lon="-8.846555">
        <ele>23.633521</ele>
        <time>2026-08-09T03:16:21.755Z</time>
      </trkpt>
      <trkpt lat="42.117064" lon="-8.846294">
        <ele>25.564763</ele>
        <time>2026-08-09T03:16:59.165Z</time>
      </trkpt>
      <trkpt lat="42.116964" lon="-8.845921">
        <ele>27.459473</ele>
        <time>2026-08-09T03:17:32.802Z</time>
      </trkpt>
      <trkpt lat="42.116732" lon="-8.845519">
        <ele>29.892686</ele>
        <time>2026-08-09T03:18:16.182Z</time>
      </trkpt>
      <trkpt lat="42.116687" lon="-8.845393">
        <ele>30.232803</ele>
        <time>2026-08-09T03:18:28.104Z</time>
      </trkpt>
      <trkpt lat="42.116589" lon="-8.845273">
        <ele>29.954431</ele>
        <time>2026-08-09T03:18:42.884Z</time>
      </trkpt>
      <trkpt lat="42.116767" lon="-8.844852">
        <ele>29.198620</ele>
        <time>2026-08-09T03:19:18.911Z</time>
      </trkpt>
      <trkpt lat="42.116406" lon="-8.844660">
        <ele>28.382626</ele>
        <time>2026-08-09T03:20:00.699Z</time>
      </trkpt>
      <trkpt lat="42.116347" lon="-8.844591">
        <ele>28.218394</ele>
        <time>2026-08-09T03:20:09.420Z</time>
      </trkpt>
      <trkpt lat="42.116270" lon="-8.844435">
        <ele>27.926135</ele>
        <time>2026-08-09T03:20:24.838Z</time>
      </trkpt>
      <trkpt lat="42.116223" lon="-8.844339">
        <ele>27.746730</ele>
        <time>2026-08-09T03:20:34.380Z</time>
      </trkpt>
      <trkpt lat="42.116137" lon="-8.844037">
        <ele>27.242179</ele>
        <time>2026-08-09T03:21:00.428Z</time>
      </trkpt>
      <trkpt lat="42.116173" lon="-8.843975">
        <ele>27.119373</ele>
        <time>2026-08-09T03:21:06.644Z</time>
      </trkpt>
      <trkpt lat="42.116067" lon="-8.843556">
        <ele>26.311629</ele>
        <time>2026-08-09T03:21:40.626Z</time>
      </trkpt>
      <trkpt lat="42.115892" lon="-8.843246">
        <ele>25.010367</ele>
        <time>2026-08-09T03:22:12.158Z</time>
      </trkpt>
      <trkpt lat="42.115703" lon="-8.843013">
        <ele>23.857067</ele>
        <time>2026-08-09T03:22:41.252Z</time>
      </trkpt>
      <trkpt lat="42.115672" lon="-8.843055">
        <ele>23.659153</ele>
        <time>2026-08-09T03:22:46.205Z</time>
      </trkpt>
      <trkpt lat="42.115637" lon="-8.843124">
        <ele>23.379933</ele>
        <time>2026-08-09T03:22:53.160Z</time>
      </trkpt>
      <trkpt lat="42.115541" lon="-8.843076">
        <ele>22.918860</ele>
        <time>2026-08-09T03:23:04.717Z</time>
      </trkpt>
      <trkpt lat="42.115516" lon="-8.843027">
        <ele>22.720204</ele>
        <time>2026-08-09T03:23:09.592Z</time>
      </trkpt>
      <trkpt lat="42.115341" lon="-8.842901">
        <ele>21.826808</ele>
        <time>2026-08-09T03:23:31.315Z</time>
      </trkpt>
      <trkpt lat="42.115280" lon="-8.842857">
        <ele>21.515270</ele>
        <time>2026-08-09T03:23:38.697Z</time>
      </trkpt>
      <trkpt lat="42.115297" lon="-8.842818">
        <ele>21.364168</ele>
        <time>2026-08-09T03:23:42.344Z</time>
      </trkpt>
      <trkpt lat="42.115317" lon="-8.842771">
        <ele>21.183172</ele>
        <time>2026-08-09T03:23:46.662Z</time>
      </trkpt>
      <trkpt lat="42.115398" lon="-8.842763">
        <ele>20.817443</ele>
        <time>2026-08-09T03:23:55.264Z</time>
      </trkpt>
      <trkpt lat="42.115290" lon="-8.842539">
        <ele>19.925036</ele>
        <time>2026-08-09T03:24:16.374Z</time>
      </trkpt>
      <trkpt lat="42.114651" lon="-8.842117">
        <ele>17.178217</ele>
        <time>2026-08-09T03:25:34.470Z</time>
      </trkpt>
      <trkpt lat="42.114210" lon="-8.841670">
        <ele>15.357695</ele>
        <time>2026-08-09T03:26:35.595Z</time>
      </trkpt>
      <trkpt lat="42.114097" lon="-8.841589">
        <ele>14.935416</ele>
        <time>2026-08-09T03:26:49.349Z</time>
      </trkpt>
      <trkpt lat="42.114116" lon="-8.841510">
        <ele>14.732145</ele>
        <time>2026-08-09T03:26:56.075Z</time>
      </trkpt>
      <trkpt lat="42.114127" lon="-8.841435">
        <ele>14.545020</ele>
        <time>2026-08-09T03:27:02.167Z</time>
      </trkpt>
      <trkpt lat="42.113724" lon="-8.841203">
        <ele>13.099137</ele>
        <time>2026-08-09T03:27:48.218Z</time>
      </trkpt>
      <trkpt lat="42.113519" lon="-8.841025">
        <ele>12.638271</ele>
        <time>2026-08-09T03:28:12.684Z</time>
      </trkpt>
      <trkpt lat="42.113163" lon="-8.840647">
        <ele>13.675783</ele>
        <time>2026-08-09T03:29:00.149Z</time>
      </trkpt>
      <trkpt lat="42.113134" lon="-8.840668">
        <ele>13.751150</ele>
        <time>2026-08-09T03:29:03.780Z</time>
      </trkpt>
      <trkpt lat="42.113109" lon="-8.840694">
        <ele>13.823440</ele>
        <time>2026-08-09T03:29:07.211Z</time>
      </trkpt>
      <trkpt lat="42.112948" lon="-8.840462">
        <ele>14.362995</ele>
        <time>2026-08-09T03:29:32.743Z</time>
      </trkpt>
      <trkpt lat="42.112860" lon="-8.840255">
        <ele>14.768194</ele>
        <time>2026-08-09T03:29:52.239Z</time>
      </trkpt>
      <trkpt lat="42.112831" lon="-8.840036">
        <ele>15.146016</ele>
        <time>2026-08-09T03:30:11.007Z</time>
      </trkpt>
      <trkpt lat="42.112819" lon="-8.839600">
        <ele>15.887015</ele>
        <time>2026-08-09T03:30:47.858Z</time>
      </trkpt>
      <trkpt lat="42.112867" lon="-8.839443">
        <ele>16.175417</ele>
        <time>2026-08-09T03:31:02.264Z</time>
      </trkpt>
      <trkpt lat="42.112915" lon="-8.839011">
        <ele>16.961404</ele>
        <time>2026-08-09T03:31:39.196Z</time>
      </trkpt>
      <trkpt lat="42.112911" lon="-8.838915">
        <ele>17.148560</ele>
        <time>2026-08-09T03:31:47.056Z</time>
      </trkpt>
      <trkpt lat="42.112833" lon="-8.838619">
        <ele>17.759990</ele>
        <time>2026-08-09T03:32:12.703Z</time>
      </trkpt>
      <trkpt lat="42.112762" lon="-8.838175">
        <ele>18.644080</ele>
        <time>2026-08-09T03:32:48.801Z</time>
      </trkpt>
      <trkpt lat="42.112691" lon="-8.838047">
        <ele>18.955179</ele>
        <time>2026-08-09T03:33:01.790Z</time>
      </trkpt>
      <trkpt lat="42.112574" lon="-8.837936">
        <ele>19.330585</ele>
        <time>2026-08-09T03:33:17.656Z</time>
      </trkpt>
      <trkpt lat="42.112498" lon="-8.837909">
        <ele>19.536811</ele>
        <time>2026-08-09T03:33:26.356Z</time>
      </trkpt>
      <trkpt lat="42.111922" lon="-8.837803">
        <ele>21.062201</ele>
        <time>2026-08-09T03:34:30.463Z</time>
      </trkpt>
      <trkpt lat="42.111612" lon="-8.837628">
        <ele>21.565323</ele>
        <time>2026-08-09T03:35:05.645Z</time>
      </trkpt>
      <trkpt lat="42.111502" lon="-8.837532">
        <ele>21.695404</ele>
        <time>2026-08-09T03:35:19.005Z</time>
      </trkpt>
      <trkpt lat="42.111298" lon="-8.837165">
        <ele>22.033116</ele>
        <time>2026-08-09T03:35:53.639Z</time>
      </trkpt>
      <trkpt lat="42.111101" lon="-8.836795">
        <ele>22.368500</ele>
        <time>2026-08-09T03:36:28.914Z</time>
      </trkpt>
      <trkpt lat="42.111159" lon="-8.836713">
        <ele>22.451934</ele>
        <time>2026-08-09T03:36:37.818Z</time>
      </trkpt>
      <trkpt lat="42.110997" lon="-8.836314">
        <ele>22.786889</ele>
        <time>2026-08-09T03:37:12.922Z</time>
      </trkpt>
      <trkpt lat="42.110867" lon="-8.836134">
        <ele>22.971886</ele>
        <time>2026-08-09T03:37:31.877Z</time>
      </trkpt>
      <trkpt lat="42.110840" lon="-8.836178">
        <ele>23.013936</ele>
        <time>2026-08-09T03:37:36.170Z</time>
      </trkpt>
      <trkpt lat="42.110791" lon="-8.836124">
        <ele>23.076764</ele>
        <time>2026-08-09T03:37:42.609Z</time>
      </trkpt>
      <trkpt lat="42.110738" lon="-8.836063">
        <ele>23.091035</ele>
        <time>2026-08-09T03:37:49.566Z</time>
      </trkpt>
      <trkpt lat="42.110763" lon="-8.836028">
        <ele>23.050180</ele>
        <time>2026-08-09T03:37:53.168Z</time>
      </trkpt>
      <trkpt lat="42.110488" lon="-8.835648">
        <ele>22.603793</ele>
        <time>2026-08-09T03:38:32.728Z</time>
      </trkpt>
      <trkpt lat="42.110462" lon="-8.835685">
        <ele>22.560939</ele>
        <time>2026-08-09T03:38:36.487Z</time>
      </trkpt>
      <trkpt lat="42.110384" lon="-8.835512">
        <ele>22.390708</ele>
        <time>2026-08-09T03:38:51.568Z</time>
      </trkpt>
      <trkpt lat="42.110349" lon="-8.835033">
        <ele>21.985979</ele>
        <time>2026-08-09T03:39:27.670Z</time>
      </trkpt>
      <trkpt lat="42.110307" lon="-8.835036">
        <ele>21.938306</ele>
        <time>2026-08-09T03:39:31.870Z</time>
      </trkpt>
      <trkpt lat="42.110315" lon="-8.833999">
        <ele>21.028390</ele>
        <time>2026-08-09T03:40:52.549Z</time>
      </trkpt>
      <trkpt lat="42.110262" lon="-8.833668">
        <ele>20.039380</ele>
        <time>2026-08-09T03:41:19.863Z</time>
      </trkpt>
      <trkpt lat="42.110206" lon="-8.833450">
        <ele>19.365578</ele>
        <time>2026-08-09T03:41:38.643Z</time>
      </trkpt>
      <trkpt lat="42.110164" lon="-8.833370">
        <ele>19.079332</ele>
        <time>2026-08-09T03:41:46.718Z</time>
      </trkpt>
      <trkpt lat="42.110010" lon="-8.833171">
        <ele>18.239443</ele>
        <time>2026-08-09T03:42:10.263Z</time>
      </trkpt>
      <trkpt lat="42.109812" lon="-8.832972">
        <ele>17.267085</ele>
        <time>2026-08-09T03:42:37.287Z</time>
      </trkpt>
      <trkpt lat="42.109616" lon="-8.832659">
        <ele>16.070765</ele>
        <time>2026-08-09T03:43:10.396Z</time>
      </trkpt>
      <trkpt lat="42.109588" lon="-8.832568">
        <ele>15.783026</ele>
        <time>2026-08-09T03:43:18.262Z</time>
      </trkpt>
      <trkpt lat="42.109561" lon="-8.832571">
        <ele>15.676366</ele>
        <time>2026-08-09T03:43:21.164Z</time>
      </trkpt>
      <trkpt lat="42.109550" lon="-8.832278">
        <ele>14.819499</ele>
        <time>2026-08-09T03:43:44.818Z</time>
      </trkpt>
      <trkpt lat="42.109515" lon="-8.832276">
        <ele>14.681580</ele>
        <time>2026-08-09T03:43:48.511Z</time>
      </trkpt>
      <trkpt lat="42.109569" lon="-8.831942">
        <ele>13.817247</ele>
        <time>2026-08-09T03:44:15.624Z</time>
      </trkpt>
      <trkpt lat="42.109543" lon="-8.831912">
        <ele>13.739471</ele>
        <time>2026-08-09T03:44:19.273Z</time>
      </trkpt>
      <trkpt lat="42.109488" lon="-8.831848">
        <ele>13.574353</ele>
        <time>2026-08-09T03:44:26.821Z</time>
      </trkpt>
      <trkpt lat="42.109510" lon="-8.831578">
        <ele>13.116423</ele>
        <time>2026-08-09T03:44:48.245Z</time>
      </trkpt>
      <trkpt lat="42.109485" lon="-8.830998">
        <ele>12.136952</ele>
        <time>2026-08-09T03:45:33.540Z</time>
      </trkpt>
      <trkpt lat="42.109519" lon="-8.830981">
        <ele>12.054542</ele>
        <time>2026-08-09T03:45:37.450Z</time>
      </trkpt>
      <trkpt lat="42.109504" lon="-8.830726">
        <ele>11.623288</ele>
        <time>2026-08-09T03:45:56.851Z</time>
      </trkpt>
      <trkpt lat="42.109530" lon="-8.830411">
        <ele>11.088953</ele>
        <time>2026-08-09T03:46:20.868Z</time>
      </trkpt>
      <trkpt lat="42.109688" lon="-8.829702">
        <ele>9.843185</ele>
        <time>2026-08-09T03:47:18.101Z</time>
      </trkpt>
      <trkpt lat="42.109663" lon="-8.829444">
        <ele>9.418531</ele>
        <time>2026-08-09T03:47:38.274Z</time>
      </trkpt>
      <trkpt lat="42.109667" lon="-8.829389">
        <ele>9.328336</ele>
        <time>2026-08-09T03:47:42.570Z</time>
      </trkpt>
      <trkpt lat="42.109572" lon="-8.829137">
        <ele>8.866994</ele>
        <time>2026-08-09T03:48:04.760Z</time>
      </trkpt>
      <trkpt lat="42.109538" lon="-8.828956">
        <ele>8.562263</ele>
        <time>2026-08-09T03:48:19.427Z</time>
      </trkpt>
      <trkpt lat="42.109388" lon="-8.828672">
        <ele>7.993279</ele>
        <time>2026-08-09T03:48:46.726Z</time>
      </trkpt>
      <trkpt lat="42.109343" lon="-8.828395">
        <ele>7.530477</ele>
        <time>2026-08-09T03:49:08.704Z</time>
      </trkpt>
      <trkpt lat="42.109341" lon="-8.828073">
        <ele>7.004924</ele>
        <time>2026-08-09T03:49:33.603Z</time>
      </trkpt>
      <trkpt lat="42.109358" lon="-8.828014">
        <ele>6.901623</ele>
        <time>2026-08-09T03:49:38.526Z</time>
      </trkpt>
      <trkpt lat="42.109397" lon="-8.827968">
        <ele>6.787614</ele>
        <time>2026-08-09T03:49:43.959Z</time>
      </trkpt>
      <trkpt lat="42.109454" lon="-8.827956">
        <ele>6.660695</ele>
        <time>2026-08-09T03:49:49.998Z</time>
      </trkpt>
      <trkpt lat="42.109549" lon="-8.827940">
        <ele>6.450072</ele>
        <time>2026-08-09T03:50:00.114Z</time>
      </trkpt>
      <trkpt lat="42.109611" lon="-8.827970">
        <ele>6.305151</ele>
        <time>2026-08-09T03:50:07.000Z</time>
      </trkpt>
      <trkpt lat="42.109633" lon="-8.827889">
        <ele>6.164371</ele>
        <time>2026-08-09T03:50:13.662Z</time>
      </trkpt>
      <trkpt lat="42.109649" lon="-8.827822">
        <ele>6.049495</ele>
        <time>2026-08-09T03:50:19.173Z</time>
      </trkpt>
      <trkpt lat="42.109659" lon="-8.827786">
        <ele>5.986757</ele>
        <time>2026-08-09T03:50:22.169Z</time>
      </trkpt>
      <trkpt lat="42.109538" lon="-8.827638">
        <ele>5.805236</ele>
        <time>2026-08-09T03:50:39.182Z</time>
      </trkpt>
      <trkpt lat="42.109475" lon="-8.827602">
        <ele>5.736217</ele>
        <time>2026-08-09T03:50:46.235Z</time>
      </trkpt>
      <trkpt lat="42.109469" lon="-8.827547">
        <ele>5.694619</ele>
        <time>2026-08-09T03:50:50.493Z</time>
      </trkpt>
      <trkpt lat="42.109431" lon="-8.827541">
        <ele>5.656028</ele>
        <time>2026-08-09T03:50:54.374Z</time>
      </trkpt>
      <trkpt lat="42.109538" lon="-8.826703">
        <ele>5.019748</ele>
        <time>2026-08-09T03:51:58.800Z</time>
      </trkpt>
      <trkpt lat="42.109527" lon="-8.826440">
        <ele>4.822637</ele>
        <time>2026-08-09T03:52:18.633Z</time>
      </trkpt>
      <trkpt lat="42.109525" lon="-8.826389">
        <ele>4.784422</ele>
        <time>2026-08-09T03:52:22.519Z</time>
      </trkpt>
      <trkpt lat="42.109537" lon="-8.825969">
        <ele>4.469911</ele>
        <time>2026-08-09T03:52:54.119Z</time>
      </trkpt>
      <trkpt lat="42.109624" lon="-8.825449">
        <ele>4.121527</ele>
        <time>2026-08-09T03:53:34.077Z</time>
      </trkpt>
      <trkpt lat="42.109696" lon="-8.825153">
        <ele>4.055029</ele>
        <time>2026-08-09T03:53:57.254Z</time>
      </trkpt>
      <trkpt lat="42.109835" lon="-8.824767">
        <ele>3.963434</ele>
        <time>2026-08-09T03:54:29.344Z</time>
      </trkpt>
      <trkpt lat="42.109926" lon="-8.824108">
        <ele>3.820339</ele>
        <time>2026-08-09T03:55:19.450Z</time>
      </trkpt>
      <trkpt lat="42.110025" lon="-8.823978">
        <ele>3.780569</ele>
        <time>2026-08-09T03:55:33.346Z</time>
      </trkpt>
      <trkpt lat="42.110078" lon="-8.824006">
        <ele>3.764188</ele>
        <time>2026-08-09T03:55:39.110Z</time>
      </trkpt>
      <trkpt lat="42.110050" lon="-8.823798">
        <ele>3.719061</ele>
        <time>2026-08-09T03:55:54.911Z</time>
      </trkpt>
      <trkpt lat="42.110004" lon="-8.823804">
        <ele>3.705763</ele>
        <time>2026-08-09T03:55:59.593Z</time>
      </trkpt>
      <trkpt lat="42.110038" lon="-8.823061">
        <ele>3.675239</ele>
        <time>2026-08-09T03:56:55.046Z</time>
      </trkpt>
      <trkpt lat="42.110096" lon="-8.823067">
        <ele>3.686314</ele>
        <time>2026-08-09T03:57:00.823Z</time>
      </trkpt>
      <trkpt lat="42.110098" lon="-8.823029">
        <ele>3.691695</ele>
        <time>2026-08-09T03:57:03.649Z</time>
      </trkpt>
      <trkpt lat="42.110112" lon="-8.822699">
        <ele>3.738381</ele>
        <time>2026-08-09T03:57:28.238Z</time>
      </trkpt>
      <trkpt lat="42.110116" lon="-8.822645">
        <ele>3.746046</ele>
        <time>2026-08-09T03:57:32.257Z</time>
      </trkpt>
      <trkpt lat="42.110111" lon="-8.822600">
        <ele>3.752472</ele>
        <time>2026-08-09T03:57:35.698Z</time>
      </trkpt>
      <trkpt lat="42.110263" lon="-8.821500">
        <ele>3.910510</ele>
        <time>2026-08-09T03:58:59.080Z</time>
      </trkpt>
      <trkpt lat="42.110318" lon="-8.821132">
        <ele>3.963531</ele>
        <time>2026-08-09T03:59:27.485Z</time>
      </trkpt>
      <trkpt lat="42.110278" lon="-8.821124">
        <ele>4.025899</ele>
        <time>2026-08-09T03:59:31.618Z</time>
      </trkpt>
      <trkpt lat="42.110230" lon="-8.821119">
        <ele>4.142335</ele>
        <time>2026-08-09T03:59:36.569Z</time>
      </trkpt>
      <trkpt lat="42.110246" lon="-8.820965">
        <ele>4.421340</ele>
        <time>2026-08-09T03:59:48.455Z</time>
      </trkpt>
      <trkpt lat="42.110223" lon="-8.820943">
        <ele>4.489548</ele>
        <time>2026-08-09T03:59:51.352Z</time>
      </trkpt>
      <trkpt lat="42.110217" lon="-8.820866">
        <ele>4.628463</ele>
        <time>2026-08-09T03:59:57.328Z</time>
      </trkpt>
      <trkpt lat="42.110211" lon="-8.820786">
        <ele>4.772731</ele>
        <time>2026-08-09T04:00:03.497Z</time>
      </trkpt>
      <trkpt lat="42.110185" lon="-8.820618">
        <ele>5.080648</ele>
        <time>2026-08-09T04:00:16.800Z</time>
      </trkpt>
      <trkpt lat="42.110179" lon="-8.820421">
        <ele>5.434406</ele>
        <time>2026-08-09T04:00:32.149Z</time>
      </trkpt>
      <trkpt lat="42.110217" lon="-8.820191">
        <ele>5.857185</ele>
        <time>2026-08-09T04:00:50.627Z</time>
      </trkpt>
      <trkpt lat="42.110227" lon="-8.820123">
        <ele>5.981565</ele>
        <time>2026-08-09T04:00:56.138Z</time>
      </trkpt>
      <trkpt lat="42.110242" lon="-8.819551">
        <ele>7.008495</ele>
        <time>2026-08-09T04:01:42.178Z</time>
      </trkpt>
      <trkpt lat="42.110215" lon="-8.819188">
        <ele>7.663059</ele>
        <time>2026-08-09T04:02:12.240Z</time>
      </trkpt>
      <trkpt lat="42.110163" lon="-8.818810">
        <ele>8.426675</ele>
        <time>2026-08-09T04:02:44.937Z</time>
      </trkpt>
      <trkpt lat="42.110035" lon="-8.818243">
        <ele>11.660467</ele>
        <time>2026-08-09T04:03:37.189Z</time>
      </trkpt>
      <trkpt lat="42.109902" lon="-8.817895">
        <ele>13.796424</ele>
        <time>2026-08-09T04:04:12.779Z</time>
      </trkpt>
      <trkpt lat="42.109844" lon="-8.817308">
        <ele>17.027568</ele>
        <time>2026-08-09T04:05:08.444Z</time>
      </trkpt>
      <trkpt lat="42.109837" lon="-8.816905">
        <ele>19.227069</ele>
        <time>2026-08-09T04:05:47.549Z</time>
      </trkpt>
      <trkpt lat="42.109801" lon="-8.816751">
        <ele>20.108073</ele>
        <time>2026-08-09T04:06:03.494Z</time>
      </trkpt>
      <trkpt lat="42.109509" lon="-8.816561">
        <ele>22.487228</ele>
        <time>2026-08-09T04:06:46.934Z</time>
      </trkpt>
      <trkpt lat="42.109454" lon="-8.816488">
        <ele>23.051574</ele>
        <time>2026-08-09T04:06:57.183Z</time>
      </trkpt>
      <trkpt lat="42.109436" lon="-8.816401">
        <ele>23.541474</ele>
        <time>2026-08-09T04:07:06.134Z</time>
      </trkpt>
      <trkpt lat="42.109417" lon="-8.815505">
        <ele>28.403415</ele>
        <time>2026-08-09T04:08:34.351Z</time>
      </trkpt>
      <trkpt lat="42.109394" lon="-8.815408">
        <ele>28.955769</ele>
        <time>2026-08-09T04:08:43.975Z</time>
      </trkpt>
      <trkpt lat="42.109383" lon="-8.815354">
        <ele>29.259510</ele>
        <time>2026-08-09T04:08:49.318Z</time>
      </trkpt>
      <trkpt lat="42.109231" lon="-8.815029">
        <ele>31.343399</ele>
        <time>2026-08-09T04:09:24.485Z</time>
      </trkpt>
      <trkpt lat="42.109116" lon="-8.814775">
        <ele>32.957419</ele>
        <time>2026-08-09T04:09:50.617Z</time>
      </trkpt>
      <trkpt lat="42.108959" lon="-8.814518">
        <ele>34.685797</ele>
        <time>2026-08-09T04:10:18.634Z</time>
      </trkpt>
      <trkpt lat="42.109505" lon="-8.814482">
        <ele>34.073272</ele>
        <time>2026-08-09T04:11:15.818Z</time>
      </trkpt>
      <trkpt lat="42.109728" lon="-8.814324">
        <ele>33.790985</ele>
        <time>2026-08-09T04:11:41.352Z</time>
      </trkpt>
      <trkpt lat="42.109860" lon="-8.813651">
        <ele>33.212327</ele>
        <time>2026-08-09T04:12:36.262Z</time>
      </trkpt>
      <trkpt lat="42.109919" lon="-8.813584">
        <ele>33.125884</ele>
        <time>2026-08-09T04:12:44.573Z</time>
      </trkpt>
      <trkpt lat="42.110329" lon="-8.813468">
        <ele>32.591420</ele>
        <time>2026-08-09T04:13:29.830Z</time>
      </trkpt>
      <trkpt lat="42.111016" lon="-8.813465">
        <ele>29.755239</ele>
        <time>2026-08-09T04:14:44.302Z</time>
      </trkpt>
      <trkpt lat="42.111547" lon="-8.813519">
        <ele>27.556863</ele>
        <time>2026-08-09T04:15:42.227Z</time>
      </trkpt>
      <trkpt lat="42.111644" lon="-8.813472">
        <ele>27.131330</ele>
        <time>2026-08-09T04:15:53.372Z</time>
      </trkpt>
      <trkpt lat="42.111939" lon="-8.813315">
        <ele>25.821991</ele>
        <time>2026-08-09T04:16:27.752Z</time>
      </trkpt>
      <trkpt lat="42.112521" lon="-8.812592">
        <ele>21.236870</ele>
        <time>2026-08-09T04:17:53.937Z</time>
      </trkpt>
      <trkpt lat="42.112610" lon="-8.812525">
        <ele>20.610696</ele>
        <time>2026-08-09T04:18:05.227Z</time>
      </trkpt>
      <trkpt lat="42.112732" lon="-8.812498">
        <ele>19.851253</ele>
        <time>2026-08-09T04:18:19.126Z</time>
      </trkpt>
      <trkpt lat="42.113044" lon="-8.812479">
        <ele>17.932775</ele>
        <time>2026-08-09T04:18:54.900Z</time>
      </trkpt>
      <trkpt lat="42.113272" lon="-8.812439">
        <ele>16.520427</ele>
        <time>2026-08-09T04:19:21.361Z</time>
      </trkpt>
      <trkpt lat="42.113477" lon="-8.812367">
        <ele>15.219134</ele>
        <time>2026-08-09T04:19:45.957Z</time>
      </trkpt>
      <trkpt lat="42.113767" lon="-8.812486">
        <ele>13.408295</ele>
        <time>2026-08-09T04:20:21.122Z</time>
      </trkpt>
      <trkpt lat="42.114107" lon="-8.812351">
        <ele>11.362378</ele>
        <time>2026-08-09T04:21:02.130Z</time>
      </trkpt>
      <trkpt lat="42.114333" lon="-8.812305">
        <ele>10.043070</ele>
        <time>2026-08-09T04:21:28.564Z</time>
      </trkpt>
      <trkpt lat="42.114786" lon="-8.812660">
        <ele>7.018528</ele>
        <time>2026-08-09T04:22:28.150Z</time>
      </trkpt>
      <trkpt lat="42.114995" lon="-8.812834">
        <ele>5.600616</ele>
        <time>2026-08-09T04:22:55.058Z</time>
      </trkpt>
      <trkpt lat="42.115068" lon="-8.812799">
        <ele>5.153387</ele>
        <time>2026-08-09T04:23:03.409Z</time>
      </trkpt>
      <trkpt lat="42.115834" lon="-8.812419">
        <ele>4.045811</ele>
        <time>2026-08-09T04:24:27.147Z</time>
      </trkpt>
      <trkpt lat="42.116213" lon="-8.812511">
        <ele>4.191182</ele>
        <time>2026-08-09T04:25:06.289Z</time>
      </trkpt>
      <trkpt lat="42.116183" lon="-8.812271">
        <ele>4.259335</ele>
        <time>2026-08-09T04:25:24.947Z</time>
      </trkpt>
      <trkpt lat="42.116152" lon="-8.812176">
        <ele>4.288397</ele>
        <time>2026-08-09T04:25:32.907Z</time>
      </trkpt>
      <trkpt lat="42.116190" lon="-8.812149">
        <ele>4.304612</ele>
        <time>2026-08-09T04:25:37.450Z</time>
      </trkpt>
      <trkpt lat="42.116219" lon="-8.812129">
        <ele>4.316909</ele>
        <time>2026-08-09T04:25:40.807Z</time>
      </trkpt>
      <trkpt lat="42.116271" lon="-8.812160">
        <ele>4.338372</ele>
        <time>2026-08-09T04:25:46.805Z</time>
      </trkpt>
      <trkpt lat="42.116306" lon="-8.812137">
        <ele>4.353070</ele>
        <time>2026-08-09T04:25:50.963Z</time>
      </trkpt>
      <trkpt lat="42.116317" lon="-8.812159">
        <ele>4.360500</ele>
        <time>2026-08-09T04:25:53.069Z</time>
      </trkpt>
      <trkpt lat="42.116333" lon="-8.812193">
        <ele>4.371775</ele>
        <time>2026-08-09T04:25:56.292Z</time>
      </trkpt>
      <trkpt lat="42.116890" lon="-8.811714">
        <ele>5.873397</ele>
        <time>2026-08-09T04:27:08.877Z</time>
      </trkpt>
      <trkpt lat="42.117104" lon="-8.811525">
        <ele>6.998274</ele>
        <time>2026-08-09T04:27:37.171Z</time>
      </trkpt>
      <trkpt lat="42.117563" lon="-8.811122">
        <ele>9.406732</ele>
        <time>2026-08-09T04:28:38.623Z</time>
      </trkpt>
      <trkpt lat="42.117614" lon="-8.811123">
        <ele>9.630998</ele>
        <time>2026-08-09T04:28:44.461Z</time>
      </trkpt>
      <trkpt lat="42.117662" lon="-8.811189">
        <ele>9.932460</ele>
        <time>2026-08-09T04:28:52.406Z</time>
      </trkpt>
      <trkpt lat="42.117685" lon="-8.811171">
        <ele>10.049394</ele>
        <time>2026-08-09T04:28:55.524Z</time>
      </trkpt>
      <trkpt lat="42.117721" lon="-8.811141">
        <ele>10.235482</ele>
        <time>2026-08-09T04:29:00.492Z</time>
      </trkpt>
      <trkpt lat="42.117700" lon="-8.811094">
        <ele>10.414434</ele>
        <time>2026-08-09T04:29:05.212Z</time>
      </trkpt>
      <trkpt lat="42.117739" lon="-8.810994">
        <ele>10.782915</ele>
        <time>2026-08-09T04:29:15.147Z</time>
      </trkpt>
      <trkpt lat="42.118232" lon="-8.810564">
        <ele>14.335860</ele>
        <time>2026-08-09T04:30:27.899Z</time>
      </trkpt>
      <trkpt lat="42.118213" lon="-8.810516">
        <ele>14.694197</ele>
        <time>2026-08-09T04:30:33.091Z</time>
      </trkpt>
      <trkpt lat="42.118198" lon="-8.810483">
        <ele>14.949105</ele>
        <time>2026-08-09T04:30:36.800Z</time>
      </trkpt>
      <trkpt lat="42.118238" lon="-8.810417">
        <ele>15.510443</ele>
        <time>2026-08-09T04:30:44.976Z</time>
      </trkpt>
      <trkpt lat="42.118246" lon="-8.810314">
        <ele>16.192533</ele>
        <time>2026-08-09T04:30:54.924Z</time>
      </trkpt>
      <trkpt lat="42.118288" lon="-8.810189">
        <ele>17.096337</ele>
        <time>2026-08-09T04:31:08.230Z</time>
      </trkpt>
      <trkpt lat="42.118241" lon="-8.809842">
        <ele>19.419548</ele>
        <time>2026-08-09T04:31:42.881Z</time>
      </trkpt>
      <trkpt lat="42.118302" lon="-8.809481">
        <ele>21.858088</ele>
        <time>2026-08-09T04:32:19.553Z</time>
      </trkpt>
      <trkpt lat="42.118324" lon="-8.809437">
        <ele>22.207572</ele>
        <time>2026-08-09T04:32:24.911Z</time>
      </trkpt>
      <trkpt lat="42.118401" lon="-8.809268">
        <ele>23.513852</ele>
        <time>2026-08-09T04:32:44.644Z</time>
      </trkpt>
      <trkpt lat="42.118447" lon="-8.808917">
        <ele>25.861417</ele>
        <time>2026-08-09T04:33:20.331Z</time>
      </trkpt>
      <trkpt lat="42.118651" lon="-8.808758">
        <ele>27.953696</ele>
        <time>2026-08-09T04:33:51.886Z</time>
      </trkpt>
      <trkpt lat="42.118957" lon="-8.808617">
        <ele>29.726943</ele>
        <time>2026-08-09T04:34:34.234Z</time>
      </trkpt>
      <trkpt lat="42.119506" lon="-8.808276">
        <ele>32.681177</ele>
        <time>2026-08-09T04:35:47.686Z</time>
      </trkpt>
      <trkpt lat="42.119642" lon="-8.808150">
        <ele>33.487676</ele>
        <time>2026-08-09T04:36:06.681Z</time>
      </trkpt>
      <trkpt lat="42.120157" lon="-8.807944">
        <ele>36.113110</ele>
        <time>2026-08-09T04:37:06.005Z</time>
      </trkpt>
      <trkpt lat="42.120294" lon="-8.807863">
        <ele>36.844234</ele>
        <time>2026-08-09T04:37:21.672Z</time>
      </trkpt>
      <trkpt lat="42.120517" lon="-8.807619">
        <ele>37.269911</ele>
        <time>2026-08-09T04:37:51.036Z</time>
      </trkpt>
      <trkpt lat="42.120654" lon="-8.806896">
        <ele>37.513582</ele>
        <time>2026-08-09T04:38:47.739Z</time>
      </trkpt>
      <trkpt lat="42.120851" lon="-8.806451">
        <ele>37.682805</ele>
        <time>2026-08-09T04:39:27.431Z</time>
      </trkpt>
      <trkpt lat="42.121086" lon="-8.806023">
        <ele>37.856688</ele>
        <time>2026-08-09T04:40:07.750Z</time>
      </trkpt>
      <trkpt lat="42.121199" lon="-8.805881">
        <ele>37.924694</ele>
        <time>2026-08-09T04:40:24.386Z</time>
      </trkpt>
      <trkpt lat="42.121375" lon="-8.805733">
        <ele>38.502196</ele>
        <time>2026-08-09T04:40:46.977Z</time>
      </trkpt>
      <trkpt lat="42.121595" lon="-8.805611">
        <ele>39.603641</ele>
        <time>2026-08-09T04:41:13.449Z</time>
      </trkpt>
      <trkpt lat="42.121645" lon="-8.805558">
        <ele>39.898137</ele>
        <time>2026-08-09T04:41:20.635Z</time>
      </trkpt>
      <trkpt lat="42.121901" lon="-8.805351">
        <ele>41.280304</ele>
        <time>2026-08-09T04:41:55.295Z</time>
      </trkpt>
      <trkpt lat="42.122011" lon="-8.805321">
        <ele>41.799941</ele>
        <time>2026-08-09T04:42:08.640Z</time>
      </trkpt>
      <trkpt lat="42.122047" lon="-8.805316">
        <ele>41.967510</ele>
        <time>2026-08-09T04:42:12.893Z</time>
      </trkpt>
      <trkpt lat="42.122597" lon="-8.805207">
        <ele>44.541480</ele>
        <time>2026-08-09T04:43:21.000Z</time>
      </trkpt>
      <trkpt lat="42.122892" lon="-8.804940">
        <ele>46.186621</ele>
        <time>2026-08-09T04:44:04.374Z</time>
      </trkpt>
      <trkpt lat="42.123171" lon="-8.804564">
        <ele>47.460919</ele>
        <time>2026-08-09T04:44:49.538Z</time>
      </trkpt>
      <trkpt lat="42.123241" lon="-8.804179">
        <ele>48.385214</ele>
        <time>2026-08-09T04:45:22.177Z</time>
      </trkpt>
      <trkpt lat="42.123301" lon="-8.803408">
        <ele>50.192844</ele>
        <time>2026-08-09T04:46:24.796Z</time>
      </trkpt>
      <trkpt lat="42.123421" lon="-8.802846">
        <ele>51.556494</ele>
        <time>2026-08-09T04:47:11.457Z</time>
      </trkpt>
      <trkpt lat="42.123487" lon="-8.802691">
        <ele>51.956511</ele>
        <time>2026-08-09T04:47:25.773Z</time>
      </trkpt>
      <trkpt lat="42.123510" lon="-8.802733">
        <ele>51.999245</ele>
        <time>2026-08-09T04:47:29.941Z</time>
      </trkpt>
      <trkpt lat="42.123864" lon="-8.803455">
        <ele>52.707681</ele>
        <time>2026-08-09T04:48:38.722Z</time>
      </trkpt>
      <trkpt lat="42.124221" lon="-8.803839">
        <ele>53.211681</ele>
        <time>2026-08-09T04:49:26.944Z</time>
      </trkpt>
      <trkpt lat="42.124381" lon="-8.804072">
        <ele>53.471588</ele>
        <time>2026-08-09T04:49:51.393Z</time>
      </trkpt>
      <trkpt lat="42.124554" lon="-8.804240">
        <ele>53.706876</ele>
        <time>2026-08-09T04:50:13.103Z</time>
      </trkpt>
      <trkpt lat="42.124633" lon="-8.804179">
        <ele>53.807345</ele>
        <time>2026-08-09T04:50:22.233Z</time>
      </trkpt>
      <trkpt lat="42.124706" lon="-8.804179">
        <ele>53.887907</ele>
        <time>2026-08-09T04:50:29.583Z</time>
      </trkpt>
      <trkpt lat="42.125484" lon="-8.804396">
        <ele>53.131704</ele>
        <time>2026-08-09T04:51:51.525Z</time>
      </trkpt>
      <trkpt lat="42.125745" lon="-8.804342">
        <ele>52.851331</ele>
        <time>2026-08-09T04:52:18.657Z</time>
      </trkpt>
      <trkpt lat="42.125824" lon="-8.804285">
        <ele>52.756193</ele>
        <time>2026-08-09T04:52:27.879Z</time>
      </trkpt>
      <trkpt lat="42.125844" lon="-8.804239">
        <ele>52.714203</ele>
        <time>2026-08-09T04:52:31.916Z</time>
      </trkpt>
      <trkpt lat="42.125968" lon="-8.804305">
        <ele>52.572652</ele>
        <time>2026-08-09T04:52:45.532Z</time>
      </trkpt>
      <trkpt lat="42.126095" lon="-8.804423">
        <ele>52.408886</ele>
        <time>2026-08-09T04:53:01.173Z</time>
      </trkpt>
      <trkpt lat="42.126329" lon="-8.805291">
        <ele>51.272542</ele>
        <time>2026-08-09T04:54:11.316Z</time>
      </trkpt>
      <trkpt lat="42.126345" lon="-8.805429">
        <ele>51.030628</ele>
        <time>2026-08-09T04:54:22.004Z</time>
      </trkpt>
      <trkpt lat="42.126307" lon="-8.805789">
        <ele>50.400839</ele>
        <time>2026-08-09T04:54:49.401Z</time>
      </trkpt>
      <trkpt lat="42.126419" lon="-8.805840">
        <ele>50.124781</ele>
        <time>2026-08-09T04:55:01.505Z</time>
      </trkpt>
      <trkpt lat="42.127286" lon="-8.805378">
        <ele>47.947760</ele>
        <time>2026-08-09T04:56:40.159Z</time>
      </trkpt>
      <trkpt lat="42.127547" lon="-8.805268">
        <ele>46.674632</ele>
        <time>2026-08-09T04:57:10.299Z</time>
      </trkpt>
      <trkpt lat="42.128052" lon="-8.804963">
        <ele>43.784749</ele>
        <time>2026-08-09T04:58:11.818Z</time>
      </trkpt>
      <trkpt lat="42.128389" lon="-8.804895">
        <ele>42.005150</ele>
        <time>2026-08-09T04:58:49.654Z</time>
      </trkpt>
      <trkpt lat="42.128545" lon="-8.804820">
        <ele>41.140192</ele>
        <time>2026-08-09T04:59:08.116Z</time>
      </trkpt>
      <trkpt lat="42.128778" lon="-8.804760">
        <ele>39.901345</ele>
        <time>2026-08-09T04:59:34.606Z</time>
      </trkpt>
      <trkpt lat="42.128908" lon="-8.804727">
        <ele>39.210487</ele>
        <time>2026-08-09T04:59:49.463Z</time>
      </trkpt>
      <trkpt lat="42.129341" lon="-8.804763">
        <ele>36.858514</ele>
        <time>2026-08-09T05:00:38.004Z</time>
      </trkpt>
      <trkpt lat="42.129393" lon="-8.804636">
        <ele>36.263949</ele>
        <time>2026-08-09T05:00:50.037Z</time>
      </trkpt>
      <trkpt lat="42.130136" lon="-8.804554">
        <ele>32.144182</ele>
        <time>2026-08-09T05:02:12.035Z</time>
      </trkpt>
      <trkpt lat="42.130397" lon="-8.804412">
        <ele>30.588834</ele>
        <time>2026-08-09T05:02:42.905Z</time>
      </trkpt>
      <trkpt lat="42.130494" lon="-8.804218">
        <ele>29.629918</ele>
        <time>2026-08-09T05:03:02.037Z</time>
      </trkpt>
      <trkpt lat="42.130528" lon="-8.804151">
        <ele>29.297194</ele>
        <time>2026-08-09T05:03:08.741Z</time>
      </trkpt>
      <trkpt lat="42.130471" lon="-8.802955">
        <ele>23.850211</ele>
        <time>2026-08-09T05:04:50.541Z</time>
      </trkpt>
      <trkpt lat="42.130485" lon="-8.802665">
        <ele>22.503826</ele>
        <time>2026-08-09T05:05:14.995Z</time>
      </trkpt>
      <trkpt lat="42.130532" lon="-8.802410">
        <ele>21.286499</ele>
        <time>2026-08-09T05:05:36.881Z</time>
      </trkpt>
      <trkpt lat="42.130603" lon="-8.802282">
        <ele>20.545967</ele>
        <time>2026-08-09T05:05:50.157Z</time>
      </trkpt>
      <trkpt lat="42.130626" lon="-8.802324">
        <ele>20.304087</ele>
        <time>2026-08-09T05:05:54.404Z</time>
      </trkpt>
      <trkpt lat="42.130776" lon="-8.802416">
        <ele>19.274654</ele>
        <time>2026-08-09T05:06:12.709Z</time>
      </trkpt>
      <trkpt lat="42.130844" lon="-8.802512">
        <ele>18.659625</ele>
        <time>2026-08-09T05:06:23.842Z</time>
      </trkpt>
      <trkpt lat="42.131213" lon="-8.803636">
        <ele>14.319203</ele>
        <time>2026-08-09T05:08:05.385Z</time>
      </trkpt>
      <trkpt lat="42.131328" lon="-8.803752">
        <ele>13.705390</ele>
        <time>2026-08-09T05:08:20.711Z</time>
      </trkpt>
      <trkpt lat="42.131453" lon="-8.803782">
        <ele>13.162746</ele>
        <time>2026-08-09T05:08:34.350Z</time>
      </trkpt>
      <trkpt lat="42.131473" lon="-8.803918">
        <ele>12.723285</ele>
        <time>2026-08-09T05:08:45.372Z</time>
      </trkpt>
      <trkpt lat="42.131524" lon="-8.803966">
        <ele>12.457467</ele>
        <time>2026-08-09T05:08:51.998Z</time>
      </trkpt>
      <trkpt lat="42.131692" lon="-8.803997">
        <ele>11.732746</ele>
        <time>2026-08-09T05:09:10.303Z</time>
      </trkpt>
      <trkpt lat="42.131788" lon="-8.804204">
        <ele>10.958908</ele>
        <time>2026-08-09T05:09:29.836Z</time>
      </trkpt>
      <trkpt lat="42.132018" lon="-8.804577">
        <ele>9.527875</ele>
        <time>2026-08-09T05:10:08.670Z</time>
      </trkpt>
      <trkpt lat="42.132165" lon="-8.804880">
        <ele>9.227960</ele>
        <time>2026-08-09T05:10:37.365Z</time>
      </trkpt>
      <trkpt lat="42.132247" lon="-8.805234">
        <ele>8.920766</ele>
        <time>2026-08-09T05:11:06.118Z</time>
      </trkpt>
      <trkpt lat="42.132470" lon="-8.805560">
        <ele>8.553404</ele>
        <time>2026-08-09T05:11:39.813Z</time>
      </trkpt>
      <trkpt lat="42.132673" lon="-8.805934">
        <ele>8.169505</ele>
        <time>2026-08-09T05:12:14.428Z</time>
      </trkpt>
      <trkpt lat="42.132762" lon="-8.806172">
        <ele>7.948723</ele>
        <time>2026-08-09T05:12:34.377Z</time>
      </trkpt>
      <trkpt lat="42.132820" lon="-8.806707">
        <ele>7.536225</ele>
        <time>2026-08-09T05:13:15.507Z</time>
      </trkpt>
      <trkpt lat="42.132920" lon="-8.807019">
        <ele>7.433300</ele>
        <time>2026-08-09T05:13:41.780Z</time>
      </trkpt>
      <trkpt lat="42.132894" lon="-8.807258">
        <ele>7.360152</ele>
        <time>2026-08-09T05:14:00.386Z</time>
      </trkpt>
      <trkpt lat="42.132776" lon="-8.807493">
        <ele>7.274213</ele>
        <time>2026-08-09T05:14:21.468Z</time>
      </trkpt>
      <trkpt lat="42.132766" lon="-8.807782">
        <ele>7.186604</ele>
        <time>2026-08-09T05:14:43.191Z</time>
      </trkpt>
      <trkpt lat="42.132724" lon="-8.808069">
        <ele>7.098020</ele>
        <time>2026-08-09T05:15:05.334Z</time>
      </trkpt>
      <trkpt lat="42.132748" lon="-8.808252">
        <ele>7.041745</ele>
        <time>2026-08-09T05:15:19.391Z</time>
      </trkpt>
      <trkpt lat="42.132651" lon="-8.808348">
        <ele>6.992613</ele>
        <time>2026-08-09T05:15:31.637Z</time>
      </trkpt>
      <trkpt lat="42.132717" lon="-8.808649">
        <ele>6.897565</ele>
        <time>2026-08-09T05:15:55.524Z</time>
      </trkpt>
      <trkpt lat="42.132740" lon="-8.808747">
        <ele>6.866438</ele>
        <time>2026-08-09T05:16:03.351Z</time>
      </trkpt>
      <trkpt lat="42.132817" lon="-8.808771">
        <ele>6.834168</ele>
        <time>2026-08-09T05:16:11.459Z</time>
      </trkpt>
      <trkpt lat="42.133014" lon="-8.808725">
        <ele>6.706515</ele>
        <time>2026-08-09T05:16:32.028Z</time>
      </trkpt>
      <trkpt lat="42.133168" lon="-8.808953">
        <ele>6.551411</ele>
        <time>2026-08-09T05:16:55.752Z</time>
      </trkpt>
      <trkpt lat="42.133220" lon="-8.808796">
        <ele>6.464932</ele>
        <time>2026-08-09T05:17:08.971Z</time>
      </trkpt>
      <trkpt lat="42.133272" lon="-8.808726">
        <ele>6.415101</ele>
        <time>2026-08-09T05:17:16.611Z</time>
      </trkpt>
      <trkpt lat="42.133329" lon="-8.808735">
        <ele>6.376180</ele>
        <time>2026-08-09T05:17:22.580Z</time>
      </trkpt>
      <trkpt lat="42.133437" lon="-8.808831">
        <ele>6.288454</ele>
        <time>2026-08-09T05:17:36.034Z</time>
      </trkpt>
      <trkpt lat="42.133546" lon="-8.809044">
        <ele>6.158298</ele>
        <time>2026-08-09T05:17:55.910Z</time>
      </trkpt>
      <trkpt lat="42.133595" lon="-8.809027">
        <ele>6.123985</ele>
        <time>2026-08-09T05:18:01.123Z</time>
      </trkpt>
      <trkpt lat="42.133715" lon="-8.808985">
        <ele>6.039905</ele>
        <time>2026-08-09T05:18:13.681Z</time>
      </trkpt>
      <trkpt lat="42.133769" lon="-8.808966">
        <ele>6.002057</ele>
        <time>2026-08-09T05:18:19.269Z</time>
      </trkpt>
      <trkpt lat="42.133794" lon="-8.808927">
        <ele>5.976130</ele>
        <time>2026-08-09T05:18:23.067Z</time>
      </trkpt>
      <trkpt lat="42.133752" lon="-8.808728">
        <ele>5.872072</ele>
        <time>2026-08-09T05:18:38.487Z</time>
      </trkpt>
      <trkpt lat="42.133769" lon="-8.808609">
        <ele>5.811123</ele>
        <time>2026-08-09T05:18:47.606Z</time>
      </trkpt>
      <trkpt lat="42.133846" lon="-8.808423">
        <ele>5.703988</ele>
        <time>2026-08-09T05:19:03.751Z</time>
      </trkpt>
      <trkpt lat="42.133847" lon="-8.808371">
        <ele>5.677827</ele>
        <time>2026-08-09T05:19:07.748Z</time>
      </trkpt>
      <trkpt lat="42.133984" lon="-8.808281">
        <ele>5.705704</ele>
        <time>2026-08-09T05:19:23.513Z</time>
      </trkpt>
      <trkpt lat="42.134136" lon="-8.808252">
        <ele>6.092055</ele>
        <time>2026-08-09T05:19:39.436Z</time>
      </trkpt>
      <trkpt lat="42.134131" lon="-8.808188">
        <ele>6.212162</ele>
        <time>2026-08-09T05:19:44.408Z</time>
      </trkpt>
      <trkpt lat="42.134126" lon="-8.808114">
        <ele>6.350843</ele>
        <time>2026-08-09T05:19:50.151Z</time>
      </trkpt>
      <trkpt lat="42.134144" lon="-8.808113">
        <ele>6.396183</ele>
        <time>2026-08-09T05:19:52.083Z</time>
      </trkpt>
      <trkpt lat="42.134229" lon="-8.808103">
        <ele>6.610916</ele>
        <time>2026-08-09T05:20:01.157Z</time>
      </trkpt>
      <trkpt lat="42.134233" lon="-8.808175">
        <ele>6.745669</ele>
        <time>2026-08-09T05:20:06.794Z</time>
      </trkpt>
      <trkpt lat="42.134229" lon="-8.808103">
        <ele>6.880422</ele>
        <time>2026-08-09T05:20:12.520Z</time>
      </trkpt>
      <trkpt lat="42.134260" lon="-8.808100">
        <ele>6.958641</ele>
        <time>2026-08-09T05:20:15.830Z</time>
      </trkpt>
      <trkpt lat="42.135225" lon="-8.808021">
        <ele>9.391748</ele>
        <time>2026-08-09T05:22:02.511Z</time>
      </trkpt>
      <trkpt lat="42.136389" lon="-8.807931">
        <ele>13.059760</ele>
        <time>2026-08-09T05:24:14.944Z</time>
      </trkpt>
      <trkpt lat="42.136671" lon="-8.807896">
        <ele>14.010501</ele>
        <time>2026-08-09T05:24:46.417Z</time>
      </trkpt>
      <trkpt lat="42.136946" lon="-8.807816">
        <ele>14.954978</ele>
        <time>2026-08-09T05:25:17.481Z</time>
      </trkpt>
      <trkpt lat="42.136978" lon="-8.807675">
        <ele>15.322075</ele>
        <time>2026-08-09T05:25:29.505Z</time>
      </trkpt>
      <trkpt lat="42.137117" lon="-8.807398">
        <ele>16.154730</ele>
        <time>2026-08-09T05:25:56.862Z</time>
      </trkpt>
      <trkpt lat="42.137312" lon="-8.807119">
        <ele>16.686791</ele>
        <time>2026-08-09T05:26:28.341Z</time>
      </trkpt>
      <trkpt lat="42.137499" lon="-8.806968">
        <ele>17.090309</ele>
        <time>2026-08-09T05:26:52.454Z</time>
      </trkpt>
      <trkpt lat="42.137728" lon="-8.806866">
        <ele>17.536792</ele>
        <time>2026-08-09T05:27:18.703Z</time>
      </trkpt>
      <trkpt lat="42.138077" lon="-8.806853">
        <ele>18.183156</ele>
        <time>2026-08-09T05:27:56.316Z</time>
      </trkpt>
      <trkpt lat="42.138300" lon="-8.806788">
        <ele>18.605537</ele>
        <time>2026-08-09T05:28:20.631Z</time>
      </trkpt>
      <trkpt lat="42.138474" lon="-8.806695">
        <ele>18.952048</ele>
        <time>2026-08-09T05:28:40.217Z</time>
      </trkpt>
      <trkpt lat="42.138569" lon="-8.806683">
        <ele>19.128695</ele>
        <time>2026-08-09T05:28:50.136Z</time>
      </trkpt>
      <trkpt lat="42.138626" lon="-8.806105">
        <ele>19.291205</ele>
        <time>2026-08-09T05:29:33.971Z</time>
      </trkpt>
      <trkpt lat="42.138679" lon="-8.805514">
        <ele>18.900988</ele>
        <time>2026-08-09T05:30:19.208Z</time>
      </trkpt>
      <trkpt lat="42.138681" lon="-8.805419">
        <ele>18.838691</ele>
        <time>2026-08-09T05:30:26.575Z</time>
      </trkpt>
      <trkpt lat="42.138685" lon="-8.805338">
        <ele>18.785479</ele>
        <time>2026-08-09T05:30:32.871Z</time>
      </trkpt>
      <trkpt lat="42.138687" lon="-8.804845">
        <ele>18.462317</ele>
        <time>2026-08-09T05:31:11.364Z</time>
      </trkpt>
      <trkpt lat="42.138659" lon="-8.804406">
        <ele>18.173495</ele>
        <time>2026-08-09T05:31:45.257Z</time>
      </trkpt>
      <trkpt lat="42.138636" lon="-8.804093">
        <ele>17.967321</ele>
        <time>2026-08-09T05:32:09.073Z</time>
      </trkpt>
      <trkpt lat="42.138650" lon="-8.804022">
        <ele>17.919164</ele>
        <time>2026-08-09T05:32:14.585Z</time>
      </trkpt>
      <trkpt lat="42.138608" lon="-8.803714">
        <ele>18.420635</ele>
        <time>2026-08-09T05:32:38.037Z</time>
      </trkpt>
      <trkpt lat="42.138489" lon="-8.802280">
        <ele>20.928925</ele>
        <time>2026-08-09T05:34:33.140Z</time>
      </trkpt>
      <trkpt lat="42.138272" lon="-8.799706">
        <ele>27.236114</ele>
        <time>2026-08-09T05:38:17.267Z</time>
      </trkpt>
      <trkpt lat="42.138260" lon="-8.799549">
        <ele>27.660079</ele>
        <time>2026-08-09T05:38:29.778Z</time>
      </trkpt>
      <trkpt lat="42.138246" lon="-8.799384">
        <ele>28.106191</ele>
        <time>2026-08-09T05:38:42.809Z</time>
      </trkpt>
      <trkpt lat="42.138148" lon="-8.798259">
        <ele>29.268888</ele>
        <time>2026-08-09T05:40:06.971Z</time>
      </trkpt>
      <trkpt lat="42.138155" lon="-8.798070">
        <ele>29.396392</ele>
        <time>2026-08-09T05:40:21.236Z</time>
      </trkpt>
      <trkpt lat="42.138206" lon="-8.797938">
        <ele>29.496679</ele>
        <time>2026-08-09T05:40:32.453Z</time>
      </trkpt>
      <trkpt lat="42.138266" lon="-8.797780">
        <ele>29.616284</ele>
        <time>2026-08-09T05:40:45.765Z</time>
      </trkpt>
      <trkpt lat="42.138317" lon="-8.797803">
        <ele>29.665147</ele>
        <time>2026-08-09T05:40:51.210Z</time>
      </trkpt>
      <trkpt lat="42.138383" lon="-8.797837">
        <ele>29.729343</ele>
        <time>2026-08-09T05:40:58.392Z</time>
      </trkpt>
      <trkpt lat="42.138500" lon="-8.797585">
        <ele>29.929671</ele>
        <time>2026-08-09T05:41:20.981Z</time>
      </trkpt>
      <trkpt lat="42.138525" lon="-8.797527">
        <ele>29.974872</ele>
        <time>2026-08-09T05:41:26.177Z</time>
      </trkpt>
      <trkpt lat="42.138807" lon="-8.797484">
        <ele>30.232740</ele>
        <time>2026-08-09T05:41:56.532Z</time>
      </trkpt>
      <trkpt lat="42.138962" lon="-8.797511">
        <ele>30.671334</ele>
        <time>2026-08-09T05:42:13.743Z</time>
      </trkpt>
      <trkpt lat="42.139266" lon="-8.797677">
        <ele>31.844347</ele>
        <time>2026-08-09T05:42:50.878Z</time>
      </trkpt>
      <trkpt lat="42.139724" lon="-8.797817">
        <ele>33.523949</ele>
        <time>2026-08-09T05:43:45.645Z</time>
      </trkpt>
      <trkpt lat="42.139891" lon="-8.797986">
        <ele>34.270690</ele>
        <time>2026-08-09T05:44:09.832Z</time>
      </trkpt>
      <trkpt lat="42.140114" lon="-8.798079">
        <ele>35.105521</ele>
        <time>2026-08-09T05:44:36.549Z</time>
      </trkpt>
      <trkpt lat="42.140169" lon="-8.798194">
        <ele>35.468438</ele>
        <time>2026-08-09T05:44:48.051Z</time>
      </trkpt>
      <trkpt lat="42.140229" lon="-8.798437">
        <ele>36.147667</ele>
        <time>2026-08-09T05:45:09.343Z</time>
      </trkpt>
      <trkpt lat="42.140462" lon="-8.798325">
        <ele>36.924618</ele>
        <time>2026-08-09T05:45:36.684Z</time>
      </trkpt>
      <trkpt lat="42.140887" lon="-8.798182">
        <ele>37.973061</ele>
        <time>2026-08-09T05:46:24.549Z</time>
      </trkpt>
      <trkpt lat="42.141002" lon="-8.798122">
        <ele>38.268201</ele>
        <time>2026-08-09T05:46:37.934Z</time>
      </trkpt>
      <trkpt lat="42.141089" lon="-8.798009">
        <ele>38.557312</ele>
        <time>2026-08-09T05:46:51.004Z</time>
      </trkpt>
      <trkpt lat="42.141337" lon="-8.797721">
        <ele>39.340657</ele>
        <time>2026-08-09T05:47:26.055Z</time>
      </trkpt>
      <trkpt lat="42.141483" lon="-8.797616">
        <ele>39.736699</ele>
        <time>2026-08-09T05:47:43.794Z</time>
      </trkpt>
      <trkpt lat="42.141683" lon="-8.797548">
        <ele>40.230389</ele>
        <time>2026-08-09T05:48:06.140Z</time>
      </trkpt>
      <trkpt lat="42.141643" lon="-8.797232">
        <ele>40.799336</ele>
        <time>2026-08-09T05:48:31.814Z</time>
      </trkpt>
      <trkpt lat="42.141639" lon="-8.796992">
        <ele>41.113688</ele>
        <time>2026-08-09T05:48:50.974Z</time>
      </trkpt>
      <trkpt lat="42.141729" lon="-8.796269">
        <ele>41.734381</ele>
        <time>2026-08-09T05:49:48.997Z</time>
      </trkpt>
      <trkpt lat="42.142235" lon="-8.796144">
        <ele>42.321757</ele>
        <time>2026-08-09T05:50:42.395Z</time>
      </trkpt>
      <trkpt lat="42.142430" lon="-8.796065">
        <ele>42.554241</ele>
        <time>2026-08-09T05:51:03.087Z</time>
      </trkpt>
      <trkpt lat="42.142482" lon="-8.795915">
        <ele>42.694432</ele>
        <time>2026-08-09T05:51:15.504Z</time>
      </trkpt>
      <trkpt lat="42.142507" lon="-8.795667">
        <ele>42.906330</ele>
        <time>2026-08-09T05:51:34.104Z</time>
      </trkpt>
      <trkpt lat="42.142567" lon="-8.795612">
        <ele>42.989166</ele>
        <time>2026-08-09T05:51:41.386Z</time>
      </trkpt>
      <trkpt lat="42.144497" lon="-8.794932">
        <ele>44.644923</ele>
        <time>2026-08-09T05:55:04.570Z</time>
      </trkpt>
      <trkpt lat="42.144646" lon="-8.794895">
        <ele>45.110147</ele>
        <time>2026-08-09T05:55:20.857Z</time>
      </trkpt>
      <trkpt lat="42.145103" lon="-8.794780">
        <ele>46.537668</ele>
        <time>2026-08-09T05:56:11.652Z</time>
      </trkpt>
      <trkpt lat="42.145460" lon="-8.794758">
        <ele>47.635048</ele>
        <time>2026-08-09T05:56:51.697Z</time>
      </trkpt>
      <trkpt lat="42.145926" lon="-8.794550">
        <ele>49.142315</ele>
        <time>2026-08-09T05:57:48.122Z</time>
      </trkpt>
      <trkpt lat="42.146081" lon="-8.794502">
        <ele>49.630657</ele>
        <time>2026-08-09T05:58:06.435Z</time>
      </trkpt>
      <trkpt lat="42.146819" lon="-8.794669">
        <ele>53.470532</ele>
        <time>2026-08-09T05:59:33.152Z</time>
      </trkpt>
      <trkpt lat="42.146872" lon="-8.794833">
        <ele>54.168964</ele>
        <time>2026-08-09T05:59:48.808Z</time>
      </trkpt>
      <trkpt lat="42.146912" lon="-8.794821">
        <ele>54.384731</ele>
        <time>2026-08-09T05:59:53.607Z</time>
      </trkpt>
      <trkpt lat="42.146956" lon="-8.794812">
        <ele>54.619063</ele>
        <time>2026-08-09T05:59:58.983Z</time>
      </trkpt>
      <trkpt lat="42.146971" lon="-8.794728">
        <ele>54.956375</ele>
        <time>2026-08-09T06:00:06.594Z</time>
      </trkpt>
      <trkpt lat="42.147469" lon="-8.794802">
        <ele>57.594463</ele>
        <time>2026-08-09T06:01:07.199Z</time>
      </trkpt>
      <trkpt lat="42.147983" lon="-8.794938">
        <ele>60.479642</ele>
        <time>2026-08-09T06:02:09.719Z</time>
      </trkpt>
      <trkpt lat="42.148187" lon="-8.794869">
        <ele>61.713819</ele>
        <time>2026-08-09T06:02:35.147Z</time>
      </trkpt>
      <trkpt lat="42.148400" lon="-8.794696">
        <ele>63.172870</ele>
        <time>2026-08-09T06:03:05.732Z</time>
      </trkpt>
      <trkpt lat="42.148414" lon="-8.794590">
        <ele>63.641307</ele>
        <time>2026-08-09T06:03:15.712Z</time>
      </trkpt>
      <trkpt lat="42.148354" lon="-8.794434">
        <ele>64.405911</ele>
        <time>2026-08-09T06:03:31.970Z</time>
      </trkpt>
      <trkpt lat="42.148347" lon="-8.794332">
        <ele>64.851583</ele>
        <time>2026-08-09T06:03:41.298Z</time>
      </trkpt>
      <trkpt lat="42.148406" lon="-8.794342">
        <ele>65.200529</ele>
        <time>2026-08-09T06:03:48.601Z</time>
      </trkpt>
      <trkpt lat="42.148532" lon="-8.794485">
        <ele>66.166848</ele>
        <time>2026-08-09T06:04:08.785Z</time>
      </trkpt>
      <trkpt lat="42.148919" lon="-8.794916">
        <ele>69.111943</ele>
        <time>2026-08-09T06:05:09.208Z</time>
      </trkpt>
      <trkpt lat="42.149033" lon="-8.794991">
        <ele>69.810016</ele>
        <time>2026-08-09T06:05:23.973Z</time>
      </trkpt>
      <trkpt lat="42.149245" lon="-8.795151">
        <ele>70.130028</ele>
        <time>2026-08-09T06:05:51.623Z</time>
      </trkpt>
      <trkpt lat="42.149403" lon="-8.795359">
        <ele>70.420864</ele>
        <time>2026-08-09T06:06:16.329Z</time>
      </trkpt>
      <trkpt lat="42.149653" lon="-8.795474">
        <ele>70.768813</ele>
        <time>2026-08-09T06:06:45.195Z</time>
      </trkpt>
      <trkpt lat="42.149734" lon="-8.795624">
        <ele>70.950048</ele>
        <time>2026-08-09T06:06:59.835Z</time>
      </trkpt>
      <trkpt lat="42.149772" lon="-8.795770">
        <ele>71.101167</ele>
        <time>2026-08-09T06:07:11.876Z</time>
      </trkpt>
      <trkpt lat="42.149680" lon="-8.796337">
        <ele>71.668026</ele>
        <time>2026-08-09T06:07:55.148Z</time>
      </trkpt>
      <trkpt lat="42.149763" lon="-8.796605">
        <ele>71.951682</ele>
        <time>2026-08-09T06:08:17.432Z</time>
      </trkpt>
      <trkpt lat="42.149847" lon="-8.797226">
        <ele>72.769308</ele>
        <time>2026-08-09T06:09:07.198Z</time>
      </trkpt>
      <trkpt lat="42.149840" lon="-8.797305">
        <ele>72.885867</ele>
        <time>2026-08-09T06:09:13.332Z</time>
      </trkpt>
      <trkpt lat="42.149775" lon="-8.797444">
        <ele>73.126625</ele>
        <time>2026-08-09T06:09:26.019Z</time>
      </trkpt>
      <trkpt lat="42.149652" lon="-8.797546">
        <ele>73.411936</ele>
        <time>2026-08-09T06:09:40.734Z</time>
      </trkpt>
      <trkpt lat="42.149498" lon="-8.797733">
        <ele>73.821392</ele>
        <time>2026-08-09T06:10:01.821Z</time>
      </trkpt>
      <trkpt lat="42.149392" lon="-8.797917">
        <ele>74.162766</ele>
        <time>2026-08-09T06:10:20.239Z</time>
      </trkpt>
      <trkpt lat="42.149280" lon="-8.798214">
        <ele>74.650926</ele>
        <time>2026-08-09T06:10:48.291Z</time>
      </trkpt>
      <trkpt lat="42.149203" lon="-8.798601">
        <ele>75.237948</ele>
        <time>2026-08-09T06:11:23.256Z</time>
      </trkpt>
      <trkpt lat="42.149624" lon="-8.798705">
        <ele>77.524157</ele>
        <time>2026-08-09T06:12:14.707Z</time>
      </trkpt>
      <trkpt lat="42.149864" lon="-8.798747">
        <ele>79.897099</ele>
        <time>2026-08-09T06:12:44.621Z</time>
      </trkpt>
      <trkpt lat="42.149997" lon="-8.798805">
        <ele>81.267639</ele>
        <time>2026-08-09T06:13:02.746Z</time>
      </trkpt>
      <trkpt lat="42.150081" lon="-8.798882">
        <ele>82.263467</ele>
        <time>2026-08-09T06:13:16.413Z</time>
      </trkpt>
      <trkpt lat="42.150291" lon="-8.799254">
        <ele>85.662361</ele>
        <time>2026-08-09T06:14:05.049Z</time>
      </trkpt>
      <trkpt lat="42.150488" lon="-8.799888">
        <ele>90.659540</ele>
        <time>2026-08-09T06:15:17.781Z</time>
      </trkpt>
      <trkpt lat="42.150672" lon="-8.800025">
        <ele>92.720295</ele>
        <time>2026-08-09T06:15:46.789Z</time>
      </trkpt>
      <trkpt lat="42.150871" lon="-8.800108">
        <ele>94.987389</ele>
        <time>2026-08-09T06:16:14.969Z</time>
      </trkpt>
      <trkpt lat="42.151176" lon="-8.800142">
        <ele>98.467519</ele>
        <time>2026-08-09T06:16:57.225Z</time>
      </trkpt>
      <trkpt lat="42.151423" lon="-8.800313">
        <ele>101.624639</ele>
        <time>2026-08-09T06:17:38.404Z</time>
      </trkpt>
      <trkpt lat="42.151887" lon="-8.800497">
        <ele>107.124309</ele>
        <time>2026-08-09T06:18:51.102Z</time>
      </trkpt>
      <trkpt lat="42.152289" lon="-8.800814">
        <ele>112.419508</ele>
        <time>2026-08-09T06:19:54.359Z</time>
      </trkpt>
      <trkpt lat="42.152588" lon="-8.801098">
        <ele>115.559683</ele>
        <time>2026-08-09T06:20:42.377Z</time>
      </trkpt>
      <trkpt lat="42.152863" lon="-8.801243">
        <ele>117.682418</ele>
        <time>2026-08-09T06:21:20.669Z</time>
      </trkpt>
      <trkpt lat="42.153268" lon="-8.801333">
        <ele>120.633328</ele>
        <time>2026-08-09T06:22:12.436Z</time>
      </trkpt>
      <trkpt lat="42.153846" lon="-8.801721">
        <ele>125.274863</ele>
        <time>2026-08-09T06:23:29.809Z</time>
      </trkpt>
      <trkpt lat="42.154612" lon="-8.801856">
        <ele>130.742183</ele>
        <time>2026-08-09T06:24:59.681Z</time>
      </trkpt>
      <trkpt lat="42.154893" lon="-8.801964">
        <ele>132.798344</ele>
        <time>2026-08-09T06:25:34.910Z</time>
      </trkpt>
      <trkpt lat="42.155142" lon="-8.801967">
        <ele>134.550682</ele>
        <time>2026-08-09T06:26:05.904Z</time>
      </trkpt>
      <trkpt lat="42.155298" lon="-8.801881">
        <ele>135.736628</ele>
        <time>2026-08-09T06:26:27.282Z</time>
      </trkpt>
      <trkpt lat="42.155559" lon="-8.801632">
        <ele>137.986279</ele>
        <time>2026-08-09T06:27:09.068Z</time>
      </trkpt>
      <trkpt lat="42.156089" lon="-8.801255">
        <ele>141.800963</ele>
        <time>2026-08-09T06:28:29.096Z</time>
      </trkpt>
      <trkpt lat="42.156282" lon="-8.801166">
        <ele>143.030705</ele>
        <time>2026-08-09T06:28:56.136Z</time>
      </trkpt>
      <trkpt lat="42.156617" lon="-8.801096">
        <ele>145.074563</ele>
        <time>2026-08-09T06:29:40.252Z</time>
      </trkpt>
      <trkpt lat="42.156776" lon="-8.801036">
        <ele>146.070003</ele>
        <time>2026-08-09T06:30:00.464Z</time>
      </trkpt>
      <trkpt lat="42.157137" lon="-8.801045">
        <ele>148.246903</ele>
        <time>2026-08-09T06:30:42.153Z</time>
      </trkpt>
      <trkpt lat="42.157412" lon="-8.801037">
        <ele>149.905309</ele>
        <time>2026-08-09T06:31:11.605Z</time>
      </trkpt>
      <trkpt lat="42.157526" lon="-8.801078">
        <ele>150.005936</ele>
        <time>2026-08-09T06:31:23.865Z</time>
      </trkpt>
      <trkpt lat="42.157796" lon="-8.801604">
        <ele>148.204823</ele>
        <time>2026-08-09T06:32:13.837Z</time>
      </trkpt>
      <trkpt lat="42.157867" lon="-8.801629">
        <ele>147.926162</ele>
        <time>2026-08-09T06:32:21.864Z</time>
      </trkpt>
      <trkpt lat="42.158169" lon="-8.801639">
        <ele>146.778948</ele>
        <time>2026-08-09T06:32:55.438Z</time>
      </trkpt>
      <trkpt lat="42.158390" lon="-8.801633">
        <ele>145.939513</ele>
        <time>2026-08-09T06:33:20.132Z</time>
      </trkpt>
      <trkpt lat="42.158881" lon="-8.801633">
        <ele>144.074902</ele>
        <time>2026-08-09T06:34:15.649Z</time>
      </trkpt>
      <trkpt lat="42.158914" lon="-8.801653">
        <ele>143.937515</ele>
        <time>2026-08-09T06:34:19.662Z</time>
      </trkpt>
      <trkpt lat="42.158936" lon="-8.801680">
        <ele>143.824568</ele>
        <time>2026-08-09T06:34:22.949Z</time>
      </trkpt>
      <trkpt lat="42.158860" lon="-8.801788">
        <ele>143.408605</ele>
        <time>2026-08-09T06:34:35.111Z</time>
      </trkpt>
      <trkpt lat="42.158896" lon="-8.801831">
        <ele>143.323171</ele>
        <time>2026-08-09T06:34:40.365Z</time>
      </trkpt>
      <trkpt lat="42.158941" lon="-8.801886">
        <ele>143.215279</ele>
        <time>2026-08-09T06:34:47.034Z</time>
      </trkpt>
      <trkpt lat="42.158999" lon="-8.801791">
        <ele>143.053178</ele>
        <time>2026-08-09T06:34:56.982Z</time>
      </trkpt>
      <trkpt lat="42.159041" lon="-8.801731">
        <ele>142.944485</ele>
        <time>2026-08-09T06:35:03.665Z</time>
      </trkpt>
      <trkpt lat="42.159101" lon="-8.801646">
        <ele>142.789892</ele>
        <time>2026-08-09T06:35:13.116Z</time>
      </trkpt>
      <trkpt lat="42.159156" lon="-8.801644">
        <ele>142.692133</ele>
        <time>2026-08-09T06:35:19.103Z</time>
      </trkpt>
      <trkpt lat="42.159366" lon="-8.801505">
        <ele>142.276512</ele>
        <time>2026-08-09T06:35:44.261Z</time>
      </trkpt>
      <trkpt lat="42.159430" lon="-8.801433">
        <ele>142.128444</ele>
        <time>2026-08-09T06:35:52.957Z</time>
      </trkpt>
      <trkpt lat="42.159475" lon="-8.801382">
        <ele>142.024017</ele>
        <time>2026-08-09T06:35:59.043Z</time>
      </trkpt>
      <trkpt lat="42.159517" lon="-8.801236">
        <ele>141.817747</ele>
        <time>2026-08-09T06:36:10.992Z</time>
      </trkpt>
      <trkpt lat="42.159485" lon="-8.801098">
        <ele>141.627302</ele>
        <time>2026-08-09T06:36:21.864Z</time>
      </trkpt>
      <trkpt lat="42.159447" lon="-8.801030">
        <ele>141.515140</ele>
        <time>2026-08-09T06:36:28.130Z</time>
      </trkpt>
      <trkpt lat="42.159394" lon="-8.801106">
        <ele>141.377707</ele>
        <time>2026-08-09T06:36:35.930Z</time>
      </trkpt>
      <trkpt lat="42.159351" lon="-8.801064">
        <ele>141.283381</ele>
        <time>2026-08-09T06:36:41.246Z</time>
      </trkpt>
      <trkpt lat="42.159490" lon="-8.800844">
        <ele>140.902646</ele>
        <time>2026-08-09T06:37:03.023Z</time>
      </trkpt>
      <trkpt lat="42.159543" lon="-8.800550">
        <ele>140.504132</ele>
        <time>2026-08-09T06:37:25.890Z</time>
      </trkpt>
      <trkpt lat="42.159603" lon="-8.800583">
        <ele>140.389005</ele>
        <time>2026-08-09T06:37:32.381Z</time>
      </trkpt>
      <trkpt lat="42.159688" lon="-8.800462">
        <ele>140.215354</ele>
        <time>2026-08-09T06:37:45.077Z</time>
      </trkpt>
      <trkpt lat="42.159929" lon="-8.800328">
        <ele>140.212516</ele>
        <time>2026-08-09T06:38:11.809Z</time>
      </trkpt>
      <trkpt lat="42.160424" lon="-8.800050">
        <ele>140.206679</ele>
        <time>2026-08-09T06:39:06.491Z</time>
      </trkpt>
      <trkpt lat="42.160626" lon="-8.800024">
        <ele>140.204470</ele>
        <time>2026-08-09T06:39:26.725Z</time>
      </trkpt>
      <trkpt lat="42.160780" lon="-8.800038">
        <ele>140.202790</ele>
        <time>2026-08-09T06:39:42.312Z</time>
      </trkpt>
      <trkpt lat="42.161488" lon="-8.800347">
        <ele>140.053898</ele>
        <time>2026-08-09T06:40:57.579Z</time>
      </trkpt>
      <trkpt lat="42.161746" lon="-8.800449">
        <ele>139.749606</ele>
        <time>2026-08-09T06:41:24.824Z</time>
      </trkpt>
      <trkpt lat="42.162202" lon="-8.800436">
        <ele>139.233379</ele>
        <time>2026-08-09T06:42:11.510Z</time>
      </trkpt>
      <trkpt lat="42.162802" lon="-8.800530">
        <ele>138.549720</ele>
        <time>2026-08-09T06:43:14.226Z</time>
      </trkpt>
      <trkpt lat="42.162985" lon="-8.800584">
        <ele>138.337699</ele>
        <time>2026-08-09T06:43:33.448Z</time>
      </trkpt>
      <trkpt lat="42.163443" lon="-8.800795">
        <ele>137.583601</ele>
        <time>2026-08-09T06:44:22.911Z</time>
      </trkpt>
      <trkpt lat="42.163742" lon="-8.800813">
        <ele>137.056133</ele>
        <time>2026-08-09T06:44:53.277Z</time>
      </trkpt>
      <trkpt lat="42.163991" lon="-8.800776">
        <ele>136.614654</ele>
        <time>2026-08-09T06:45:18.786Z</time>
      </trkpt>
      <trkpt lat="42.164175" lon="-8.800714">
        <ele>136.280420</ele>
        <time>2026-08-09T06:45:38.216Z</time>
      </trkpt>
      <trkpt lat="42.164409" lon="-8.800543">
        <ele>135.811419</ele>
        <time>2026-08-09T06:46:05.743Z</time>
      </trkpt>
      <trkpt lat="42.164633" lon="-8.800278">
        <ele>135.286374</ele>
        <time>2026-08-09T06:46:36.942Z</time>
      </trkpt>
      <trkpt lat="42.164690" lon="-8.800245">
        <ele>135.177061</ele>
        <time>2026-08-09T06:46:43.619Z</time>
      </trkpt>
      <trkpt lat="42.164842" lon="-8.800237">
        <ele>134.866333</ele>
        <time>2026-08-09T06:47:00.035Z</time>
      </trkpt>
      <trkpt lat="42.165079" lon="-8.800387">
        <ele>134.163521</ele>
        <time>2026-08-09T06:47:28.317Z</time>
      </trkpt>
      <trkpt lat="42.165496" lon="-8.800863">
        <ele>132.697050</ele>
        <time>2026-08-09T06:48:28.232Z</time>
      </trkpt>
      <trkpt lat="42.165914" lon="-8.801236">
        <ele>131.351586</ele>
        <time>2026-08-09T06:49:22.197Z</time>
      </trkpt>
      <trkpt lat="42.166167" lon="-8.801311">
        <ele>130.656152</ele>
        <time>2026-08-09T06:49:48.994Z</time>
      </trkpt>
      <trkpt lat="42.166449" lon="-8.801268">
        <ele>130.673542</ele>
        <time>2026-08-09T06:50:17.702Z</time>
      </trkpt>
      <trkpt lat="42.166470" lon="-8.801041">
        <ele>131.545030</ele>
        <time>2026-08-09T06:50:35.916Z</time>
      </trkpt>
      <trkpt lat="42.166512" lon="-8.800972">
        <ele>131.885171</ele>
        <time>2026-08-09T06:50:43.018Z</time>
      </trkpt>
      <trkpt lat="42.166904" lon="-8.800707">
        <ele>134.138737</ele>
        <time>2026-08-09T06:51:31.977Z</time>
      </trkpt>
      <trkpt lat="42.167004" lon="-8.800590">
        <ele>134.819059</ele>
        <time>2026-08-09T06:51:47.383Z</time>
      </trkpt>
      <trkpt lat="42.167243" lon="-8.800219">
        <ele>136.691631</ele>
        <time>2026-08-09T06:52:31.711Z</time>
      </trkpt>
      <trkpt lat="42.167331" lon="-8.800134">
        <ele>137.247895</ele>
        <time>2026-08-09T06:52:45.371Z</time>
      </trkpt>
      <trkpt lat="42.167491" lon="-8.800046">
        <ele>138.135965</ele>
        <time>2026-08-09T06:53:07.728Z</time>
      </trkpt>
      <trkpt lat="42.167546" lon="-8.800024">
        <ele>138.430815</ele>
        <time>2026-08-09T06:53:15.139Z</time>
      </trkpt>
      <trkpt lat="42.167692" lon="-8.799942">
        <ele>139.243645</ele>
        <time>2026-08-09T06:53:36.524Z</time>
      </trkpt>
      <trkpt lat="42.167846" lon="-8.799777">
        <ele>141.468149</ele>
        <time>2026-08-09T06:54:03.123Z</time>
      </trkpt>
      <trkpt lat="42.168026" lon="-8.799694">
        <ele>143.845027</ele>
        <time>2026-08-09T06:54:28.780Z</time>
      </trkpt>
      <trkpt lat="42.168238" lon="-8.799746">
        <ele>146.537445</ele>
        <time>2026-08-09T06:54:57.735Z</time>
      </trkpt>
      <trkpt lat="42.168116" lon="-8.799271">
        <ele>151.193167</ele>
        <time>2026-08-09T06:55:51.418Z</time>
      </trkpt>
      <trkpt lat="42.168177" lon="-8.799153">
        <ele>152.525545</ele>
        <time>2026-08-09T06:56:07.965Z</time>
      </trkpt>
      <trkpt lat="42.168273" lon="-8.799066">
        <ele>153.970573</ele>
        <time>2026-08-09T06:56:26.918Z</time>
      </trkpt>
      <trkpt lat="42.168607" lon="-8.798977">
        <ele>158.224609</ele>
        <time>2026-08-09T06:57:22.097Z</time>
      </trkpt>
      <trkpt lat="42.168892" lon="-8.798748">
        <ele>162.336539</ele>
        <time>2026-08-09T06:58:16.802Z</time>
      </trkpt>
      <trkpt lat="42.168944" lon="-8.798652">
        <ele>163.363588</ele>
        <time>2026-08-09T06:58:32.048Z</time>
      </trkpt>
      <trkpt lat="42.168757" lon="-8.798536">
        <ele>165.762182</ele>
        <time>2026-08-09T06:59:04.145Z</time>
      </trkpt>
      <trkpt lat="42.168671" lon="-8.798407">
        <ele>167.260863</ele>
        <time>2026-08-09T06:59:23.925Z</time>
      </trkpt>
      <trkpt lat="42.168628" lon="-8.798288">
        <ele>168.404389</ele>
        <time>2026-08-09T06:59:39.053Z</time>
      </trkpt>
      <trkpt lat="42.168461" lon="-8.797625">
        <ele>174.452807</ele>
        <time>2026-08-09T07:01:01.364Z</time>
      </trkpt>
      <trkpt lat="42.168414" lon="-8.797439">
        <ele>176.150212</ele>
        <time>2026-08-09T07:01:23.698Z</time>
      </trkpt>
      <trkpt lat="42.168397" lon="-8.797336">
        <ele>177.061681</ele>
        <time>2026-08-09T07:01:34.437Z</time>
      </trkpt>
      <trkpt lat="42.168405" lon="-8.797104">
        <ele>179.067783</ele>
        <time>2026-08-09T07:01:57.505Z</time>
      </trkpt>
      <trkpt lat="42.168740" lon="-8.797096">
        <ele>182.818941</ele>
        <time>2026-08-09T07:02:40.209Z</time>
      </trkpt>
      <trkpt lat="42.168871" lon="-8.797175">
        <ele>182.520865</ele>
        <time>2026-08-09T07:02:57.437Z</time>
      </trkpt>
      <trkpt lat="42.168946" lon="-8.797194">
        <ele>182.362343</ele>
        <time>2026-08-09T07:03:06.461Z</time>
      </trkpt>
      <trkpt lat="42.169098" lon="-8.797171">
        <ele>182.044609</ele>
        <time>2026-08-09T07:03:23.788Z</time>
      </trkpt>
      <trkpt lat="42.170130" lon="-8.796973">
        <ele>179.879238</ele>
        <time>2026-08-09T07:05:14.817Z</time>
      </trkpt>
      <trkpt lat="42.170385" lon="-8.796983">
        <ele>179.349295</ele>
        <time>2026-08-09T07:05:45.640Z</time>
      </trkpt>
      <trkpt lat="42.170617" lon="-8.797005">
        <ele>178.211341</ele>
        <time>2026-08-09T07:06:13.114Z</time>
      </trkpt>
      <trkpt lat="42.170829" lon="-8.797091">
        <ele>176.494803</ele>
        <time>2026-08-09T07:06:38.951Z</time>
      </trkpt>
      <trkpt lat="42.171013" lon="-8.797129">
        <ele>175.051450</ele>
        <time>2026-08-09T07:07:00.669Z</time>
      </trkpt>
      <trkpt lat="42.171155" lon="-8.797191">
        <ele>173.894167</ele>
        <time>2026-08-09T07:07:18.054Z</time>
      </trkpt>
      <trkpt lat="42.171277" lon="-8.797288">
        <ele>172.796153</ele>
        <time>2026-08-09T07:07:34.579Z</time>
      </trkpt>
      <trkpt lat="42.171319" lon="-8.797191">
        <ele>172.150553</ele>
        <time>2026-08-09T07:07:44.256Z</time>
      </trkpt>
      <trkpt lat="42.171323" lon="-8.797124">
        <ele>171.764270</ele>
        <time>2026-08-09T07:07:50.137Z</time>
      </trkpt>
      <trkpt lat="42.171303" lon="-8.797017">
        <ele>171.130107</ele>
        <time>2026-08-09T07:07:59.759Z</time>
      </trkpt>
      <trkpt lat="42.171169" lon="-8.796753">
        <ele>169.291257</ele>
        <time>2026-08-09T07:08:27.463Z</time>
      </trkpt>
      <trkpt lat="42.171163" lon="-8.796686">
        <ele>168.903420</ele>
        <time>2026-08-09T07:08:33.167Z</time>
      </trkpt>
      <trkpt lat="42.171196" lon="-8.796627">
        <ele>168.478639</ele>
        <time>2026-08-09T07:08:39.416Z</time>
      </trkpt>
      <trkpt lat="42.171349" lon="-8.796600">
        <ele>167.282172</ele>
        <time>2026-08-09T07:08:56.976Z</time>
      </trkpt>
      <trkpt lat="42.171537" lon="-8.796650">
        <ele>165.796370</ele>
        <time>2026-08-09T07:09:18.389Z</time>
      </trkpt>
      <trkpt lat="42.171826" lon="-8.796629">
        <ele>163.278550</ele>
        <time>2026-08-09T07:09:50.553Z</time>
      </trkpt>
      <trkpt lat="42.172308" lon="-8.796658">
        <ele>158.900259</ele>
        <time>2026-08-09T07:10:46.868Z</time>
      </trkpt>
      <trkpt lat="42.172515" lon="-8.796669">
        <ele>157.020366</ele>
        <time>2026-08-09T07:11:11.538Z</time>
      </trkpt>
      <trkpt lat="42.172652" lon="-8.796957">
        <ele>154.718795</ele>
        <time>2026-08-09T07:11:42.109Z</time>
      </trkpt>
      <trkpt lat="42.172973" lon="-8.797347">
        <ele>150.799000</ele>
        <time>2026-08-09T07:12:34.273Z</time>
      </trkpt>
      <trkpt lat="42.174151" lon="-8.798289">
        <ele>138.722623</ele>
        <time>2026-08-09T07:15:18.820Z</time>
      </trkpt>
      <trkpt lat="42.174262" lon="-8.798343">
        <ele>137.687663</ele>
        <time>2026-08-09T07:15:32.462Z</time>
      </trkpt>
      <trkpt lat="42.174430" lon="-8.798381">
        <ele>136.193525</ele>
        <time>2026-08-09T07:15:52.006Z</time>
      </trkpt>
      <trkpt lat="42.174852" lon="-8.798547">
        <ele>132.775984</ele>
        <time>2026-08-09T07:16:41.867Z</time>
      </trkpt>
      <trkpt lat="42.175621" lon="-8.798511">
        <ele>130.116878</ele>
        <time>2026-08-09T07:18:05.532Z</time>
      </trkpt>
      <trkpt lat="42.175962" lon="-8.798424">
        <ele>128.917573</ele>
        <time>2026-08-09T07:18:42.386Z</time>
      </trkpt>
      <trkpt lat="42.176103" lon="-8.798394">
        <ele>128.424286</ele>
        <time>2026-08-09T07:18:57.373Z</time>
      </trkpt>
      <trkpt lat="42.176687" lon="-8.798370">
        <ele>127.188626</ele>
        <time>2026-08-09T07:19:58.817Z</time>
      </trkpt>
      <trkpt lat="42.176856" lon="-8.798340">
        <ele>127.648798</ele>
        <time>2026-08-09T07:20:15.965Z</time>
      </trkpt>
      <trkpt lat="42.177044" lon="-8.798145">
        <ele>128.288946</ele>
        <time>2026-08-09T07:20:41.363Z</time>
      </trkpt>
      <trkpt lat="42.177202" lon="-8.797810">
        <ele>129.083380</ele>
        <time>2026-08-09T07:21:13.665Z</time>
      </trkpt>
      <trkpt lat="42.177294" lon="-8.797762">
        <ele>129.349667</ele>
        <time>2026-08-09T07:21:24.587Z</time>
      </trkpt>
      <trkpt lat="42.177283" lon="-8.797245">
        <ele>130.384420</ele>
        <time>2026-08-09T07:22:09.359Z</time>
      </trkpt>
      <trkpt lat="42.177307" lon="-8.796736">
        <ele>131.404801</ele>
        <time>2026-08-09T07:22:53.993Z</time>
      </trkpt>
      <trkpt lat="42.177312" lon="-8.796397">
        <ele>131.668160</ele>
        <time>2026-08-09T07:23:23.847Z</time>
      </trkpt>
      <trkpt lat="42.177254" lon="-8.796140">
        <ele>131.622391</ele>
        <time>2026-08-09T07:23:47.563Z</time>
      </trkpt>
      <trkpt lat="42.177268" lon="-8.795932">
        <ele>131.586810</ele>
        <time>2026-08-09T07:24:05.542Z</time>
      </trkpt>
      <trkpt lat="42.177361" lon="-8.795498">
        <ele>131.509843</ele>
        <time>2026-08-09T07:24:41.395Z</time>
      </trkpt>
      <trkpt lat="42.177498" lon="-8.795208">
        <ele>131.451253</ele>
        <time>2026-08-09T07:25:07.198Z</time>
      </trkpt>
      <trkpt lat="42.177601" lon="-8.795140">
        <ele>131.424893</ele>
        <time>2026-08-09T07:25:19.197Z</time>
      </trkpt>
      <trkpt lat="42.178066" lon="-8.794695">
        <ele>131.293841</ele>
        <time>2026-08-09T07:26:21.593Z</time>
      </trkpt>
      <trkpt lat="42.178279" lon="-8.794562">
        <ele>129.641844</ele>
        <time>2026-08-09T07:26:48.168Z</time>
      </trkpt>
      <trkpt lat="42.178552" lon="-8.794459">
        <ele>127.377419</ele>
        <time>2026-08-09T07:27:20.637Z</time>
      </trkpt>
      <trkpt lat="42.178722" lon="-8.794264">
        <ele>125.595093</ele>
        <time>2026-08-09T07:27:46.269Z</time>
      </trkpt>
      <trkpt lat="42.178903" lon="-8.793961">
        <ele>123.291226</ele>
        <time>2026-08-09T07:28:19.783Z</time>
      </trkpt>
      <trkpt lat="42.179072" lon="-8.793237">
        <ele>118.797772</ele>
        <time>2026-08-09T07:29:26.376Z</time>
      </trkpt>
      <trkpt lat="42.179222" lon="-8.792895">
        <ele>116.516809</ele>
        <time>2026-08-09T07:30:01.745Z</time>
      </trkpt>
      <trkpt lat="42.179611" lon="-8.792263">
        <ele>112.387874</ele>
        <time>2026-08-09T07:31:14.395Z</time>
      </trkpt>
      <trkpt lat="42.179941" lon="-8.791988">
        <ele>109.757526</ele>
        <time>2026-08-09T07:31:58.933Z</time>
      </trkpt>
      <trkpt lat="42.180185" lon="-8.791635">
        <ele>107.331527</ele>
        <time>2026-08-09T07:32:38.839Z</time>
      </trkpt>
      <trkpt lat="42.180248" lon="-8.791430">
        <ele>106.216199</ele>
        <time>2026-08-09T07:32:56.779Z</time>
      </trkpt>
      <trkpt lat="42.180354" lon="-8.791201">
        <ele>104.859270</ele>
        <time>2026-08-09T07:33:17.982Z</time>
      </trkpt>
      <trkpt lat="42.180389" lon="-8.791013">
        <ele>104.353801</ele>
        <time>2026-08-09T07:33:33.010Z</time>
      </trkpt>
      <trkpt lat="42.180411" lon="-8.790288">
        <ele>102.751591</ele>
        <time>2026-08-09T07:34:28.638Z</time>
      </trkpt>
      <trkpt lat="42.180435" lon="-8.790148">
        <ele>102.434294</ele>
        <time>2026-08-09T07:34:39.490Z</time>
      </trkpt>
      <trkpt lat="42.180553" lon="-8.789890">
        <ele>101.764837</ele>
        <time>2026-08-09T07:35:02.607Z</time>
      </trkpt>
      <trkpt lat="42.180689" lon="-8.789732">
        <ele>101.230104</ele>
        <time>2026-08-09T07:35:21.351Z</time>
      </trkpt>
      <trkpt lat="42.181157" lon="-8.789430">
        <ele>99.684347</ele>
        <time>2026-08-09T07:36:16.426Z</time>
      </trkpt>
      <trkpt lat="42.181344" lon="-8.789240">
        <ele>98.314226</ele>
        <time>2026-08-09T07:36:42.235Z</time>
      </trkpt>
      <trkpt lat="42.181374" lon="-8.789147">
        <ele>97.688298</ele>
        <time>2026-08-09T07:36:50.685Z</time>
      </trkpt>
      <trkpt lat="42.181379" lon="-8.789023">
        <ele>96.921956</ele>
        <time>2026-08-09T07:37:01.120Z</time>
      </trkpt>
      <trkpt lat="42.181289" lon="-8.788352">
        <ele>92.713898</ele>
        <time>2026-08-09T07:37:59.941Z</time>
      </trkpt>
      <trkpt lat="42.181388" lon="-8.788216">
        <ele>91.537431</ele>
        <time>2026-08-09T07:38:16.536Z</time>
      </trkpt>
      <trkpt lat="42.181593" lon="-8.788075">
        <ele>89.621293</ele>
        <time>2026-08-09T07:38:43.899Z</time>
      </trkpt>
      <trkpt lat="42.181634" lon="-8.788022">
        <ele>89.148481</ele>
        <time>2026-08-09T07:38:50.681Z</time>
      </trkpt>
      <trkpt lat="42.181761" lon="-8.787661">
        <ele>86.682437</ele>
        <time>2026-08-09T07:39:26.651Z</time>
      </trkpt>
      <trkpt lat="42.181809" lon="-8.787525">
        <ele>85.752848</ele>
        <time>2026-08-09T07:39:40.315Z</time>
      </trkpt>
      <trkpt lat="42.181871" lon="-8.787462">
        <ele>85.106527</ele>
        <time>2026-08-09T07:39:49.793Z</time>
      </trkpt>
      <trkpt lat="42.182035" lon="-8.787379">
        <ele>83.919671</ele>
        <time>2026-08-09T07:40:11.185Z</time>
      </trkpt>
      <trkpt lat="42.182185" lon="-8.787345">
        <ele>83.121312</ele>
        <time>2026-08-09T07:40:29.765Z</time>
      </trkpt>
      <trkpt lat="42.182546" lon="-8.787464">
        <ele>81.170762</ele>
        <time>2026-08-09T07:41:12.883Z</time>
      </trkpt>
      <trkpt lat="42.182834" lon="-8.787524">
        <ele>79.641182</ele>
        <time>2026-08-09T07:41:45.557Z</time>
      </trkpt>
      <trkpt lat="42.183251" lon="-8.787465">
        <ele>77.440408</ele>
        <time>2026-08-09T07:42:30.728Z</time>
      </trkpt>
      <trkpt lat="42.183349" lon="-8.787412">
        <ele>76.886252</ele>
        <time>2026-08-09T07:42:41.836Z</time>
      </trkpt>
      <trkpt lat="42.183526" lon="-8.787249">
        <ele>75.761506</ele>
        <time>2026-08-09T07:43:03.940Z</time>
      </trkpt>
      <trkpt lat="42.184028" lon="-8.786689">
        <ele>74.535886</ele>
        <time>2026-08-09T07:44:10.495Z</time>
      </trkpt>
      <trkpt lat="42.184326" lon="-8.786486">
        <ele>74.262019</ele>
        <time>2026-08-09T07:44:44.360Z</time>
      </trkpt>
      <trkpt lat="42.184775" lon="-8.786124">
        <ele>73.832920</ele>
        <time>2026-08-09T07:45:38.448Z</time>
      </trkpt>
      <trkpt lat="42.184973" lon="-8.786029">
        <ele>73.660516</ele>
        <time>2026-08-09T07:45:59.887Z</time>
      </trkpt>
      <trkpt lat="42.185112" lon="-8.785892">
        <ele>73.519303</ele>
        <time>2026-08-09T07:46:17.433Z</time>
      </trkpt>
      <trkpt lat="42.185178" lon="-8.785817">
        <ele>73.491470</ele>
        <time>2026-08-09T07:46:26.203Z</time>
      </trkpt>
      <trkpt lat="42.185428" lon="-8.785350">
        <ele>73.977135</ele>
        <time>2026-08-09T07:47:09.335Z</time>
      </trkpt>
      <trkpt lat="42.185649" lon="-8.784987">
        <ele>74.373179</ele>
        <time>2026-08-09T07:47:44.372Z</time>
      </trkpt>
      <trkpt lat="42.185865" lon="-8.784638">
        <ele>74.756505</ele>
        <time>2026-08-09T07:48:20.022Z</time>
      </trkpt>
      <trkpt lat="42.186015" lon="-8.784244">
        <ele>75.129911</ele>
        <time>2026-08-09T07:48:56.748Z</time>
      </trkpt>
      <trkpt lat="42.186047" lon="-8.784092">
        <ele>75.263115</ele>
        <time>2026-08-09T07:49:10.024Z</time>
      </trkpt>
      <trkpt lat="42.185856" lon="-8.783557">
        <ele>75.290851</ele>
        <time>2026-08-09T07:49:58.322Z</time>
      </trkpt>
      <trkpt lat="42.185757" lon="-8.782994">
        <ele>74.859532</ele>
        <time>2026-08-09T07:50:43.968Z</time>
      </trkpt>
      <trkpt lat="42.185678" lon="-8.782735">
        <ele>74.650754</ele>
        <time>2026-08-09T07:51:05.421Z</time>
      </trkpt>
      <trkpt lat="42.185464" lon="-8.782322">
        <ele>74.275095</ele>
        <time>2026-08-09T07:51:43.446Z</time>
      </trkpt>
      <trkpt lat="42.185400" lon="-8.782045">
        <ele>74.058812</ele>
        <time>2026-08-09T07:52:06.186Z</time>
      </trkpt>
      <trkpt lat="42.185401" lon="-8.781715">
        <ele>73.812825</ele>
        <time>2026-08-09T07:52:32.907Z</time>
      </trkpt>
      <trkpt lat="42.185443" lon="-8.781445">
        <ele>72.823008</ele>
        <time>2026-08-09T07:52:55.868Z</time>
      </trkpt>
      <trkpt lat="42.185428" lon="-8.780862">
        <ele>68.842886</ele>
        <time>2026-08-09T07:53:46.199Z</time>
      </trkpt>
      <trkpt lat="42.185492" lon="-8.780471">
        <ele>66.110837</ele>
        <time>2026-08-09T07:54:21.521Z</time>
      </trkpt>
      <trkpt lat="42.185498" lon="-8.780194">
        <ele>64.220101</ele>
        <time>2026-08-09T07:54:46.833Z</time>
      </trkpt>
      <trkpt lat="42.185582" lon="-8.779856">
        <ele>61.787726</ele>
        <time>2026-08-09T07:55:19.971Z</time>
      </trkpt>
      <trkpt lat="42.185605" lon="-8.779526">
        <ele>59.526251</ele>
        <time>2026-08-09T07:55:50.307Z</time>
      </trkpt>
      <trkpt lat="42.185649" lon="-8.779342">
        <ele>58.207093</ele>
        <time>2026-08-09T07:56:07.676Z</time>
      </trkpt>
      <trkpt lat="42.185714" lon="-8.779216">
        <ele>57.159589</ele>
        <time>2026-08-09T07:56:21.251Z</time>
      </trkpt>
      <trkpt lat="42.185794" lon="-8.779144">
        <ele>56.727136</ele>
        <time>2026-08-09T07:56:32.612Z</time>
      </trkpt>
      <trkpt lat="42.185929" lon="-8.779086">
        <ele>56.103842</ele>
        <time>2026-08-09T07:56:48.953Z</time>
      </trkpt>
      <trkpt lat="42.186175" lon="-8.778814">
        <ele>54.704738</ele>
        <time>2026-08-09T07:57:24.947Z</time>
      </trkpt>
      <trkpt lat="42.186556" lon="-8.778527">
        <ele>52.785127</ele>
        <time>2026-08-09T07:58:12.356Z</time>
      </trkpt>
      <trkpt lat="42.186730" lon="-8.778277">
        <ele>51.667028</ele>
        <time>2026-08-09T07:58:39.797Z</time>
      </trkpt>
      <trkpt lat="42.187083" lon="-8.777627">
        <ele>49.218749</ele>
        <time>2026-08-09T07:59:40.461Z</time>
      </trkpt>
      <trkpt lat="42.187095" lon="-8.777603">
        <ele>49.213854</ele>
        <time>2026-08-09T07:59:42.673Z</time>
      </trkpt>
      <trkpt lat="42.187109" lon="-8.777577">
        <ele>49.208420</ele>
        <time>2026-08-09T07:59:45.010Z</time>
      </trkpt>
      <trkpt lat="42.187172" lon="-8.777454">
        <ele>49.183140</ele>
        <time>2026-08-09T07:59:56.493Z</time>
      </trkpt>
      <trkpt lat="42.187200" lon="-8.777479">
        <ele>49.175480</ele>
        <time>2026-08-09T07:59:59.885Z</time>
      </trkpt>
      <trkpt lat="42.187241" lon="-8.777514">
        <ele>49.164410</ele>
        <time>2026-08-09T08:00:04.714Z</time>
      </trkpt>
      <trkpt lat="42.187265" lon="-8.777535">
        <ele>49.157884</ele>
        <time>2026-08-09T08:00:07.702Z</time>
      </trkpt>
      <trkpt lat="42.187303" lon="-8.777466">
        <ele>49.143349</ele>
        <time>2026-08-09T08:00:14.398Z</time>
      </trkpt>
      <trkpt lat="42.187473" lon="-8.777284">
        <ele>49.093837</ele>
        <time>2026-08-09T08:00:36.184Z</time>
      </trkpt>
      <trkpt lat="42.187613" lon="-8.777247">
        <ele>49.061286</ele>
        <time>2026-08-09T08:00:50.685Z</time>
      </trkpt>
      <trkpt lat="42.187917" lon="-8.776874">
        <ele>48.967541</ele>
        <time>2026-08-09T08:01:32.366Z</time>
      </trkpt>
      <trkpt lat="42.188021" lon="-8.776808">
        <ele>48.941319</ele>
        <time>2026-08-09T08:01:44.064Z</time>
      </trkpt>
      <trkpt lat="42.188543" lon="-8.776586">
        <ele>48.818431</ele>
        <time>2026-08-09T08:02:39.069Z</time>
      </trkpt>
      <trkpt lat="42.188712" lon="-8.776550">
        <ele>48.825476</ele>
        <time>2026-08-09T08:02:56.563Z</time>
      </trkpt>
      <trkpt lat="42.188738" lon="-8.776566">
        <ele>48.826653</ele>
        <time>2026-08-09T08:02:59.464Z</time>
      </trkpt>
      <trkpt lat="42.188783" lon="-8.776553">
        <ele>48.828547</ele>
        <time>2026-08-09T08:03:04.127Z</time>
      </trkpt>
      <trkpt lat="42.188834" lon="-8.776543">
        <ele>48.830669</ele>
        <time>2026-08-09T08:03:09.457Z</time>
      </trkpt>
      <trkpt lat="42.189051" lon="-8.776472">
        <ele>48.839863</ele>
        <time>2026-08-09T08:03:32.257Z</time>
      </trkpt>
      <trkpt lat="42.189041" lon="-8.776402">
        <ele>48.842038</ele>
        <time>2026-08-09T08:03:37.627Z</time>
      </trkpt>
      <trkpt lat="42.189028" lon="-8.776323">
        <ele>48.844507</ele>
        <time>2026-08-09T08:03:43.875Z</time>
      </trkpt>
      <trkpt lat="42.189235" lon="-8.776271">
        <ele>48.853177</ele>
        <time>2026-08-09T08:04:05.356Z</time>
      </trkpt>
      <trkpt lat="42.189285" lon="-8.776266">
        <ele>48.855241</ele>
        <time>2026-08-09T08:04:10.568Z</time>
      </trkpt>
      <trkpt lat="42.189345" lon="-8.776102">
        <ele>48.860821</ele>
        <time>2026-08-09T08:04:24.893Z</time>
      </trkpt>
      <trkpt lat="42.189762" lon="-8.775604">
        <ele>48.883748</ele>
        <time>2026-08-09T08:05:20.645Z</time>
      </trkpt>
      <trkpt lat="42.189920" lon="-8.775434">
        <ele>48.892068</ele>
        <time>2026-08-09T08:05:41.170Z</time>
      </trkpt>
      <trkpt lat="42.190009" lon="-8.775264">
        <ele>48.324924</ele>
        <time>2026-08-09T08:05:57.071Z</time>
      </trkpt>
      <trkpt lat="42.190075" lon="-8.775075">
        <ele>47.744701</ele>
        <time>2026-08-09T08:06:13.098Z</time>
      </trkpt>
      <trkpt lat="42.190341" lon="-8.775154">
        <ele>46.723877</ele>
        <time>2026-08-09T08:06:41.911Z</time>
      </trkpt>
      <trkpt lat="42.190474" lon="-8.775123">
        <ele>46.218013</ele>
        <time>2026-08-09T08:06:56.294Z</time>
      </trkpt>
      <trkpt lat="42.190813" lon="-8.775078">
        <ele>44.941306</ele>
        <time>2026-08-09T08:07:33.153Z</time>
      </trkpt>
      <trkpt lat="42.191326" lon="-8.774799">
        <ele>42.868347</ele>
        <time>2026-08-09T08:08:35.035Z</time>
      </trkpt>
      <trkpt lat="42.191511" lon="-8.774725">
        <ele>42.144650</ele>
        <time>2026-08-09T08:08:56.565Z</time>
      </trkpt>
      <trkpt lat="42.192062" lon="-8.774370">
        <ele>39.652918</ele>
        <time>2026-08-09T08:10:03.923Z</time>
      </trkpt>
      <trkpt lat="42.192163" lon="-8.774354">
        <ele>39.237900</ele>
        <time>2026-08-09T08:10:15.130Z</time>
      </trkpt>
      <trkpt lat="42.192276" lon="-8.774475">
        <ele>38.649236</ele>
        <time>2026-08-09T08:10:30.897Z</time>
      </trkpt>
      <trkpt lat="42.192301" lon="-8.774446">
        <ele>38.514707</ele>
        <time>2026-08-09T08:10:34.523Z</time>
      </trkpt>
      <trkpt lat="42.192426" lon="-8.774296">
        <ele>37.832107</ele>
        <time>2026-08-09T08:10:52.638Z</time>
      </trkpt>
      <trkpt lat="42.192616" lon="-8.773953">
        <ele>36.537177</ele>
        <time>2026-08-09T08:11:26.852Z</time>
      </trkpt>
      <trkpt lat="42.192648" lon="-8.773889">
        <ele>36.303720</ele>
        <time>2026-08-09T08:11:33.013Z</time>
      </trkpt>
      <trkpt lat="42.192712" lon="-8.773765">
        <ele>35.846782</ele>
        <time>2026-08-09T08:11:45.216Z</time>
      </trkpt>
      <trkpt lat="42.192777" lon="-8.773646">
        <ele>35.399756</ele>
        <time>2026-08-09T08:11:57.106Z</time>
      </trkpt>
      <trkpt lat="42.193140" lon="-8.772981">
        <ele>34.282349</ele>
        <time>2026-08-09T08:12:59.801Z</time>
      </trkpt>
      <trkpt lat="42.193198" lon="-8.772767">
        <ele>34.091671</ele>
        <time>2026-08-09T08:13:16.965Z</time>
      </trkpt>
      <trkpt lat="42.193358" lon="-8.772635">
        <ele>33.879877</ele>
        <time>2026-08-09T08:13:36.283Z</time>
      </trkpt>
      <trkpt lat="42.193473" lon="-8.772469">
        <ele>33.689705</ele>
        <time>2026-08-09T08:13:53.555Z</time>
      </trkpt>
      <trkpt lat="42.193683" lon="-8.772065">
        <ele>33.276740</ele>
        <time>2026-08-09T08:14:30.737Z</time>
      </trkpt>
      <trkpt lat="42.193709" lon="-8.772016">
        <ele>33.226306</ele>
        <time>2026-08-09T08:14:35.369Z</time>
      </trkpt>
      <trkpt lat="42.193738" lon="-8.771959">
        <ele>33.168447</ele>
        <time>2026-08-09T08:14:40.626Z</time>
      </trkpt>
      <trkpt lat="42.194263" lon="-8.770717">
        <ele>32.310701</ele>
        <time>2026-08-09T08:16:27.062Z</time>
      </trkpt>
      <trkpt lat="42.194291" lon="-8.770646">
        <ele>32.271650</ele>
        <time>2026-08-09T08:16:33.286Z</time>
      </trkpt>
      <trkpt lat="42.194323" lon="-8.770565">
        <ele>32.227082</ele>
        <time>2026-08-09T08:16:40.439Z</time>
      </trkpt>
      <trkpt lat="42.194564" lon="-8.769843">
        <ele>31.842605</ele>
        <time>2026-08-09T08:17:40.638Z</time>
      </trkpt>
      <trkpt lat="42.194877" lon="-8.768478">
        <ele>30.828935</ele>
        <time>2026-08-09T08:19:27.101Z</time>
      </trkpt>
      <trkpt lat="42.195045" lon="-8.768059">
        <ele>30.433689</ele>
        <time>2026-08-09T08:20:03.100Z</time>
      </trkpt>
      <trkpt lat="42.195233" lon="-8.767701">
        <ele>30.069648</ele>
        <time>2026-08-09T08:20:36.443Z</time>
      </trkpt>
      <trkpt lat="42.195270" lon="-8.767631">
        <ele>29.998311</ele>
        <time>2026-08-09T08:20:43.108Z</time>
      </trkpt>
      <trkpt lat="42.195295" lon="-8.767583">
        <ele>29.949634</ele>
        <time>2026-08-09T08:20:47.581Z</time>
      </trkpt>
      <trkpt lat="42.195324" lon="-8.767550">
        <ele>29.907160</ele>
        <time>2026-08-09T08:20:51.544Z</time>
      </trkpt>
      <trkpt lat="42.195356" lon="-8.767586">
        <ele>29.860513</ele>
        <time>2026-08-09T08:20:55.871Z</time>
      </trkpt>
      <trkpt lat="42.195391" lon="-8.767625">
        <ele>29.809692</ele>
        <time>2026-08-09T08:21:00.615Z</time>
      </trkpt>
      <trkpt lat="42.195421" lon="-8.767660">
        <ele>29.765289</ele>
        <time>2026-08-09T08:21:04.772Z</time>
      </trkpt>
      <trkpt lat="42.195482" lon="-8.767563">
        <ele>29.659736</ele>
        <time>2026-08-09T08:21:14.598Z</time>
      </trkpt>
      <trkpt lat="42.195551" lon="-8.767492">
        <ele>29.524509</ele>
        <time>2026-08-09T08:21:23.661Z</time>
      </trkpt>
      <trkpt lat="42.195685" lon="-8.767422">
        <ele>29.104183</ele>
        <time>2026-08-09T08:21:38.788Z</time>
      </trkpt>
      <trkpt lat="42.195703" lon="-8.767327">
        <ele>28.891668</ele>
        <time>2026-08-09T08:21:46.460Z</time>
      </trkpt>
      <trkpt lat="42.196159" lon="-8.767459">
        <ele>27.527389</ele>
        <time>2026-08-09T08:22:35.675Z</time>
      </trkpt>
      <trkpt lat="42.196440" lon="-8.767606">
        <ele>26.645796</ele>
        <time>2026-08-09T08:23:07.712Z</time>
      </trkpt>
      <trkpt lat="42.196643" lon="-8.767698">
        <ele>26.019377</ele>
        <time>2026-08-09T08:23:30.570Z</time>
      </trkpt>
      <trkpt lat="42.196714" lon="-8.767703">
        <ele>25.811396</ele>
        <time>2026-08-09T08:23:38.167Z</time>
      </trkpt>
      <trkpt lat="42.197328" lon="-8.767660">
        <ele>23.906091</ele>
        <time>2026-08-09T08:24:44.062Z</time>
      </trkpt>
      <trkpt lat="42.197889" lon="-8.767707">
        <ele>21.698839</ele>
        <time>2026-08-09T08:25:44.266Z</time>
      </trkpt>
      <trkpt lat="42.198024" lon="-8.767657">
        <ele>21.149109</ele>
        <time>2026-08-09T08:25:59.372Z</time>
      </trkpt>
      <trkpt lat="42.198177" lon="-8.767532">
        <ele>20.446808</ele>
        <time>2026-08-09T08:26:18.636Z</time>
      </trkpt>
      <trkpt lat="42.198216" lon="-8.767543">
        <ele>20.290350</ele>
        <time>2026-08-09T08:26:22.966Z</time>
      </trkpt>
      <trkpt lat="42.198286" lon="-8.767660">
        <ele>19.852838</ele>
        <time>2026-08-09T08:26:34.977Z</time>
      </trkpt>
      <trkpt lat="42.198450" lon="-8.768156">
        <ele>18.272693</ele>
        <time>2026-08-09T08:27:18.698Z</time>
      </trkpt>
      <trkpt lat="42.198530" lon="-8.768235">
        <ele>17.883447</ele>
        <time>2026-08-09T08:27:29.594Z</time>
      </trkpt>
      <trkpt lat="42.198809" lon="-8.768291">
        <ele>16.704829</ele>
        <time>2026-08-09T08:28:00.351Z</time>
      </trkpt>
      <trkpt lat="42.199713" lon="-8.768136">
        <ele>12.603492</ele>
        <time>2026-08-09T08:29:40.576Z</time>
      </trkpt>
      <trkpt lat="42.199758" lon="-8.768163">
        <ele>12.381854</ele>
        <time>2026-08-09T08:29:45.992Z</time>
      </trkpt>
      <trkpt lat="42.199906" lon="-8.768468">
        <ele>11.166197</ele>
        <time>2026-08-09T08:30:15.550Z</time>
      </trkpt>
      <trkpt lat="42.199957" lon="-8.768502">
        <ele>10.910194</ele>
        <time>2026-08-09T08:30:21.756Z</time>
      </trkpt>
      <trkpt lat="42.200116" lon="-8.768353">
        <ele>10.039044</ele>
        <time>2026-08-09T08:30:42.869Z</time>
      </trkpt>
      <trkpt lat="42.200151" lon="-8.768387">
        <ele>9.844970</ele>
        <time>2026-08-09T08:30:47.582Z</time>
      </trkpt>
      <trkpt lat="42.200193" lon="-8.768446">
        <ele>9.572154</ele>
        <time>2026-08-09T08:30:54.154Z</time>
      </trkpt>
      <trkpt lat="42.200389" lon="-8.768824">
        <ele>8.574814</ele>
        <time>2026-08-09T08:31:31.084Z</time>
      </trkpt>
      <trkpt lat="42.200420" lon="-8.768797">
        <ele>8.488097</ele>
        <time>2026-08-09T08:31:35.149Z</time>
      </trkpt>
      <trkpt lat="42.200437" lon="-8.768830">
        <ele>8.418108</ele>
        <time>2026-08-09T08:31:38.335Z</time>
      </trkpt>
      <trkpt lat="42.200803" lon="-8.769531">
        <ele>6.924787</ele>
        <time>2026-08-09T08:32:45.732Z</time>
      </trkpt>
      <trkpt lat="42.200955" lon="-8.769819">
        <ele>6.309052</ele>
        <time>2026-08-09T08:33:12.820Z</time>
      </trkpt>
      <trkpt lat="42.201079" lon="-8.769990">
        <ele>5.892390</ele>
        <time>2026-08-09T08:33:31.009Z</time>
      </trkpt>
      <trkpt lat="42.201181" lon="-8.770060">
        <ele>5.623433</ele>
        <time>2026-08-09T08:33:42.763Z</time>
      </trkpt>
      <trkpt lat="42.201246" lon="-8.770067">
        <ele>5.470164</ele>
        <time>2026-08-09T08:33:49.440Z</time>
      </trkpt>
      <trkpt lat="42.201244" lon="-8.770126">
        <ele>5.367324</ele>
        <time>2026-08-09T08:33:53.915Z</time>
      </trkpt>
      <trkpt lat="42.201246" lon="-8.770067">
        <ele>5.264483</ele>
        <time>2026-08-09T08:33:58.350Z</time>
      </trkpt>
      <trkpt lat="42.201242" lon="-8.769923">
        <ele>5.013569</ele>
        <time>2026-08-09T08:34:09.233Z</time>
      </trkpt>
      <trkpt lat="42.201137" lon="-8.769427">
        <ele>4.760156</ele>
        <time>2026-08-09T08:34:48.073Z</time>
      </trkpt>
      <trkpt lat="42.201130" lon="-8.769364">
        <ele>4.736124</ele>
        <time>2026-08-09T08:34:52.840Z</time>
      </trkpt>
      <trkpt lat="42.201180" lon="-8.769340">
        <ele>4.709100</ele>
        <time>2026-08-09T08:34:58.270Z</time>
      </trkpt>
      <trkpt lat="42.201362" lon="-8.769276">
        <ele>4.613325</ele>
        <time>2026-08-09T08:35:17.338Z</time>
      </trkpt>
      <trkpt lat="42.201444" lon="-8.769237">
        <ele>4.569051</ele>
        <time>2026-08-09T08:35:26.171Z</time>
      </trkpt>
      <trkpt lat="42.201372" lon="-8.768826">
        <ele>4.409729</ele>
        <time>2026-08-09T08:35:57.856Z</time>
      </trkpt>
      <trkpt lat="42.201283" lon="-8.767951">
        <ele>4.076545</ele>
        <time>2026-08-09T08:37:03.865Z</time>
      </trkpt>
      <trkpt lat="42.201269" lon="-8.767612">
        <ele>4.068430</ele>
        <time>2026-08-09T08:37:29.138Z</time>
      </trkpt>
      <trkpt lat="42.201294" lon="-8.767290">
        <ele>4.144074</ele>
        <time>2026-08-09T08:37:53.456Z</time>
      </trkpt>
      <trkpt lat="42.201395" lon="-8.766981">
        <ele>4.222983</ele>
        <time>2026-08-09T08:38:18.928Z</time>
      </trkpt>
      <trkpt lat="42.201590" lon="-8.766554">
        <ele>4.340180</ele>
        <time>2026-08-09T08:38:56.983Z</time>
      </trkpt>
      <trkpt lat="42.201739" lon="-8.766346">
        <ele>4.407781</ele>
        <time>2026-08-09T08:39:18.830Z</time>
      </trkpt>
      <trkpt lat="42.201828" lon="-8.766158">
        <ele>4.459908</ele>
        <time>2026-08-09T08:39:35.770Z</time>
      </trkpt>
      <trkpt lat="42.201852" lon="-8.765873">
        <ele>4.526923</ele>
        <time>2026-08-09T08:39:57.361Z</time>
      </trkpt>
      <trkpt lat="42.201824" lon="-8.765643">
        <ele>4.581380</ele>
        <time>2026-08-09T08:40:14.864Z</time>
      </trkpt>
      <trkpt lat="42.201785" lon="-8.765415">
        <ele>4.564484</ele>
        <time>2026-08-09T08:40:32.271Z</time>
      </trkpt>
      <trkpt lat="42.201768" lon="-8.765080">
        <ele>4.521485</ele>
        <time>2026-08-09T08:40:57.214Z</time>
      </trkpt>
      <trkpt lat="42.201685" lon="-8.763442">
        <ele>4.311244</ele>
        <time>2026-08-09T08:43:00.097Z</time>
      </trkpt>
      <trkpt lat="42.201629" lon="-8.762799">
        <ele>4.347807</ele>
        <time>2026-08-09T08:43:48.234Z</time>
      </trkpt>
      <trkpt lat="42.201619" lon="-8.762128">
        <ele>4.464911</ele>
        <time>2026-08-09T08:44:38.247Z</time>
      </trkpt>
      <trkpt lat="42.201643" lon="-8.761685">
        <ele>4.542415</ele>
        <time>2026-08-09T08:45:11.648Z</time>
      </trkpt>
      <trkpt lat="42.201667" lon="-8.761136">
        <ele>4.638375</ele>
        <time>2026-08-09T08:45:53.003Z</time>
      </trkpt>
      <trkpt lat="42.202016" lon="-8.760262">
        <ele>4.866069</ele>
        <time>2026-08-09T08:47:07.820Z</time>
      </trkpt>
      <trkpt lat="42.202806" lon="-8.758780">
        <ele>5.340821</ele>
        <time>2026-08-09T08:49:25.065Z</time>
      </trkpt>
      <trkpt lat="42.203339" lon="-8.757798">
        <ele>5.505450</ele>
        <time>2026-08-09T08:50:55.667Z</time>
      </trkpt>
      <trkpt lat="42.203648" lon="-8.757120">
        <ele>5.613099</ele>
        <time>2026-08-09T08:51:54.733Z</time>
      </trkpt>
      <trkpt lat="42.204256" lon="-8.756098">
        <ele>5.900044</ele>
        <time>2026-08-09T08:53:32.900Z</time>
      </trkpt>
      <trkpt lat="42.204681" lon="-8.755255">
        <ele>6.159656</ele>
        <time>2026-08-09T08:54:49.535Z</time>
      </trkpt>
      <trkpt lat="42.205689" lon="-8.753878">
        <ele>6.544381</ele>
        <time>2026-08-09T08:57:15.320Z</time>
      </trkpt>
      <trkpt lat="42.206257" lon="-8.752852">
        <ele>6.735173</ele>
        <time>2026-08-09T08:58:50.379Z</time>
      </trkpt>
      <trkpt lat="42.206320" lon="-8.752578">
        <ele>6.748849</ele>
        <time>2026-08-09T08:59:11.759Z</time>
      </trkpt>
      <trkpt lat="42.206317" lon="-8.752330">
        <ele>6.760673</ele>
        <time>2026-08-09T08:59:30.232Z</time>
      </trkpt>
      <trkpt lat="42.206268" lon="-8.751814">
        <ele>6.785471</ele>
        <time>2026-08-09T09:00:08.882Z</time>
      </trkpt>
      <trkpt lat="42.206290" lon="-8.751568">
        <ele>6.797283</ele>
        <time>2026-08-09T09:00:27.320Z</time>
      </trkpt>
      <trkpt lat="42.206285" lon="-8.751489">
        <ele>6.801063</ele>
        <time>2026-08-09T09:00:33.207Z</time>
      </trkpt>
      <trkpt lat="42.206278" lon="-8.751389">
        <ele>6.805851</ele>
        <time>2026-08-09T09:00:40.701Z</time>
      </trkpt>
      <trkpt lat="42.206215" lon="-8.750946">
        <ele>6.827354</ele>
        <time>2026-08-09T09:01:14.265Z</time>
      </trkpt>
      <trkpt lat="42.206225" lon="-8.750570">
        <ele>6.850177</ele>
        <time>2026-08-09T09:01:42.354Z</time>
      </trkpt>
      <trkpt lat="42.206531" lon="-8.749640">
        <ele>6.926165</ele>
        <time>2026-08-09T09:02:59.067Z</time>
      </trkpt>
      <trkpt lat="42.206718" lon="-8.749345">
        <ele>6.955158</ele>
        <time>2026-08-09T09:03:27.923Z</time>
      </trkpt>
      <trkpt lat="42.206951" lon="-8.749081">
        <ele>6.985823</ele>
        <time>2026-08-09T09:03:58.509Z</time>
      </trkpt>
      <trkpt lat="42.207401" lon="-8.748695">
        <ele>7.042136</ele>
        <time>2026-08-09T09:04:52.182Z</time>
      </trkpt>
      <trkpt lat="42.208296" lon="-8.748077">
        <ele>7.155524</ele>
        <time>2026-08-09T09:06:32.883Z</time>
      </trkpt>
      <trkpt lat="42.208786" lon="-8.747629">
        <ele>7.226926</ele>
        <time>2026-08-09T09:07:33.074Z</time>
      </trkpt>
      <trkpt lat="42.208874" lon="-8.747580">
        <ele>7.272889</ele>
        <time>2026-08-09T09:07:42.755Z</time>
      </trkpt>
      <trkpt lat="42.209197" lon="-8.747201">
        <ele>7.479522</ele>
        <time>2026-08-09T09:08:26.580Z</time>
      </trkpt>
      <trkpt lat="42.209514" lon="-8.746612">
        <ele>7.739913</ele>
        <time>2026-08-09T09:09:21.828Z</time>
      </trkpt>
      <trkpt lat="42.209668" lon="-8.746200">
        <ele>7.904962</ele>
        <time>2026-08-09T09:09:56.658Z</time>
      </trkpt>
      <trkpt lat="42.209840" lon="-8.745574">
        <ele>8.096267</ele>
        <time>2026-08-09T09:10:46.571Z</time>
      </trkpt>
      <trkpt lat="42.209994" lon="-8.744583">
        <ele>8.142414</ele>
        <time>2026-08-09T09:12:01.805Z</time>
      </trkpt>
      <trkpt lat="42.210028" lon="-8.744335">
        <ele>8.153908</ele>
        <time>2026-08-09T09:12:20.505Z</time>
      </trkpt>
      <trkpt lat="42.209990" lon="-8.744331">
        <ele>8.156253</ele>
        <time>2026-08-09T09:12:24.334Z</time>
      </trkpt>
      <trkpt lat="42.209873" lon="-8.744309">
        <ele>8.163522</ele>
        <time>2026-08-09T09:12:36.128Z</time>
      </trkpt>
      <trkpt lat="42.209784" lon="-8.744297">
        <ele>8.169025</ele>
        <time>2026-08-09T09:12:45.104Z</time>
      </trkpt>
      <trkpt lat="42.209980" lon="-8.743296">
        <ele>8.202162</ele>
        <time>2026-08-09T09:14:01.922Z</time>
      </trkpt>
      <trkpt lat="42.209941" lon="-8.743187">
        <ele>8.202897</ele>
        <time>2026-08-09T09:14:10.883Z</time>
      </trkpt>
      <trkpt lat="42.209965" lon="-8.743065">
        <ele>8.203664</ele>
        <time>2026-08-09T09:14:20.230Z</time>
      </trkpt>
      <trkpt lat="42.210013" lon="-8.743021">
        <ele>8.204140</ele>
        <time>2026-08-09T09:14:26.056Z</time>
      </trkpt>
      <trkpt lat="42.210070" lon="-8.742713">
        <ele>8.206069</ele>
        <time>2026-08-09T09:14:49.607Z</time>
      </trkpt>
      <trkpt lat="42.210043" lon="-8.742649">
        <ele>8.206516</ele>
        <time>2026-08-09T09:14:55.039Z</time>
      </trkpt>
      <trkpt lat="42.210118" lon="-8.742317">
        <ele>8.208625</ele>
        <time>2026-08-09T09:15:20.858Z</time>
      </trkpt>
      <trkpt lat="42.210152" lon="-8.742295">
        <ele>8.208934</ele>
        <time>2026-08-09T09:15:24.637Z</time>
      </trkpt>
      <trkpt lat="42.210262" lon="-8.741816">
        <ele>8.211981</ele>
        <time>2026-08-09T09:16:01.835Z</time>
      </trkpt>
      <trkpt lat="42.210287" lon="-8.741784">
        <ele>8.212263</ele>
        <time>2026-08-09T09:16:05.318Z</time>
      </trkpt>
      <trkpt lat="42.210319" lon="-8.741608">
        <ele>8.213364</ele>
        <time>2026-08-09T09:16:18.729Z</time>
      </trkpt>
      <trkpt lat="42.210316" lon="-8.741491">
        <ele>8.214075</ele>
        <time>2026-08-09T09:16:27.417Z</time>
      </trkpt>
      <trkpt lat="42.210416" lon="-8.741167">
        <ele>8.237542</ele>
        <time>2026-08-09T09:16:53.448Z</time>
      </trkpt>
      <trkpt lat="42.210442" lon="-8.741010">
        <ele>8.252857</ele>
        <time>2026-08-09T09:17:05.461Z</time>
      </trkpt>
      <trkpt lat="42.210383" lon="-8.740982">
        <ele>8.260895</ele>
        <time>2026-08-09T09:17:11.775Z</time>
      </trkpt>
      <trkpt lat="42.210298" lon="-8.740942">
        <ele>8.272464</ele>
        <time>2026-08-09T09:17:20.840Z</time>
      </trkpt>
      <trkpt lat="42.210251" lon="-8.740925">
        <ele>8.278718</ele>
        <time>2026-08-09T09:17:25.735Z</time>
      </trkpt>
      <trkpt lat="42.210359" lon="-8.740561">
        <ele>8.316045</ele>
        <time>2026-08-09T09:17:54.931Z</time>
      </trkpt>
      <trkpt lat="42.211133" lon="-8.737958">
        <ele>8.738135</ele>
        <time>2026-08-09T09:21:23.923Z</time>
      </trkpt>
      <trkpt lat="42.211181" lon="-8.737685">
        <ele>8.795049</ele>
        <time>2026-08-09T09:21:44.964Z</time>
      </trkpt>
      <trkpt lat="42.211262" lon="-8.736650">
        <ele>9.242275</ele>
        <time>2026-08-09T09:23:03.418Z</time>
      </trkpt>
      <trkpt lat="42.211268" lon="-8.736593">
        <ele>9.294706</ele>
        <time>2026-08-09T09:23:07.725Z</time>
      </trkpt>
      <trkpt lat="42.211272" lon="-8.736550">
        <ele>9.334173</ele>
        <time>2026-08-09T09:23:11.093Z</time>
      </trkpt>
      <trkpt lat="42.211292" lon="-8.736262">
        <ele>9.597601</ele>
        <time>2026-08-09T09:23:32.979Z</time>
      </trkpt>
      <trkpt lat="42.211479" lon="-8.734087">
        <ele>11.651754</ele>
        <time>2026-08-09T09:26:24.286Z</time>
      </trkpt>
      <trkpt lat="42.211535" lon="-8.733410">
        <ele>12.356563</ele>
        <time>2026-08-09T09:27:17.556Z</time>
      </trkpt>
      <trkpt lat="42.211541" lon="-8.733341">
        <ele>12.428443</ele>
        <time>2026-08-09T09:27:23.053Z</time>
      </trkpt>
      <trkpt lat="42.211546" lon="-8.733275">
        <ele>12.497086</ele>
        <time>2026-08-09T09:27:28.138Z</time>
      </trkpt>
      <trkpt lat="42.211571" lon="-8.732929">
        <ele>12.856772</ele>
        <time>2026-08-09T09:27:55.163Z</time>
      </trkpt>
      <trkpt lat="42.211639" lon="-8.732940">
        <ele>12.952441</ele>
        <time>2026-08-09T09:28:02.298Z</time>
      </trkpt>
      <trkpt lat="42.211710" lon="-8.732955">
        <ele>13.052828</ele>
        <time>2026-08-09T09:28:09.859Z</time>
      </trkpt>
      <trkpt lat="42.211768" lon="-8.732963">
        <ele>13.134270</ele>
        <time>2026-08-09T09:28:15.908Z</time>
      </trkpt>
      <trkpt lat="42.211806" lon="-8.732969">
        <ele>13.187714</ele>
        <time>2026-08-09T09:28:19.949Z</time>
      </trkpt>
      <trkpt lat="42.211846" lon="-8.732975">
        <ele>13.243934</ele>
        <time>2026-08-09T09:28:24.181Z</time>
      </trkpt>
      <trkpt lat="42.211785" lon="-8.732703">
        <ele>13.537973</ele>
        <time>2026-08-09T09:28:46.247Z</time>
      </trkpt>
      <trkpt lat="42.211805" lon="-8.732594">
        <ele>13.654158</ele>
        <time>2026-08-09T09:28:54.894Z</time>
      </trkpt>
      <trkpt lat="42.211908" lon="-8.732409">
        <ele>13.775598</ele>
        <time>2026-08-09T09:29:12.857Z</time>
      </trkpt>
      <trkpt lat="42.212004" lon="-8.732326">
        <ele>13.853516</ele>
        <time>2026-08-09T09:29:24.774Z</time>
      </trkpt>
      <trkpt lat="42.212263" lon="-8.732336">
        <ele>14.030618</ele>
        <time>2026-08-09T09:29:51.569Z</time>
      </trkpt>
      <trkpt lat="42.212692" lon="-8.732345">
        <ele>14.323879</ele>
        <time>2026-08-09T09:30:35.850Z</time>
      </trkpt>
      <trkpt lat="42.213142" lon="-8.732354">
        <ele>14.631492</ele>
        <time>2026-08-09T09:31:20.917Z</time>
      </trkpt>
      <trkpt lat="42.213267" lon="-8.732366">
        <ele>14.717146</ele>
        <time>2026-08-09T09:31:33.596Z</time>
      </trkpt>
      <trkpt lat="42.213351" lon="-8.732483">
        <ele>14.799637</ele>
        <time>2026-08-09T09:31:45.939Z</time>
      </trkpt>
      <trkpt lat="42.213420" lon="-8.732514">
        <ele>14.849342</ele>
        <time>2026-08-09T09:31:53.396Z</time>
      </trkpt>
      <trkpt lat="42.213477" lon="-8.732541">
        <ele>14.890630</ele>
        <time>2026-08-09T09:31:59.607Z</time>
      </trkpt>
      <trkpt lat="42.213502" lon="-8.732465">
        <ele>14.941224</ele>
        <time>2026-08-09T09:32:05.853Z</time>
      </trkpt>
      <trkpt lat="42.213552" lon="-8.732414">
        <ele>14.992972</ele>
        <time>2026-08-09T09:32:12.281Z</time>
      </trkpt>
      <trkpt lat="42.213827" lon="-8.732394">
        <ele>15.220399</ele>
        <time>2026-08-09T09:32:40.315Z</time>
      </trkpt>
      <trkpt lat="42.213865" lon="-8.732402">
        <ele>15.252158</ele>
        <time>2026-08-09T09:32:44.300Z</time>
      </trkpt>
      <trkpt lat="42.213906" lon="-8.732410">
        <ele>15.286368</ele>
        <time>2026-08-09T09:32:48.474Z</time>
      </trkpt>
      <trkpt lat="42.214398" lon="-8.732430">
        <ele>15.692849</ele>
        <time>2026-08-09T09:33:37.921Z</time>
      </trkpt>
      <trkpt lat="42.214422" lon="-8.732430">
        <ele>15.712669</ele>
        <time>2026-08-09T09:33:40.270Z</time>
      </trkpt>
      <trkpt lat="42.214453" lon="-8.732430">
        <ele>15.738269</ele>
        <time>2026-08-09T09:33:43.433Z</time>
      </trkpt>
      <trkpt lat="42.214689" lon="-8.732439">
        <ele>15.933237</ele>
        <time>2026-08-09T09:34:07.125Z</time>
      </trkpt>
      <trkpt lat="42.214729" lon="-8.732441">
        <ele>15.966292</ele>
        <time>2026-08-09T09:34:11.233Z</time>
      </trkpt>
      <trkpt lat="42.214757" lon="-8.732442">
        <ele>15.989422</ele>
        <time>2026-08-09T09:34:14.152Z</time>
      </trkpt>
      <trkpt lat="42.214947" lon="-8.732450">
        <ele>16.146402</ele>
        <time>2026-08-09T09:34:33.975Z</time>
      </trkpt>
      <trkpt lat="42.215422" lon="-8.732464">
        <ele>17.312785</ele>
        <time>2026-08-09T09:35:25.916Z</time>
      </trkpt>
      <trkpt lat="42.215440" lon="-8.732485">
        <ele>17.426581</ele>
        <time>2026-08-09T09:35:28.565Z</time>
      </trkpt>
      <trkpt lat="42.215512" lon="-8.732489">
        <ele>17.771291</ele>
        <time>2026-08-09T09:35:36.554Z</time>
      </trkpt>
      <trkpt lat="42.215563" lon="-8.732491">
        <ele>18.015358</ele>
        <time>2026-08-09T09:35:42.323Z</time>
      </trkpt>
      <trkpt lat="42.215655" lon="-8.732491">
        <ele>18.455449</ele>
        <time>2026-08-09T09:35:52.647Z</time>
      </trkpt>
      <trkpt lat="42.215659" lon="-8.732395">
        <ele>18.796099</ele>
        <time>2026-08-09T09:36:00.719Z</time>
      </trkpt>
      <trkpt lat="42.215663" lon="-8.732305">
        <ele>19.115528</ele>
        <time>2026-08-09T09:36:08.329Z</time>
      </trkpt>
      <trkpt lat="42.216047" lon="-8.732314">
        <ele>20.952707</ele>
        <time>2026-08-09T09:36:52.832Z</time>
      </trkpt>
      <trkpt lat="42.216115" lon="-8.732318">
        <ele>21.278300</ele>
        <time>2026-08-09T09:37:00.870Z</time>
      </trkpt>
      <trkpt lat="42.216206" lon="-8.732322">
        <ele>21.713838</ele>
        <time>2026-08-09T09:37:11.768Z</time>
      </trkpt>
      <trkpt lat="42.216256" lon="-8.732325">
        <ele>21.953254</ele>
        <time>2026-08-09T09:37:17.759Z</time>
      </trkpt>
      <trkpt lat="42.216720" lon="-8.732348">
        <ele>24.174340</ele>
        <time>2026-08-09T09:38:14.865Z</time>
      </trkpt>
      <trkpt lat="42.217547" lon="-8.732388">
        <ele>28.451376</ele>
        <time>2026-08-09T09:39:56.313Z</time>
      </trkpt>
      <trkpt lat="42.217634" lon="-8.732362">
        <ele>28.920691</ele>
        <time>2026-08-09T09:40:07.042Z</time>
      </trkpt>
      <trkpt lat="42.217689" lon="-8.732374">
        <ele>29.214131</ele>
        <time>2026-08-09T09:40:13.620Z</time>
      </trkpt>
      <trkpt lat="42.217765" lon="-8.732392">
        <ele>29.620531</ele>
        <time>2026-08-09T09:40:22.832Z</time>
      </trkpt>
      <trkpt lat="42.218654" lon="-8.732427">
        <ele>34.304849</ele>
        <time>2026-08-09T09:42:06.799Z</time>
      </trkpt>
      <trkpt lat="42.218698" lon="-8.732429">
        <ele>34.482765</ele>
        <time>2026-08-09T09:42:11.807Z</time>
      </trkpt>
      <trkpt lat="42.218699" lon="-8.732366">
        <ele>34.567016</ele>
        <time>2026-08-09T09:42:17.016Z</time>
      </trkpt>
      <trkpt lat="42.218769" lon="-8.732369">
        <ele>34.693454</ele>
        <time>2026-08-09T09:42:24.736Z</time>
      </trkpt>
      <trkpt lat="42.218845" lon="-8.732371">
        <ele>34.830686</ele>
        <time>2026-08-09T09:42:33.183Z</time>
      </trkpt>
      <trkpt lat="42.218896" lon="-8.732450">
        <ele>34.970807</ele>
        <time>2026-08-09T09:42:41.634Z</time>
      </trkpt>
      <trkpt lat="42.219327" lon="-8.732461">
        <ele>35.749050</ele>
        <time>2026-08-09T09:43:28.313Z</time>
      </trkpt>
      <trkpt lat="42.219666" lon="-8.732470">
        <ele>36.361181</ele>
        <time>2026-08-09T09:44:03.910Z</time>
      </trkpt>
      <trkpt lat="42.219712" lon="-8.732428">
        <ele>36.461430</ele>
        <time>2026-08-09T09:44:09.621Z</time>
      </trkpt>
      <trkpt lat="42.220247" lon="-8.732458">
        <ele>37.428123</ele>
        <time>2026-08-09T09:45:04.111Z</time>
      </trkpt>
      <trkpt lat="42.220287" lon="-8.732456">
        <ele>37.500386</ele>
        <time>2026-08-09T09:45:08.178Z</time>
      </trkpt>
      <trkpt lat="42.220469" lon="-8.732286">
        <ele>37.782033</ele>
        <time>2026-08-09T09:45:30.443Z</time>
      </trkpt>
      <trkpt lat="42.220483" lon="-8.732218">
        <ele>37.820251</ele>
        <time>2026-08-09T09:45:35.866Z</time>
      </trkpt>
      <trkpt lat="42.220537" lon="-8.732221">
        <ele>37.859767</ele>
        <time>2026-08-09T09:45:41.304Z</time>
      </trkpt>
      <trkpt lat="42.220579" lon="-8.732223">
        <ele>37.890496</ele>
        <time>2026-08-09T09:45:45.752Z</time>
      </trkpt>
      <trkpt lat="42.220636" lon="-8.732226">
        <ele>37.932205</ele>
        <time>2026-08-09T09:45:51.771Z</time>
      </trkpt>
      <trkpt lat="42.220677" lon="-8.732227">
        <ele>37.962188</ele>
        <time>2026-08-09T09:45:55.907Z</time>
      </trkpt>
      <trkpt lat="42.220753" lon="-8.732229">
        <ele>38.017768</ele>
        <time>2026-08-09T09:46:04.051Z</time>
      </trkpt>
      <trkpt lat="42.220902" lon="-8.732341">
        <ele>38.142455</ele>
        <time>2026-08-09T09:46:21.967Z</time>
      </trkpt>
      <trkpt lat="42.220908" lon="-8.732358">
        <ele>38.152652</ele>
        <time>2026-08-09T09:46:23.442Z</time>
      </trkpt>
      <trkpt lat="42.220925" lon="-8.732389">
        <ele>38.173539</ele>
        <time>2026-08-09T09:46:26.334Z</time>
      </trkpt>
      <trkpt lat="42.220946" lon="-8.732425">
        <ele>38.198354</ele>
        <time>2026-08-09T09:46:29.766Z</time>
      </trkpt>
      <trkpt lat="42.220981" lon="-8.732489">
        <ele>38.241433</ele>
        <time>2026-08-09T09:46:35.967Z</time>
      </trkpt>
      <trkpt lat="42.220989" lon="-8.732504">
        <ele>38.251443</ele>
        <time>2026-08-09T09:46:37.420Z</time>
      </trkpt>
      <trkpt lat="42.221018" lon="-8.732551">
        <ele>38.284568</ele>
        <time>2026-08-09T09:46:42.145Z</time>
      </trkpt>
      <trkpt lat="42.221036" lon="-8.732582">
        <ele>38.305898</ele>
        <time>2026-08-09T09:46:45.078Z</time>
      </trkpt>
      <trkpt lat="42.221044" lon="-8.732595">
        <ele>38.315051</ele>
        <time>2026-08-09T09:46:46.332Z</time>
      </trkpt>
      <trkpt lat="42.221050" lon="-8.732607">
        <ele>38.322891</ele>
        <time>2026-08-09T09:46:47.482Z</time>
      </trkpt>
      <trkpt lat="42.221604" lon="-8.732168">
        <ele>38.792558</ele>
        <time>2026-08-09T09:47:53.341Z</time>
      </trkpt>
      <trkpt lat="42.221646" lon="-8.732109">
        <ele>38.836872</ele>
        <time>2026-08-09T09:47:59.643Z</time>
      </trkpt>
      <trkpt lat="42.221727" lon="-8.732128">
        <ele>38.896984</ele>
        <time>2026-08-09T09:48:07.947Z</time>
      </trkpt>
      <trkpt lat="42.221784" lon="-8.732134">
        <ele>38.938787</ele>
        <time>2026-08-09T09:48:13.810Z</time>
      </trkpt>
      <trkpt lat="42.222401" lon="-8.732232">
        <ele>37.886756</ele>
        <time>2026-08-09T09:49:17.881Z</time>
      </trkpt>
      <trkpt lat="42.222521" lon="-8.732281">
        <ele>37.611316</ele>
        <time>2026-08-09T09:49:30.628Z</time>
      </trkpt>
      <trkpt lat="42.222554" lon="-8.732295">
        <ele>37.535318</ele>
        <time>2026-08-09T09:49:34.132Z</time>
      </trkpt>
      <trkpt lat="42.222934" lon="-8.732540">
        <ele>36.610148</ele>
        <time>2026-08-09T09:50:18.673Z</time>
      </trkpt>
      <trkpt lat="42.223318" lon="-8.732774">
        <ele>35.684544</ele>
        <time>2026-08-09T09:51:04.423Z</time>
      </trkpt>
      <trkpt lat="42.223751" lon="-8.733038">
        <ele>34.324180</ele>
        <time>2026-08-09T09:51:56.515Z</time>
      </trkpt>
      <trkpt lat="42.224330" lon="-8.733361">
        <ele>31.921215</ele>
        <time>2026-08-09T09:53:05.171Z</time>
      </trkpt>
      <trkpt lat="42.224542" lon="-8.733452">
        <ele>31.067937</ele>
        <time>2026-08-09T09:53:29.934Z</time>
      </trkpt>
      <trkpt lat="42.224676" lon="-8.733460">
        <ele>30.553440</ele>
        <time>2026-08-09T09:53:44.616Z</time>
      </trkpt>
      <trkpt lat="42.224750" lon="-8.733464">
        <ele>30.269365</ele>
        <time>2026-08-09T09:53:52.689Z</time>
      </trkpt>
      <trkpt lat="42.224759" lon="-8.733511">
        <ele>30.131472</ele>
        <time>2026-08-09T09:53:56.697Z</time>
      </trkpt>
      <trkpt lat="42.224945" lon="-8.733418">
        <ele>29.370683</ele>
        <time>2026-08-09T09:54:18.118Z</time>
      </trkpt>
      <trkpt lat="42.224989" lon="-8.733345">
        <ele>29.103326</ele>
        <time>2026-08-09T09:54:25.484Z</time>
      </trkpt>
      <trkpt lat="42.225177" lon="-8.733209">
        <ele>28.285248</ele>
        <time>2026-08-09T09:54:47.961Z</time>
      </trkpt>
      <trkpt lat="42.225315" lon="-8.733185">
        <ele>28.507102</ele>
        <time>2026-08-09T09:55:02.451Z</time>
      </trkpt>
      <trkpt lat="42.225739" lon="-8.733297">
        <ele>29.871323</ele>
        <time>2026-08-09T09:55:45.709Z</time>
      </trkpt>
      <trkpt lat="42.226326" lon="-8.733568">
        <ele>31.830193</ele>
        <time>2026-08-09T09:56:53.258Z</time>
      </trkpt>
      <trkpt lat="42.226348" lon="-8.733552">
        <ele>31.909095</ele>
        <time>2026-08-09T09:56:56.091Z</time>
      </trkpt>
      <trkpt lat="42.226378" lon="-8.733530">
        <ele>32.016891</ele>
        <time>2026-08-09T09:56:59.980Z</time>
      </trkpt>
      <trkpt lat="42.226424" lon="-8.733509">
        <ele>32.170218</ele>
        <time>2026-08-09T09:57:05.585Z</time>
      </trkpt>
      <trkpt lat="42.227823" lon="-8.732566">
        <ele>43.555312</ele>
        <time>2026-08-09T10:00:26.486Z</time>
      </trkpt>
      <trkpt lat="42.227793" lon="-8.732460">
        <ele>44.345112</ele>
        <time>2026-08-09T10:00:39.033Z</time>
      </trkpt>
      <trkpt lat="42.227744" lon="-8.732491">
        <ele>44.853705</ele>
        <time>2026-08-09T10:00:46.437Z</time>
      </trkpt>
      <trkpt lat="42.227739" lon="-8.732415">
        <ele>45.384742</ele>
        <time>2026-08-09T10:00:54.974Z</time>
      </trkpt>
      <trkpt lat="42.227736" lon="-8.732359">
        <ele>45.775516</ele>
        <time>2026-08-09T10:01:01.163Z</time>
      </trkpt>
      <trkpt lat="42.228012" lon="-8.732271">
        <ele>48.441013</ele>
        <time>2026-08-09T10:01:41.752Z</time>
      </trkpt>
      <trkpt lat="42.228120" lon="-8.732151">
        <ele>49.755542</ele>
        <time>2026-08-09T10:02:00.860Z</time>
      </trkpt>
      <trkpt lat="42.228127" lon="-8.732161">
        <ele>49.851317</ele>
        <time>2026-08-09T10:02:02.222Z</time>
      </trkpt>
      <trkpt lat="42.228403" lon="-8.731868">
        <ele>52.822007</ele>
        <time>2026-08-09T10:02:48.988Z</time>
      </trkpt>
      <trkpt lat="42.228518" lon="-8.731783">
        <ele>53.885262</ele>
        <time>2026-08-09T10:03:05.971Z</time>
      </trkpt>
      <trkpt lat="42.228775" lon="-8.731592">
        <ele>56.264419</ele>
        <time>2026-08-09T10:03:43.042Z</time>
      </trkpt>
      <trkpt lat="42.228015" lon="-8.731298">
        <ele>62.676247</ele>
        <time>2026-08-09T10:05:24.949Z</time>
      </trkpt>
      <trkpt lat="42.227878" lon="-8.731220">
        <ele>63.882084</ele>
        <time>2026-08-09T10:05:42.881Z</time>
      </trkpt>
      <trkpt lat="42.227888" lon="-8.731189">
        <ele>64.085156</ele>
        <time>2026-08-09T10:05:45.930Z</time>
      </trkpt>
      <trkpt lat="42.227887" lon="-8.731118">
        <ele>64.511631</ele>
        <time>2026-08-09T10:05:52.192Z</time>
      </trkpt>
      <trkpt lat="42.227987" lon="-8.730988">
        <ele>65.502016</ele>
        <time>2026-08-09T10:06:08.496Z</time>
      </trkpt>
      <trkpt lat="42.228064" lon="-8.730654">
        <ele>66.649621</ele>
        <time>2026-08-09T10:06:38.713Z</time>
      </trkpt>
      <trkpt lat="42.228139" lon="-8.730688">
        <ele>67.000124</ele>
        <time>2026-08-09T10:06:48.105Z</time>
      </trkpt>
      <trkpt lat="42.228148" lon="-8.730650">
        <ele>67.131009</ele>
        <time>2026-08-09T10:06:51.552Z</time>
      </trkpt>
      <trkpt lat="42.228159" lon="-8.730602">
        <ele>67.295847</ele>
        <time>2026-08-09T10:06:55.995Z</time>
      </trkpt>
      <trkpt lat="42.228179" lon="-8.730520">
        <ele>67.579075</ele>
        <time>2026-08-09T10:07:03.588Z</time>
      </trkpt>
      <trkpt lat="42.228527" lon="-8.730629">
        <ele>69.161786</ele>
        <time>2026-08-09T10:07:46.231Z</time>
      </trkpt>
      <trkpt lat="42.228769" lon="-8.730654">
        <ele>70.237080</ele>
        <time>2026-08-09T10:08:15.885Z</time>
      </trkpt>
      <trkpt lat="42.228957" lon="-8.730634">
        <ele>71.072580</ele>
        <time>2026-08-09T10:08:37.352Z</time>
      </trkpt>
      <trkpt lat="42.230276" lon="-8.730160">
        <ele>73.267084</ele>
        <time>2026-08-09T10:11:02.860Z</time>
      </trkpt>
      <trkpt lat="42.230315" lon="-8.730146">
        <ele>73.265175</ele>
        <time>2026-08-09T10:11:06.960Z</time>
      </trkpt>
      <trkpt lat="42.230298" lon="-8.729784">
        <ele>73.252468</ele>
        <time>2026-08-09T10:11:34.421Z</time>
      </trkpt>
      <trkpt lat="42.230255" lon="-8.729766">
        <ele>73.250338</ele>
        <time>2026-08-09T10:11:39.086Z</time>
      </trkpt>
      <trkpt lat="42.230319" lon="-8.729736">
        <ele>73.247133</ele>
        <time>2026-08-09T10:11:46.189Z</time>
      </trkpt>
      <trkpt lat="42.230256" lon="-8.729714">
        <ele>73.244054</ele>
        <time>2026-08-09T10:11:52.894Z</time>
      </trkpt>
      <trkpt lat="42.230280" lon="-8.729678">
        <ele>73.242357</ele>
        <time>2026-08-09T10:11:56.565Z</time>
      </trkpt>
      <trkpt lat="42.230641" lon="-8.729711">
        <ele>73.225239</ele>
        <time>2026-08-09T10:12:34.288Z</time>
      </trkpt>
      <trkpt lat="42.231090" lon="-8.729840">
        <ele>72.012195</ele>
        <time>2026-08-09T10:13:22.774Z</time>
      </trkpt>
      <trkpt lat="42.231113" lon="-8.729817">
        <ele>71.926710</ele>
        <time>2026-08-09T10:13:25.838Z</time>
      </trkpt>
      <trkpt lat="42.231267" lon="-8.729851">
        <ele>71.460604</ele>
        <time>2026-08-09T10:13:42.854Z</time>
      </trkpt>
      <trkpt lat="42.231407" lon="-8.729804">
        <ele>71.029695</ele>
        <time>2026-08-09T10:13:58.684Z</time>
      </trkpt>
      <trkpt lat="42.231465" lon="-8.729857">
        <ele>70.820518</ele>
        <time>2026-08-09T10:14:06.466Z</time>
      </trkpt>
      <trkpt lat="42.231527" lon="-8.729894">
        <ele>70.618049</ele>
        <time>2026-08-09T10:14:13.955Z</time>
      </trkpt>
      <trkpt lat="42.231609" lon="-8.729859">
        <ele>70.361172</ele>
        <time>2026-08-09T10:14:23.324Z</time>
      </trkpt>
      <trkpt lat="42.231657" lon="-8.729914">
        <ele>70.173146</ele>
        <time>2026-08-09T10:14:30.284Z</time>
      </trkpt>
      <trkpt lat="42.232077" lon="-8.729904">
        <ele>68.918403</ele>
        <time>2026-08-09T10:15:14.791Z</time>
      </trkpt>
      <trkpt lat="42.232598" lon="-8.730058">
        <ele>67.191262</ele>
        <time>2026-08-09T10:16:09.812Z</time>
      </trkpt>
      <trkpt lat="42.232815" lon="-8.729996">
        <ele>66.359474</ele>
        <time>2026-08-09T10:16:32.775Z</time>
      </trkpt>
      <trkpt lat="42.233058" lon="-8.729785">
        <ele>65.276107</ele>
        <time>2026-08-09T10:17:03.047Z</time>
      </trkpt>
      <trkpt lat="42.233223" lon="-8.729662">
        <ele>64.569340</ele>
        <time>2026-08-09T10:17:23.023Z</time>
      </trkpt>
      <trkpt lat="42.233235" lon="-8.729686">
        <ele>64.488929</ele>
        <time>2026-08-09T10:17:25.319Z</time>
      </trkpt>
      <trkpt lat="42.233255" lon="-8.729728">
        <ele>64.350273</ele>
        <time>2026-08-09T10:17:29.256Z</time>
      </trkpt>
      <trkpt lat="42.233526" lon="-8.729483">
        <ele>63.127321</ele>
        <time>2026-08-09T10:18:04.606Z</time>
      </trkpt>
      <trkpt lat="42.233651" lon="-8.729420">
        <ele>62.626980</ele>
        <time>2026-08-09T10:18:19.136Z</time>
      </trkpt>
      <trkpt lat="42.233955" lon="-8.729387">
        <ele>61.483264</ele>
        <time>2026-08-09T10:18:52.728Z</time>
      </trkpt>
      <trkpt lat="42.234089" lon="-8.729332">
        <ele>60.826960</ele>
        <time>2026-08-09T10:19:08.482Z</time>
      </trkpt>
      <trkpt lat="42.234592" lon="-8.728891">
        <ele>56.571354</ele>
        <time>2026-08-09T10:20:17.924Z</time>
      </trkpt>
      <trkpt lat="42.234714" lon="-8.728819">
        <ele>55.626551</ele>
        <time>2026-08-09T10:20:33.818Z</time>
      </trkpt>
      <trkpt lat="42.235372" lon="-8.728690">
        <ele>50.908186</ele>
        <time>2026-08-09T10:21:51.220Z</time>
      </trkpt>
      <trkpt lat="42.235639" lon="-8.728632">
        <ele>48.989098</ele>
        <time>2026-08-09T10:22:21.707Z</time>
      </trkpt>
      <trkpt lat="42.235635" lon="-8.728568">
        <ele>48.651641</ele>
        <time>2026-08-09T10:22:26.760Z</time>
      </trkpt>
      <trkpt lat="42.235744" lon="-8.728588">
        <ele>48.120449</ele>
        <time>2026-08-09T10:22:39.043Z</time>
      </trkpt>
      <trkpt lat="42.235794" lon="-8.728540">
        <ele>47.916122</ele>
        <time>2026-08-09T10:22:45.740Z</time>
      </trkpt>
      <trkpt lat="42.235866" lon="-8.728586">
        <ele>47.650820</ele>
        <time>2026-08-09T10:22:54.654Z</time>
      </trkpt>
      <trkpt lat="42.235926" lon="-8.728524">
        <ele>47.399184</ele>
        <time>2026-08-09T10:23:02.829Z</time>
      </trkpt>
      <trkpt lat="42.236626" lon="-8.728094">
        <ele>44.837736</ele>
        <time>2026-08-09T10:24:26.844Z</time>
      </trkpt>
      <trkpt lat="42.236900" lon="-8.727971">
        <ele>43.875982</ele>
        <time>2026-08-09T10:24:56.688Z</time>
      </trkpt>
      <trkpt lat="42.236925" lon="-8.728084">
        <ele>43.585137</ele>
        <time>2026-08-09T10:25:05.780Z</time>
      </trkpt>
      <trkpt lat="42.236885" lon="-8.728158">
        <ele>43.359183</ele>
        <time>2026-08-09T10:25:12.530Z</time>
      </trkpt>
      <trkpt lat="42.236384" lon="-8.728488">
        <ele>42.143493</ele>
        <time>2026-08-09T10:26:08.975Z</time>
      </trkpt>
      <trkpt lat="42.236885" lon="-8.728158">
        <ele>41.691098</ele>
        <time>2026-08-09T10:27:05.421Z</time>
      </trkpt>
      <trkpt lat="42.236925" lon="-8.728084">
        <ele>41.636041</ele>
        <time>2026-08-09T10:27:12.298Z</time>
      </trkpt>
      <trkpt lat="42.236900" lon="-8.727971">
        <ele>41.565173</ele>
        <time>2026-08-09T10:27:21.371Z</time>
      </trkpt>
      <trkpt lat="42.236946" lon="-8.727949">
        <ele>41.525567</ele>
        <time>2026-08-09T10:27:26.462Z</time>
      </trkpt>
      <trkpt lat="42.237076" lon="-8.727893">
        <ele>41.414821</ele>
        <time>2026-08-09T10:27:40.241Z</time>
      </trkpt>
      <trkpt lat="42.237585" lon="-8.727717">
        <ele>40.988386</ele>
        <time>2026-08-09T10:28:32.950Z</time>
      </trkpt>
      <trkpt lat="42.237701" lon="-8.727631">
        <ele>40.836980</ele>
        <time>2026-08-09T10:28:46.718Z</time>
      </trkpt>
      <trkpt lat="42.237859" lon="-8.727449">
        <ele>39.861085</ele>
        <time>2026-08-09T10:29:08.522Z</time>
      </trkpt>
      <trkpt lat="42.238157" lon="-8.727000">
        <ele>37.762999</ele>
        <time>2026-08-09T10:29:57.321Z</time>
      </trkpt>
      <trkpt lat="42.238226" lon="-8.726856">
        <ele>37.166186</ele>
        <time>2026-08-09T10:30:11.358Z</time>
      </trkpt>
      <trkpt lat="42.238225" lon="-8.726830">
        <ele>37.075601</ele>
        <time>2026-08-09T10:30:13.493Z</time>
      </trkpt>
      <trkpt lat="42.238466" lon="-8.726573">
        <ele>35.632553</ele>
        <time>2026-08-09T10:30:47.470Z</time>
      </trkpt>
      <trkpt lat="42.238585" lon="-8.726604">
        <ele>35.062994</ele>
        <time>2026-08-09T10:31:01.131Z</time>
      </trkpt>
      <trkpt lat="42.238718" lon="-8.726689">
        <ele>34.371511</ele>
        <time>2026-08-09T10:31:17.602Z</time>
      </trkpt>
      <trkpt lat="42.238832" lon="-8.726741">
        <ele>33.806031</ele>
        <time>2026-08-09T10:31:31.044Z</time>
      </trkpt>
      <trkpt lat="42.238895" lon="-8.726732">
        <ele>33.508304</ele>
        <time>2026-08-09T10:31:38.182Z</time>
      </trkpt>
      <trkpt lat="42.238974" lon="-8.726637">
        <ele>33.011217</ele>
        <time>2026-08-09T10:31:50.092Z</time>
      </trkpt>
      <trkpt lat="42.239053" lon="-8.726599">
        <ele>32.617109</ele>
        <time>2026-08-09T10:31:59.510Z</time>
      </trkpt>
      <trkpt lat="42.239067" lon="-8.726599">
        <ele>32.551315</ele>
        <time>2026-08-09T10:32:01.176Z</time>
      </trkpt>
      <trkpt lat="42.239172" lon="-8.726599">
        <ele>32.168300</ele>
        <time>2026-08-09T10:32:12.991Z</time>
      </trkpt>
      <trkpt lat="42.239178" lon="-8.726507">
        <ele>31.940502</ele>
        <time>2026-08-09T10:32:20.845Z</time>
      </trkpt>
      <trkpt lat="42.239183" lon="-8.726433">
        <ele>31.757221</ele>
        <time>2026-08-09T10:32:27.072Z</time>
      </trkpt>
      <trkpt lat="42.239185" lon="-8.726390">
        <ele>31.650952</ele>
        <time>2026-08-09T10:32:30.707Z</time>
      </trkpt>
      <trkpt lat="42.239374" lon="-8.726425">
        <ele>31.015394</ele>
        <time>2026-08-09T10:32:52.232Z</time>
      </trkpt>
      <trkpt lat="42.239393" lon="-8.726241">
        <ele>30.557164</ele>
        <time>2026-08-09T10:33:07.719Z</time>
      </trkpt>
      <trkpt lat="42.239405" lon="-8.726079">
        <ele>30.155595</ele>
        <time>2026-08-09T10:33:21.150Z</time>
      </trkpt>
      <trkpt lat="42.239416" lon="-8.725983">
        <ele>29.915991</ele>
        <time>2026-08-09T10:33:29.126Z</time>
      </trkpt>
      <trkpt lat="42.239428" lon="-8.725869">
        <ele>29.631982</ele>
        <time>2026-08-09T10:33:38.431Z</time>
      </trkpt>
      <trkpt lat="42.239444" lon="-8.725708">
        <ele>29.231313</ele>
        <time>2026-08-09T10:33:51.337Z</time>
      </trkpt>
      <trkpt lat="42.239455" lon="-8.725503">
        <ele>28.724353</ele>
        <time>2026-08-09T10:34:07.449Z</time>
      </trkpt>
      <trkpt lat="42.239365" lon="-8.725243">
        <ele>28.016427</ele>
        <time>2026-08-09T10:34:29.409Z</time>
      </trkpt>
      <trkpt lat="42.239335" lon="-8.725148">
        <ele>27.761683</ele>
        <time>2026-08-09T10:34:37.123Z</time>
      </trkpt>
      <trkpt lat="42.239033" lon="-8.724984">
        <ele>26.677277</ele>
        <time>2026-08-09T10:35:10.129Z</time>
      </trkpt>
      <trkpt lat="42.238952" lon="-8.724878">
        <ele>26.462501</ele>
        <time>2026-08-09T10:35:21.527Z</time>
      </trkpt>
      <trkpt lat="42.238894" lon="-8.724716">
        <ele>26.516814</ele>
        <time>2026-08-09T10:35:34.998Z</time>
      </trkpt>
      <trkpt lat="42.238806" lon="-8.724698">
        <ele>26.553099</ele>
        <time>2026-08-09T10:35:44.031Z</time>
      </trkpt>
      <trkpt lat="42.238811" lon="-8.724657">
        <ele>26.565641</ele>
        <time>2026-08-09T10:35:47.104Z</time>
      </trkpt>
      <trkpt lat="42.238383" lon="-8.724571">
        <ele>26.742049</ele>
        <time>2026-08-09T10:36:31.608Z</time>
      </trkpt>
      <trkpt lat="42.238355" lon="-8.724506">
        <ele>26.764748</ele>
        <time>2026-08-09T10:36:37.591Z</time>
      </trkpt>
      <trkpt lat="42.238343" lon="-8.723300">
        <ele>27.128787</ele>
        <time>2026-08-09T10:38:10.011Z</time>
      </trkpt>
      <trkpt lat="42.238375" lon="-8.723245">
        <ele>27.149900</ele>
        <time>2026-08-09T10:38:15.350Z</time>
      </trkpt>
      <trkpt lat="42.238373" lon="-8.723190">
        <ele>27.166521</ele>
        <time>2026-08-09T10:38:19.559Z</time>
      </trkpt>
      <trkpt lat="42.238371" lon="-8.723124">
        <ele>27.189310</ele>
        <time>2026-08-09T10:38:24.542Z</time>
      </trkpt>
      <trkpt lat="42.238329" lon="-8.723076">
        <ele>27.219508</ele>
        <time>2026-08-09T10:38:30.244Z</time>
      </trkpt>
      <trkpt lat="42.238316" lon="-8.722050">
        <ele>27.636509</ele>
        <time>2026-08-09T10:39:47.623Z</time>
      </trkpt>
      <trkpt lat="42.238258" lon="-8.722053">
        <ele>27.668368</ele>
        <time>2026-08-09T10:39:53.561Z</time>
      </trkpt>
      <trkpt lat="42.238257" lon="-8.721943">
        <ele>27.713072</ele>
        <time>2026-08-09T10:40:01.911Z</time>
      </trkpt>
      <trkpt lat="42.238258" lon="-8.721829">
        <ele>27.759402</ele>
        <time>2026-08-09T10:40:10.572Z</time>
      </trkpt>
      <trkpt lat="42.238229" lon="-8.721830">
        <ele>27.775325</ele>
        <time>2026-08-09T10:40:13.682Z</time>
      </trkpt>
      <trkpt lat="42.238219" lon="-8.720682">
        <ele>28.235705</ele>
        <time>2026-08-09T10:41:43.207Z</time>
      </trkpt>
      <trkpt lat="42.238205" lon="-8.720611">
        <ele>28.263151</ele>
        <time>2026-08-09T10:41:49.190Z</time>
      </trkpt>
      <trkpt lat="42.237810" lon="-8.720555">
        <ele>28.463543</ele>
        <time>2026-08-09T10:42:32.967Z</time>
      </trkpt>
      <trkpt lat="42.237813" lon="-8.720461">
        <ele>28.498690</ele>
        <time>2026-08-09T10:42:40.417Z</time>
      </trkpt>
      <trkpt lat="42.237817" lon="-8.720384">
        <ele>28.527524</ele>
        <time>2026-08-09T10:42:46.410Z</time>
      </trkpt>
      <trkpt lat="42.237737" lon="-8.720340">
        <ele>28.571106</ele>
        <time>2026-08-09T10:42:55.422Z</time>
      </trkpt>
      <trkpt lat="42.237687" lon="-8.720149">
        <ele>28.646783</ele>
        <time>2026-08-09T10:43:10.825Z</time>
      </trkpt>
      <trkpt lat="42.237603" lon="-8.720184">
        <ele>28.691136</ele>
        <time>2026-08-09T10:43:19.861Z</time>
      </trkpt>
      <trkpt lat="42.237533" lon="-8.720213">
        <ele>28.728078</ele>
        <time>2026-08-09T10:43:27.171Z</time>
      </trkpt>
      <trkpt lat="42.237440" lon="-8.719810">
        <ele>28.885763</ele>
        <time>2026-08-09T10:43:58.822Z</time>
      </trkpt>
      <trkpt lat="42.237299" lon="-8.719239">
        <ele>29.155937</ele>
        <time>2026-08-09T10:44:45.298Z</time>
      </trkpt>
      <trkpt lat="42.237130" lon="-8.718518">
        <ele>29.778797</ele>
        <time>2026-08-09T10:45:42.786Z</time>
      </trkpt>
      <trkpt lat="42.237080" lon="-8.718510">
        <ele>29.834806</ele>
        <time>2026-08-09T10:45:47.874Z</time>
      </trkpt>
      <trkpt lat="42.237066" lon="-8.718456">
        <ele>29.881929</ele>
        <time>2026-08-09T10:45:52.224Z</time>
      </trkpt>
      <trkpt lat="42.237059" lon="-8.718413">
        <ele>29.918189</ele>
        <time>2026-08-09T10:45:55.565Z</time>
      </trkpt>
      <trkpt lat="42.237078" lon="-8.718386">
        <ele>29.948868</ele>
        <time>2026-08-09T10:45:58.491Z</time>
      </trkpt>
      <trkpt lat="42.237066" lon="-8.718286">
        <ele>30.032303</ele>
        <time>2026-08-09T10:46:06.079Z</time>
      </trkpt>
      <trkpt lat="42.237014" lon="-8.718065">
        <ele>30.223288</ele>
        <time>2026-08-09T10:46:23.289Z</time>
      </trkpt>
      <trkpt lat="42.236938" lon="-8.717737">
        <ele>30.506348</ele>
        <time>2026-08-09T10:46:49.701Z</time>
      </trkpt>
      <trkpt lat="42.236813" lon="-8.717651">
        <ele>30.662400</ele>
        <time>2026-08-09T10:47:04.602Z</time>
      </trkpt>
      <trkpt lat="42.236132" lon="-8.716500">
        <ele>32.676348</ele>
        <time>2026-08-09T10:49:17.016Z</time>
      </trkpt>
      <trkpt lat="42.236099" lon="-8.716525">
        <ele>32.760445</ele>
        <time>2026-08-09T10:49:21.461Z</time>
      </trkpt>
      <trkpt lat="42.236085" lon="-8.716494">
        <ele>32.820199</ele>
        <time>2026-08-09T10:49:24.599Z</time>
      </trkpt>
      <trkpt lat="42.236059" lon="-8.716439">
        <ele>32.927582</ele>
        <time>2026-08-09T10:49:29.796Z</time>
      </trkpt>
      <trkpt lat="42.235908" lon="-8.716136">
        <ele>33.528627</ele>
        <time>2026-08-09T10:49:58.898Z</time>
      </trkpt>
      <trkpt lat="42.235655" lon="-8.716315">
        <ele>34.163431</ele>
        <time>2026-08-09T10:50:28.173Z</time>
      </trkpt>
      <trkpt lat="42.235908" lon="-8.716136">
        <ele>34.798234</ele>
        <time>2026-08-09T10:50:57.160Z</time>
      </trkpt>
      <trkpt lat="42.236059" lon="-8.716439">
        <ele>34.451593</ele>
        <time>2026-08-09T10:51:25.427Z</time>
      </trkpt>
      <trkpt lat="42.236085" lon="-8.716494">
        <ele>34.248474</ele>
        <time>2026-08-09T10:51:30.443Z</time>
      </trkpt>
      <trkpt lat="42.236099" lon="-8.716525">
        <ele>34.135446</ele>
        <time>2026-08-09T10:51:33.428Z</time>
      </trkpt>
      <trkpt lat="42.236132" lon="-8.716500">
        <ele>33.976375</ele>
        <time>2026-08-09T10:51:37.585Z</time>
      </trkpt>
      <trkpt lat="42.236813" lon="-8.717651">
        <ele>29.390235</ele>
        <time>2026-08-09T10:53:40.162Z</time>
      </trkpt>
      <trkpt lat="42.236852" lon="-8.717560">
        <ele>29.062950</ele>
        <time>2026-08-09T10:53:48.388Z</time>
      </trkpt>
      <trkpt lat="42.236869" lon="-8.717518">
        <ele>28.913957</ele>
        <time>2026-08-09T10:53:52.213Z</time>
      </trkpt>
      <trkpt lat="42.236891" lon="-8.717492">
        <ele>28.791058</ele>
        <time>2026-08-09T10:53:55.334Z</time>
      </trkpt>
      <trkpt lat="42.236856" lon="-8.717334">
        <ele>28.277717</ele>
        <time>2026-08-09T10:54:08.226Z</time>
      </trkpt>
      <trkpt lat="42.236750" lon="-8.716610">
        <ele>26.190293</ele>
        <time>2026-08-09T10:55:06.053Z</time>
      </trkpt>
      <trkpt lat="42.236742" lon="-8.716043">
        <ele>24.667249</ele>
        <time>2026-08-09T10:55:50.393Z</time>
      </trkpt>
      <trkpt lat="42.236797" lon="-8.714806">
        <ele>21.339106</ele>
        <time>2026-08-09T10:57:29.294Z</time>
      </trkpt>
      <trkpt lat="42.236795" lon="-8.714773">
        <ele>21.250183</ele>
        <time>2026-08-09T10:57:31.984Z</time>
      </trkpt>
      <trkpt lat="42.236793" lon="-8.714737">
        <ele>21.153227</ele>
        <time>2026-08-09T10:57:34.958Z</time>
      </trkpt>
      <trkpt lat="42.236810" lon="-8.714723">
        <ele>21.081002</ele>
        <time>2026-08-09T10:57:37.148Z</time>
      </trkpt>
      <trkpt lat="42.236813" lon="-8.714513">
        <ele>20.568991</ele>
        <time>2026-08-09T10:57:54.471Z</time>
      </trkpt>
      <trkpt lat="42.236815" lon="-8.714418">
        <ele>20.342135</ele>
        <time>2026-08-09T10:58:02.337Z</time>
      </trkpt>
      <trkpt lat="42.236782" lon="-8.714381">
        <ele>20.203860</ele>
        <time>2026-08-09T10:58:07.043Z</time>
      </trkpt>
      <trkpt lat="42.236782" lon="-8.714320">
        <ele>20.058253</ele>
        <time>2026-08-09T10:58:12.099Z</time>
      </trkpt>
      <trkpt lat="42.236782" lon="-8.714274">
        <ele>19.948450</ele>
        <time>2026-08-09T10:58:15.980Z</time>
      </trkpt>
      <trkpt lat="42.236829" lon="-8.714219">
        <ele>19.747958</ele>
        <time>2026-08-09T10:58:22.879Z</time>
      </trkpt>
      <trkpt lat="42.236893" lon="-8.712734">
        <ele>16.197262</ele>
        <time>2026-08-09T11:00:21.367Z</time>
      </trkpt>
      <trkpt lat="42.236885" lon="-8.712660">
        <ele>16.018750</ele>
        <time>2026-08-09T11:00:27.091Z</time>
      </trkpt>
      <trkpt lat="42.236853" lon="-8.712631">
        <ele>15.894509</ele>
        <time>2026-08-09T11:00:31.231Z</time>
      </trkpt>
      <trkpt lat="42.236856" lon="-8.712561">
        <ele>15.727140</ele>
        <time>2026-08-09T11:00:36.682Z</time>
      </trkpt>
      <trkpt lat="42.236859" lon="-8.712502">
        <ele>15.585975</ele>
        <time>2026-08-09T11:00:41.218Z</time>
      </trkpt>
      <trkpt lat="42.236910" lon="-8.712483">
        <ele>15.415408</ele>
        <time>2026-08-09T11:00:46.813Z</time>
      </trkpt>
      <trkpt lat="42.236983" lon="-8.712216">
        <ele>15.435946</ele>
        <time>2026-08-09T11:01:08.500Z</time>
      </trkpt>
      <trkpt lat="42.237071" lon="-8.711996">
        <ele>15.766793</ele>
        <time>2026-08-09T11:01:27.533Z</time>
      </trkpt>
      <trkpt lat="42.237115" lon="-8.711903">
        <ele>15.912820</ele>
        <time>2026-08-09T11:01:36.198Z</time>
      </trkpt>
      <trkpt lat="42.237394" lon="-8.711433">
        <ele>16.709875</ele>
        <time>2026-08-09T11:02:26.717Z</time>
      </trkpt>
      <trkpt lat="42.237579" lon="-8.711088">
        <ele>17.273491</ele>
        <time>2026-08-09T11:03:02.131Z</time>
      </trkpt>
      <trkpt lat="42.237865" lon="-8.710583">
        <ele>18.114716</ele>
        <time>2026-08-09T11:03:53.575Z</time>
      </trkpt>
      <trkpt lat="42.238016" lon="-8.710313">
        <ele>18.382287</ele>
        <time>2026-08-09T11:04:20.784Z</time>
      </trkpt>
      <trkpt lat="42.238719" lon="-8.709091">
        <ele>18.149937</ele>
        <time>2026-08-09T11:06:17.542Z</time>
      </trkpt>
      <trkpt lat="42.238873" lon="-8.708800">
        <ele>18.096233</ele>
        <time>2026-08-09T11:06:45.851Z</time>
      </trkpt>
      <trkpt lat="42.238870" lon="-8.708649">
        <ele>18.073554</ele>
        <time>2026-08-09T11:06:57.729Z</time>
      </trkpt>
      <trkpt lat="42.238782" lon="-8.708467">
        <ele>18.040917</ele>
        <time>2026-08-09T11:07:14.758Z</time>
      </trkpt>
      <trkpt lat="42.238831" lon="-8.708426">
        <ele>18.011139</ele>
        <time>2026-08-09T11:07:20.795Z</time>
      </trkpt>
      <trkpt lat="42.238901" lon="-8.708366">
        <ele>17.948669</ele>
        <time>2026-08-09T11:07:29.497Z</time>
      </trkpt>
      <trkpt lat="42.238961" lon="-8.708315">
        <ele>17.895250</ele>
        <time>2026-08-09T11:07:36.895Z</time>
      </trkpt>
      <trkpt lat="42.239218" lon="-8.708436">
        <ele>17.690169</ele>
        <time>2026-08-09T11:08:05.016Z</time>
      </trkpt>
      <trkpt lat="42.239303" lon="-8.708443">
        <ele>17.626001</ele>
        <time>2026-08-09T11:08:13.856Z</time>
      </trkpt>
      <trkpt lat="42.239337" lon="-8.708436">
        <ele>17.600086</ele>
        <time>2026-08-09T11:08:17.277Z</time>
      </trkpt>
      <trkpt lat="42.239427" lon="-8.708384">
        <ele>17.526325</ele>
        <time>2026-08-09T11:08:27.353Z</time>
      </trkpt>
      <trkpt lat="42.240152" lon="-8.707855">
        <ele>16.905413</ele>
        <time>2026-08-09T11:09:51.655Z</time>
      </trkpt>
      <trkpt lat="42.240156" lon="-8.707821">
        <ele>16.886208</ele>
        <time>2026-08-09T11:09:54.419Z</time>
      </trkpt>
      <trkpt lat="42.240234" lon="-8.707763">
        <ele>16.819116</ele>
        <time>2026-08-09T11:10:03.585Z</time>
      </trkpt>
      <trkpt lat="42.240286" lon="-8.707723">
        <ele>16.774025</ele>
        <time>2026-08-09T11:10:09.849Z</time>
      </trkpt>
      <trkpt lat="42.240341" lon="-8.707682">
        <ele>16.726689</ele>
        <time>2026-08-09T11:10:16.484Z</time>
      </trkpt>
      <trkpt lat="42.240464" lon="-8.707623">
        <ele>16.822497</ele>
        <time>2026-08-09T11:10:30.475Z</time>
      </trkpt>
      <trkpt lat="42.240511" lon="-8.707732">
        <ele>17.013648</ele>
        <time>2026-08-09T11:10:40.336Z</time>
      </trkpt>
      <trkpt lat="42.240692" lon="-8.707600">
        <ele>17.434687</ele>
        <time>2026-08-09T11:11:02.501Z</time>
      </trkpt>
      <trkpt lat="42.241643" lon="-8.706910">
        <ele>19.644336</ele>
        <time>2026-08-09T11:12:58.770Z</time>
      </trkpt>
      <trkpt lat="42.241846" lon="-8.706805">
        <ele>20.089278</ele>
        <time>2026-08-09T11:13:22.718Z</time>
      </trkpt>
      <trkpt lat="42.241975" lon="-8.706779">
        <ele>20.356252</ele>
        <time>2026-08-09T11:13:37.070Z</time>
      </trkpt>
      <trkpt lat="42.241967" lon="-8.706672">
        <ele>20.620420</ele>
        <time>2026-08-09T11:13:46.099Z</time>
      </trkpt>
      <trkpt lat="42.242067" lon="-8.706667">
        <ele>20.957286</ele>
        <time>2026-08-09T11:13:56.974Z</time>
      </trkpt>
      <trkpt lat="42.242367" lon="-8.706652">
        <ele>21.967884</ele>
        <time>2026-08-09T11:14:29.454Z</time>
      </trkpt>
      <trkpt lat="42.242371" lon="-8.706618">
        <ele>22.053680</ele>
        <time>2026-08-09T11:14:32.296Z</time>
      </trkpt>
      <trkpt lat="42.242570" lon="-8.706622">
        <ele>22.723659</ele>
        <time>2026-08-09T11:14:53.946Z</time>
      </trkpt>
      <trkpt lat="42.242855" lon="-8.706565">
        <ele>23.693530</ele>
        <time>2026-08-09T11:15:26.224Z</time>
      </trkpt>
      <trkpt lat="42.242975" lon="-8.706470">
        <ele>24.161757</ele>
        <time>2026-08-09T11:15:41.856Z</time>
      </trkpt>
      <trkpt lat="42.243186" lon="-8.706207">
        <ele>25.128251</ele>
        <time>2026-08-09T11:16:14.127Z</time>
      </trkpt>
      <trkpt lat="42.243216" lon="-8.706243">
        <ele>25.263336</ele>
        <time>2026-08-09T11:16:18.597Z</time>
      </trkpt>
      <trkpt lat="42.243251" lon="-8.706298">
        <ele>25.444082</ele>
        <time>2026-08-09T11:16:24.530Z</time>
      </trkpt>
      <trkpt lat="42.243623" lon="-8.705789">
        <ele>27.549675</ele>
        <time>2026-08-09T11:17:25.623Z</time>
      </trkpt>
      <trkpt lat="42.244087" lon="-8.704913">
        <ele>31.305469</ele>
        <time>2026-08-09T11:19:00.253Z</time>
      </trkpt>
      <trkpt lat="42.244490" lon="-8.704254">
        <ele>34.285886</ele>
        <time>2026-08-09T11:20:14.671Z</time>
      </trkpt>
      <trkpt lat="42.244844" lon="-8.703758">
        <ele>35.650363</ele>
        <time>2026-08-09T11:21:12.759Z</time>
      </trkpt>
      <trkpt lat="42.244890" lon="-8.703689">
        <ele>35.787388</ele>
        <time>2026-08-09T11:21:20.548Z</time>
      </trkpt>
      <trkpt lat="42.245856" lon="-8.702140">
        <ele>38.624842</ele>
        <time>2026-08-09T11:23:57.292Z</time>
      </trkpt>
      <trkpt lat="42.245828" lon="-8.702107">
        <ele>38.661783</ele>
        <time>2026-08-09T11:24:01.070Z</time>
      </trkpt>
      <trkpt lat="42.245892" lon="-8.702006">
        <ele>38.759626</ele>
        <time>2026-08-09T11:24:11.047Z</time>
      </trkpt>
      <trkpt lat="42.246328" lon="-8.701290">
        <ele>39.441928</ele>
        <time>2026-08-09T11:25:19.832Z</time>
      </trkpt>
      <trkpt lat="42.246399" lon="-8.701174">
        <ele>39.552697</ele>
        <time>2026-08-09T11:25:31.131Z</time>
      </trkpt>
      <trkpt lat="42.246545" lon="-8.700928">
        <ele>39.784738</ele>
        <time>2026-08-09T11:25:55.038Z</time>
      </trkpt>
      <trkpt lat="42.247058" lon="-8.700123">
        <ele>41.604394</ele>
        <time>2026-08-09T11:27:19.467Z</time>
      </trkpt>
      <trkpt lat="42.247194" lon="-8.699935">
        <ele>42.458218</ele>
        <time>2026-08-09T11:27:41.766Z</time>
      </trkpt>
      <trkpt lat="42.247389" lon="-8.699636">
        <ele>43.752571</ele>
        <time>2026-08-09T11:28:16.455Z</time>
      </trkpt>
      <trkpt lat="42.247505" lon="-8.699443">
        <ele>44.560080</ele>
        <time>2026-08-09T11:28:38.379Z</time>
      </trkpt>
      <trkpt lat="42.248250" lon="-8.698263">
        <ele>49.604625</ele>
        <time>2026-08-09T11:30:54.281Z</time>
      </trkpt>
      <trkpt lat="42.248372" lon="-8.698172">
        <ele>50.219109</ele>
        <time>2026-08-09T11:31:10.315Z</time>
      </trkpt>
      <trkpt lat="42.248405" lon="-8.698175">
        <ele>50.364945</ele>
        <time>2026-08-09T11:31:14.205Z</time>
      </trkpt>
      <trkpt lat="42.248483" lon="-8.698111">
        <ele>50.767337</ele>
        <time>2026-08-09T11:31:24.693Z</time>
      </trkpt>
      <trkpt lat="42.248498" lon="-8.698030">
        <ele>51.039862</ele>
        <time>2026-08-09T11:31:31.828Z</time>
      </trkpt>
      <trkpt lat="42.248491" lon="-8.697985">
        <ele>51.189946</ele>
        <time>2026-08-09T11:31:35.677Z</time>
      </trkpt>
      <trkpt lat="42.248524" lon="-8.697845">
        <ele>51.669501</ele>
        <time>2026-08-09T11:31:48.190Z</time>
      </trkpt>
      <trkpt lat="42.248959" lon="-8.697159">
        <ele>54.617749</ele>
        <time>2026-08-09T11:33:04.990Z</time>
      </trkpt>
      <trkpt lat="42.249464" lon="-8.696363">
        <ele>56.452710</ele>
        <time>2026-08-09T11:34:33.865Z</time>
      </trkpt>
      <trkpt lat="42.249514" lon="-8.696283">
        <ele>56.516944</ele>
        <time>2026-08-09T11:34:42.491Z</time>
      </trkpt>
      <trkpt lat="42.249837" lon="-8.695765">
        <ele>56.932463</ele>
        <time>2026-08-09T11:35:36.726Z</time>
      </trkpt>
      <trkpt lat="42.250171" lon="-8.695268">
        <ele>57.344283</ele>
        <time>2026-08-09T11:36:26.701Z</time>
      </trkpt>
      <trkpt lat="42.250824" lon="-8.694633">
        <ele>54.778993</ele>
        <time>2026-08-09T11:37:54.210Z</time>
      </trkpt>
      <trkpt lat="42.250969" lon="-8.694400">
        <ele>53.578120</ele>
        <time>2026-08-09T11:38:19.435Z</time>
      </trkpt>
      <trkpt lat="42.251047" lon="-8.694342">
        <ele>53.103605</ele>
        <time>2026-08-09T11:38:29.327Z</time>
      </trkpt>
      <trkpt lat="42.251188" lon="-8.694112">
        <ele>51.925480</ele>
        <time>2026-08-09T11:38:53.942Z</time>
      </trkpt>
      <trkpt lat="42.251253" lon="-8.694093">
        <ele>51.571042</ele>
        <time>2026-08-09T11:39:01.330Z</time>
      </trkpt>
      <trkpt lat="42.251297" lon="-8.694017">
        <ele>51.190410</ele>
        <time>2026-08-09T11:39:09.297Z</time>
      </trkpt>
      <trkpt lat="42.251299" lon="-8.693981">
        <ele>51.047992</ele>
        <time>2026-08-09T11:39:12.272Z</time>
      </trkpt>
      <trkpt lat="42.251390" lon="-8.693987">
        <ele>50.562424</ele>
        <time>2026-08-09T11:39:22.481Z</time>
      </trkpt>
      <trkpt lat="42.251617" lon="-8.693758">
        <ele>49.052535</ele>
        <time>2026-08-09T11:39:54.435Z</time>
      </trkpt>
      <trkpt lat="42.251929" lon="-8.693535">
        <ele>46.680392</ele>
        <time>2026-08-09T11:40:34.503Z</time>
      </trkpt>
      <trkpt lat="42.252024" lon="-8.693510">
        <ele>45.855282</ele>
        <time>2026-08-09T11:40:45.570Z</time>
      </trkpt>
      <trkpt lat="42.252283" lon="-8.693372">
        <ele>43.481755</ele>
        <time>2026-08-09T11:41:17.577Z</time>
      </trkpt>
      <trkpt lat="42.252465" lon="-8.693213">
        <ele>41.634040</ele>
        <time>2026-08-09T11:41:42.699Z</time>
      </trkpt>
      <trkpt lat="42.252668" lon="-8.693036">
        <ele>39.574315</ele>
        <time>2026-08-09T11:42:11.023Z</time>
      </trkpt>
      <trkpt lat="42.252856" lon="-8.692860">
        <ele>37.624405</ele>
        <time>2026-08-09T11:42:38.349Z</time>
      </trkpt>
      <trkpt lat="42.253118" lon="-8.692589">
        <ele>34.811364</ele>
        <time>2026-08-09T11:43:18.004Z</time>
      </trkpt>
      <trkpt lat="42.253603" lon="-8.691925">
        <ele>29.810561</ele>
        <time>2026-08-09T11:44:40.389Z</time>
      </trkpt>
      <trkpt lat="42.253758" lon="-8.691749">
        <ele>28.494149</ele>
        <time>2026-08-09T11:45:04.399Z</time>
      </trkpt>
      <trkpt lat="42.254375" lon="-8.691307">
        <ele>23.953595</ele>
        <time>2026-08-09T11:46:24.399Z</time>
      </trkpt>
      <trkpt lat="42.254418" lon="-8.691196">
        <ele>23.350691</ele>
        <time>2026-08-09T11:46:34.513Z</time>
      </trkpt>
      <trkpt lat="42.254464" lon="-8.691079">
        <ele>22.713150</ele>
        <time>2026-08-09T11:46:45.125Z</time>
      </trkpt>
      <trkpt lat="42.254411" lon="-8.690792">
        <ele>21.289681</ele>
        <time>2026-08-09T11:47:08.220Z</time>
      </trkpt>
      <trkpt lat="42.254267" lon="-8.690714">
        <ele>21.347280</ele>
        <time>2026-08-09T11:47:24.098Z</time>
      </trkpt>
      <trkpt lat="42.254104" lon="-8.690687">
        <ele>21.950591</ele>
        <time>2026-08-09T11:47:40.615Z</time>
      </trkpt>
      <trkpt lat="42.253898" lon="-8.690822">
        <ele>22.791724</ele>
        <time>2026-08-09T11:48:04.334Z</time>
      </trkpt>
      <trkpt lat="42.253600" lon="-8.690730">
        <ele>23.914731</ele>
        <time>2026-08-09T11:48:37.927Z</time>
      </trkpt>
      <trkpt lat="42.253224" lon="-8.690051">
        <ele>26.220638</ele>
        <time>2026-08-09T11:49:53.544Z</time>
      </trkpt>
      <trkpt lat="42.253136" lon="-8.689965">
        <ele>26.619646</ele>
        <time>2026-08-09T11:50:07.072Z</time>
      </trkpt>
      <trkpt lat="42.252696" lon="-8.689885">
        <ele>28.943027</ele>
        <time>2026-08-09T11:51:03.546Z</time>
      </trkpt>
      <trkpt lat="42.252535" lon="-8.689610">
        <ele>30.866440</ele>
        <time>2026-08-09T11:51:36.440Z</time>
      </trkpt>
      <trkpt lat="42.252351" lon="-8.689296">
        <ele>33.063402</ele>
        <time>2026-08-09T11:52:13.517Z</time>
      </trkpt>
      <trkpt lat="42.252271" lon="-8.689161">
        <ele>34.012073</ele>
        <time>2026-08-09T11:52:29.382Z</time>
      </trkpt>
      <trkpt lat="42.252124" lon="-8.688989">
        <ele>35.453317</ele>
        <time>2026-08-09T11:52:53.334Z</time>
      </trkpt>
      <trkpt lat="42.252005" lon="-8.689059">
        <ele>36.415226</ele>
        <time>2026-08-09T11:53:09.339Z</time>
      </trkpt>
      <trkpt lat="42.251949" lon="-8.689021">
        <ele>36.879665</ele>
        <time>2026-08-09T11:53:17.014Z</time>
      </trkpt>
      <trkpt lat="42.251804" lon="-8.688767">
        <ele>38.639308</ele>
        <time>2026-08-09T11:53:46.698Z</time>
      </trkpt>
      <trkpt lat="42.251418" lon="-8.689252">
        <ele>42.740356</ele>
        <time>2026-08-09T11:54:53.884Z</time>
      </trkpt>
      <trkpt lat="42.251315" lon="-8.689010">
        <ele>44.452544</ele>
        <time>2026-08-09T11:55:20.652Z</time>
      </trkpt>
      <trkpt lat="42.251182" lon="-8.688276">
        <ele>49.087461</ele>
        <time>2026-08-09T11:56:31.748Z</time>
      </trkpt>
      <trkpt lat="42.250932" lon="-8.687761">
        <ele>52.864910</ele>
        <time>2026-08-09T11:57:32.002Z</time>
      </trkpt>
      <trkpt lat="42.251148" lon="-8.687550">
        <ele>55.073611</ele>
        <time>2026-08-09T11:58:06.692Z</time>
      </trkpt>
      <trkpt lat="42.251254" lon="-8.687375">
        <ele>56.568910</ele>
        <time>2026-08-09T11:58:27.809Z</time>
      </trkpt>
      <trkpt lat="42.251283" lon="-8.687207">
        <ele>57.801691</ele>
        <time>2026-08-09T11:58:43.539Z</time>
      </trkpt>
      <trkpt lat="42.251179" lon="-8.687096">
        <ele>59.081283</ele>
        <time>2026-08-09T11:59:00.089Z</time>
      </trkpt>
      <trkpt lat="42.251120" lon="-8.686966">
        <ele>60.171018</ele>
        <time>2026-08-09T11:59:14.120Z</time>
      </trkpt>
      <trkpt lat="42.251130" lon="-8.686903">
        <ele>60.631467</ele>
        <time>2026-08-09T11:59:20.036Z</time>
      </trkpt>
      <trkpt lat="42.251159" lon="-8.686715">
        <ele>62.003825</ele>
        <time>2026-08-09T11:59:37.731Z</time>
      </trkpt>
      <trkpt lat="42.251151" lon="-8.686629">
        <ele>62.623237</ele>
        <time>2026-08-09T11:59:45.856Z</time>
      </trkpt>
      <trkpt lat="42.251111" lon="-8.686592">
        <ele>63.091260</ele>
        <time>2026-08-09T11:59:51.910Z</time>
      </trkpt>
      <trkpt lat="42.251061" lon="-8.686650">
        <ele>63.727512</ele>
        <time>2026-08-09T12:00:00.218Z</time>
      </trkpt>
      <trkpt lat="42.250920" lon="-8.687037">
        <ele>66.809985</ele>
        <time>2026-08-09T12:00:42.003Z</time>
      </trkpt>
      <trkpt lat="42.250845" lon="-8.687058">
        <ele>67.549455</ele>
        <time>2026-08-09T12:00:52.571Z</time>
      </trkpt>
      <trkpt lat="42.250502" lon="-8.686581">
        <ele>72.301892</ele>
        <time>2026-08-09T12:02:01.545Z</time>
      </trkpt>
      <trkpt lat="42.250477" lon="-8.686532">
        <ele>72.727184</ele>
        <time>2026-08-09T12:02:07.651Z</time>
      </trkpt>
      <trkpt lat="42.249960" lon="-8.685818">
        <ele>84.012613</ele>
        <time>2026-08-09T12:04:01.262Z</time>
      </trkpt>
      <trkpt lat="42.250162" lon="-8.685621">
        <ele>87.907733</ele>
        <time>2026-08-09T12:04:44.777Z</time>
      </trkpt>
      <trkpt lat="42.249709" lon="-8.685116">
        <ele>97.090208</ele>
        <time>2026-08-09T12:06:32.035Z</time>
      </trkpt>
      <trkpt lat="42.249473" lon="-8.684665">
        <ele>102.881018</ele>
        <time>2026-08-09T12:07:48.176Z</time>
      </trkpt>
      <trkpt lat="42.249347" lon="-8.684232">
        <ele>106.788839</ele>
        <time>2026-08-09T12:08:51.511Z</time>
      </trkpt>
      <trkpt lat="42.249358" lon="-8.684127">
        <ele>107.679553</ele>
        <time>2026-08-09T12:09:05.444Z</time>
      </trkpt>
      <trkpt lat="42.249528" lon="-8.683769">
        <ele>111.252041</ele>
        <time>2026-08-09T12:09:58.064Z</time>
      </trkpt>
      <trkpt lat="42.249602" lon="-8.683717">
        <ele>112.198515</ele>
        <time>2026-08-09T12:10:10.709Z</time>
      </trkpt>
      <trkpt lat="42.249987" lon="-8.683445">
        <ele>117.128401</ele>
        <time>2026-08-09T12:11:08.063Z</time>
      </trkpt>
      <trkpt lat="42.250206" lon="-8.683276">
        <ele>119.990218</ele>
        <time>2026-08-09T12:11:38.144Z</time>
      </trkpt>
      <trkpt lat="42.250411" lon="-8.683218">
        <ele>121.696788</ele>
        <time>2026-08-09T12:12:01.724Z</time>
      </trkpt>
      <trkpt lat="42.250923" lon="-8.682983">
        <ele>121.674281</ele>
        <time>2026-08-09T12:12:58.253Z</time>
      </trkpt>
      <trkpt lat="42.251547" lon="-8.682623">
        <ele>121.646039</ele>
        <time>2026-08-09T12:14:10.907Z</time>
      </trkpt>
      <trkpt lat="42.251787" lon="-8.682479">
        <ele>121.635109</ele>
        <time>2026-08-09T12:14:37.438Z</time>
      </trkpt>
      <trkpt lat="42.251826" lon="-8.682456">
        <ele>121.633338</ele>
        <time>2026-08-09T12:14:41.836Z</time>
      </trkpt>
      <trkpt lat="42.252102" lon="-8.681988">
        <ele>123.605654</ele>
        <time>2026-08-09T12:15:30.638Z</time>
      </trkpt>
      <trkpt lat="42.252150" lon="-8.681963">
        <ele>124.053623</ele>
        <time>2026-08-09T12:15:36.259Z</time>
      </trkpt>
      <trkpt lat="42.252163" lon="-8.681878">
        <ele>124.613071</ele>
        <time>2026-08-09T12:15:43.923Z</time>
      </trkpt>
      <trkpt lat="42.252488" lon="-8.681382">
        <ele>128.882763</ele>
        <time>2026-08-09T12:16:43.631Z</time>
      </trkpt>
      <trkpt lat="42.252553" lon="-8.681152">
        <ele>130.469620</ele>
        <time>2026-08-09T12:17:08.291Z</time>
      </trkpt>
      <trkpt lat="42.252716" lon="-8.680874">
        <ele>132.755548</ele>
        <time>2026-08-09T12:17:45.071Z</time>
      </trkpt>
      <trkpt lat="42.252940" lon="-8.680483">
        <ele>135.942426</ele>
        <time>2026-08-09T12:18:40.082Z</time>
      </trkpt>
      <trkpt lat="42.252995" lon="-8.680353">
        <ele>136.907561</ele>
        <time>2026-08-09T12:18:57.891Z</time>
      </trkpt>
      <trkpt lat="42.253053" lon="-8.680087">
        <ele>139.364959</ele>
        <time>2026-08-09T12:19:30.676Z</time>
      </trkpt>
      <trkpt lat="42.253084" lon="-8.679754">
        <ele>142.557705</ele>
        <time>2026-08-09T12:20:11.701Z</time>
      </trkpt>
      <trkpt lat="42.253073" lon="-8.679478">
        <ele>145.187064</ele>
        <time>2026-08-09T12:20:46.239Z</time>
      </trkpt>
      <trkpt lat="42.252969" lon="-8.678942">
        <ele>150.458252</ele>
        <time>2026-08-09T12:21:54.593Z</time>
      </trkpt>
      <trkpt lat="42.252942" lon="-8.678551">
        <ele>154.193948</ele>
        <time>2026-08-09T12:22:40.235Z</time>
      </trkpt>
      <trkpt lat="42.252984" lon="-8.678205">
        <ele>157.529379</ele>
        <time>2026-08-09T12:23:18.281Z</time>
      </trkpt>
      <trkpt lat="42.252876" lon="-8.678318">
        <ele>159.284984</ele>
        <time>2026-08-09T12:23:36.956Z</time>
      </trkpt>
      <trkpt lat="42.252989" lon="-8.677864">
        <ele>160.525966</ele>
        <time>2026-08-09T12:24:21.892Z</time>
      </trkpt>
      <trkpt lat="42.253264" lon="-8.677140">
        <ele>160.802265</ele>
        <time>2026-08-09T12:25:26.596Z</time>
      </trkpt>
      <trkpt lat="42.253336" lon="-8.676995">
        <ele>160.861550</ele>
        <time>2026-08-09T12:25:40.121Z</time>
      </trkpt>
      <trkpt lat="42.253464" lon="-8.676884">
        <ele>160.931320</ele>
        <time>2026-08-09T12:25:56.563Z</time>
      </trkpt>
      <trkpt lat="42.254185" lon="-8.676314">
        <ele>160.915294</ele>
        <time>2026-08-09T12:27:28.906Z</time>
      </trkpt>
      <trkpt lat="42.254427" lon="-8.676043">
        <ele>160.391721</ele>
        <time>2026-08-09T12:28:02.898Z</time>
      </trkpt>
      <trkpt lat="42.254643" lon="-8.675721">
        <ele>159.855943</ele>
        <time>2026-08-09T12:28:36.863Z</time>
      </trkpt>
      <trkpt lat="42.254829" lon="-8.675307">
        <ele>159.258850</ele>
        <time>2026-08-09T12:29:13.595Z</time>
      </trkpt>
      <trkpt lat="42.254886" lon="-8.675118">
        <ele>159.007231</ele>
        <time>2026-08-09T12:29:28.809Z</time>
      </trkpt>
      <trkpt lat="42.255056" lon="-8.674555">
        <ele>158.257570</ele>
        <time>2026-08-09T12:30:15.643Z</time>
      </trkpt>
      <trkpt lat="42.255375" lon="-8.673749">
        <ele>157.977618</ele>
        <time>2026-08-09T12:31:27.587Z</time>
      </trkpt>
      <trkpt lat="42.255439" lon="-8.673449">
        <ele>157.888630</ele>
        <time>2026-08-09T12:31:50.743Z</time>
      </trkpt>
      <trkpt lat="42.255455" lon="-8.673173">
        <ele>157.809723</ele>
        <time>2026-08-09T12:32:11.679Z</time>
      </trkpt>
      <trkpt lat="42.255484" lon="-8.672844">
        <ele>157.715287</ele>
        <time>2026-08-09T12:32:37.077Z</time>
      </trkpt>
      <trkpt lat="42.255541" lon="-8.672754">
        <ele>157.681526</ele>
        <time>2026-08-09T12:32:46.309Z</time>
      </trkpt>
      <trkpt lat="42.255646" lon="-8.672664">
        <ele>157.633642</ele>
        <time>2026-08-09T12:32:59.428Z</time>
      </trkpt>
      <trkpt lat="42.255928" lon="-8.672486">
        <ele>157.485805</ele>
        <time>2026-08-09T12:33:32.087Z</time>
      </trkpt>
      <trkpt lat="42.256093" lon="-8.672415">
        <ele>157.347009</ele>
        <time>2026-08-09T12:33:49.540Z</time>
      </trkpt>
      <trkpt lat="42.256809" lon="-8.672205">
        <ele>156.759755</ele>
        <time>2026-08-09T12:35:06.546Z</time>
      </trkpt>
      <trkpt lat="42.257114" lon="-8.671990">
        <ele>156.484019</ele>
        <time>2026-08-09T12:35:41.433Z</time>
      </trkpt>
      <trkpt lat="42.257324" lon="-8.671868">
        <ele>156.300800</ele>
        <time>2026-08-09T12:36:05.099Z</time>
      </trkpt>
      <trkpt lat="42.257666" lon="-8.671777">
        <ele>156.253323</ele>
        <time>2026-08-09T12:36:42.082Z</time>
      </trkpt>
      <trkpt lat="42.257876" lon="-8.671668">
        <ele>156.619000</ele>
        <time>2026-08-09T12:37:06.624Z</time>
      </trkpt>
      <trkpt lat="42.257995" lon="-8.671547">
        <ele>156.861090</ele>
        <time>2026-08-09T12:37:22.682Z</time>
      </trkpt>
      <trkpt lat="42.258239" lon="-8.671192">
        <ele>157.443940</ele>
        <time>2026-08-09T12:38:00.693Z</time>
      </trkpt>
      <trkpt lat="42.258260" lon="-8.671175">
        <ele>157.483733</ele>
        <time>2026-08-09T12:38:03.094Z</time>
      </trkpt>
      <trkpt lat="42.258922" lon="-8.670599">
        <ele>158.763633</ele>
        <time>2026-08-09T12:39:29.066Z</time>
      </trkpt>
      <trkpt lat="42.259098" lon="-8.670379">
        <ele>159.008548</ele>
        <time>2026-08-09T12:39:53.195Z</time>
      </trkpt>
      <trkpt lat="42.259267" lon="-8.670044">
        <ele>158.959863</ele>
        <time>2026-08-09T12:40:23.617Z</time>
      </trkpt>
      <trkpt lat="42.259622" lon="-8.669635">
        <ele>158.884165</ele>
        <time>2026-08-09T12:41:10.448Z</time>
      </trkpt>
      <trkpt lat="42.259833" lon="-8.669158">
        <ele>158.817433</ele>
        <time>2026-08-09T12:41:52.549Z</time>
      </trkpt>
      <trkpt lat="42.259985" lon="-8.668923">
        <ele>158.779955</ele>
        <time>2026-08-09T12:42:16.231Z</time>
      </trkpt>
      <trkpt lat="42.260180" lon="-8.668824">
        <ele>158.746155</ele>
        <time>2026-08-09T12:42:37.284Z</time>
      </trkpt>
      <trkpt lat="42.260390" lon="-8.668779">
        <ele>158.885723</ele>
        <time>2026-08-09T12:42:59.141Z</time>
      </trkpt>
      <trkpt lat="42.260465" lon="-8.668725">
        <ele>159.003831</ele>
        <time>2026-08-09T12:43:08.123Z</time>
      </trkpt>
      <trkpt lat="42.260539" lon="-8.668651">
        <ele>159.131775</ele>
        <time>2026-08-09T12:43:17.592Z</time>
      </trkpt>
      <trkpt lat="42.260911" lon="-8.667987">
        <ele>159.988346</ele>
        <time>2026-08-09T12:44:20.613Z</time>
      </trkpt>
      <trkpt lat="42.261154" lon="-8.667635">
        <ele>160.483452</ele>
        <time>2026-08-09T12:44:57.911Z</time>
      </trkpt>
      <trkpt lat="42.261284" lon="-8.667454">
        <ele>160.742873</ele>
        <time>2026-08-09T12:45:18.194Z</time>
      </trkpt>
      <trkpt lat="42.261405" lon="-8.667203">
        <ele>161.050975</ele>
        <time>2026-08-09T12:45:42.685Z</time>
      </trkpt>
      <trkpt lat="42.261431" lon="-8.666979">
        <ele>161.328854</ele>
        <time>2026-08-09T12:46:01.295Z</time>
      </trkpt>
      <trkpt lat="42.261424" lon="-8.666888">
        <ele>161.499880</ele>
        <time>2026-08-09T12:46:08.783Z</time>
      </trkpt>
      <trkpt lat="42.261095" lon="-8.665763">
        <ele>163.761130</ele>
        <time>2026-08-09T12:47:48.867Z</time>
      </trkpt>
      <trkpt lat="42.261068" lon="-8.665588">
        <ele>164.095300</ele>
        <time>2026-08-09T12:48:04.071Z</time>
      </trkpt>
      <trkpt lat="42.261077" lon="-8.665457">
        <ele>164.341238</ele>
        <time>2026-08-09T12:48:15.079Z</time>
      </trkpt>
      <trkpt lat="42.260958" lon="-8.664883">
        <ele>165.455553</ele>
        <time>2026-08-09T12:49:03.418Z</time>
      </trkpt>
      <trkpt lat="42.260981" lon="-8.664789">
        <ele>165.640626</ele>
        <time>2026-08-09T12:49:11.099Z</time>
      </trkpt>
      <trkpt lat="42.261097" lon="-8.664559">
        <ele>165.403578</ele>
        <time>2026-08-09T12:49:32.256Z</time>
      </trkpt>
      <trkpt lat="42.261163" lon="-8.664199">
        <ele>164.744554</ele>
        <time>2026-08-09T12:50:00.443Z</time>
      </trkpt>
      <trkpt lat="42.261315" lon="-8.663994">
        <ele>164.228923</ele>
        <time>2026-08-09T12:50:23.492Z</time>
      </trkpt>
      <trkpt lat="42.261341" lon="-8.663925">
        <ele>164.091339</ele>
        <time>2026-08-09T12:50:29.737Z</time>
      </trkpt>
      <trkpt lat="42.261351" lon="-8.663638">
        <ele>163.580801</ele>
        <time>2026-08-09T12:50:52.932Z</time>
      </trkpt>
      <trkpt lat="42.261382" lon="-8.663540">
        <ele>163.391425</ele>
        <time>2026-08-09T12:51:01.631Z</time>
      </trkpt>
      <trkpt lat="42.261513" lon="-8.663408">
        <ele>162.999072</ele>
        <time>2026-08-09T12:51:19.531Z</time>
      </trkpt>
      <trkpt lat="42.261663" lon="-8.663327">
        <ele>162.611234</ele>
        <time>2026-08-09T12:51:37.030Z</time>
      </trkpt>
      <trkpt lat="42.261913" lon="-8.663473">
        <ele>161.957332</ele>
        <time>2026-08-09T12:52:06.407Z</time>
      </trkpt>
      <trkpt lat="42.262071" lon="-8.663616">
        <ele>161.500745</ele>
        <time>2026-08-09T12:52:26.703Z</time>
      </trkpt>
      <trkpt lat="42.262137" lon="-8.663642">
        <ele>161.405121</ele>
        <time>2026-08-09T12:52:33.999Z</time>
      </trkpt>
      <trkpt lat="42.263370" lon="-8.663522">
        <ele>160.176139</ele>
        <time>2026-08-09T12:54:40.548Z</time>
      </trkpt>
      <trkpt lat="42.263515" lon="-8.663493">
        <ele>160.030415</ele>
        <time>2026-08-09T12:54:55.797Z</time>
      </trkpt>
      <trkpt lat="42.263617" lon="-8.663525">
        <ele>159.926313</ele>
        <time>2026-08-09T12:55:06.518Z</time>
      </trkpt>
      <trkpt lat="42.263843" lon="-8.663709">
        <ele>159.665587</ele>
        <time>2026-08-09T12:55:33.866Z</time>
      </trkpt>
      <trkpt lat="42.264055" lon="-8.663793">
        <ele>159.616680</ele>
        <time>2026-08-09T12:55:56.178Z</time>
      </trkpt>
      <trkpt lat="42.264124" lon="-8.663775">
        <ele>159.601124</ele>
        <time>2026-08-09T12:56:03.352Z</time>
      </trkpt>
      <trkpt lat="42.264338" lon="-8.663599">
        <ele>159.545665</ele>
        <time>2026-08-09T12:56:28.711Z</time>
      </trkpt>
      <trkpt lat="42.264448" lon="-8.663552">
        <ele>159.520126</ele>
        <time>2026-08-09T12:56:40.449Z</time>
      </trkpt>
      <trkpt lat="42.264738" lon="-8.663512">
        <ele>159.455595</ele>
        <time>2026-08-09T12:57:10.160Z</time>
      </trkpt>
      <trkpt lat="42.265092" lon="-8.663521">
        <ele>159.377215</ele>
        <time>2026-08-09T12:57:45.846Z</time>
      </trkpt>
      <trkpt lat="42.265234" lon="-8.663520">
        <ele>159.345780</ele>
        <time>2026-08-09T12:58:00.116Z</time>
      </trkpt>
      <trkpt lat="42.265418" lon="-8.663428">
        <ele>159.302349</ele>
        <time>2026-08-09T12:58:19.773Z</time>
      </trkpt>
      <trkpt lat="42.265694" lon="-8.663068">
        <ele>159.254582</ele>
        <time>2026-08-09T12:58:58.829Z</time>
      </trkpt>
      <trkpt lat="42.265776" lon="-8.663010">
        <ele>159.249183</ele>
        <time>2026-08-09T12:59:08.178Z</time>
      </trkpt>
      <trkpt lat="42.265882" lon="-8.662990">
        <ele>159.242940</ele>
        <time>2026-08-09T12:59:18.983Z</time>
      </trkpt>
      <trkpt lat="42.266095" lon="-8.663032">
        <ele>159.230384</ele>
        <time>2026-08-09T12:59:40.845Z</time>
      </trkpt>
      <trkpt lat="42.266252" lon="-8.662982">
        <ele>159.220975</ele>
        <time>2026-08-09T12:59:57.541Z</time>
      </trkpt>
      <trkpt lat="42.266547" lon="-8.662759">
        <ele>159.201258</ele>
        <time>2026-08-09T13:00:31.949Z</time>
      </trkpt>
      <trkpt lat="42.266694" lon="-8.662586">
        <ele>159.189887</ele>
        <time>2026-08-09T13:00:51.451Z</time>
      </trkpt>
      <trkpt lat="42.266739" lon="-8.662562">
        <ele>159.187066</ele>
        <time>2026-08-09T13:00:56.287Z</time>
      </trkpt>
      <trkpt lat="42.266901" lon="-8.662442">
        <ele>159.176289</ele>
        <time>2026-08-09T13:01:14.958Z</time>
      </trkpt>
      <trkpt lat="42.267113" lon="-8.662013">
        <ele>159.290264</ele>
        <time>2026-08-09T13:01:53.723Z</time>
      </trkpt>
      <trkpt lat="42.267241" lon="-8.661891">
        <ele>159.420438</ele>
        <time>2026-08-09T13:02:09.641Z</time>
      </trkpt>
      <trkpt lat="42.267417" lon="-8.661835">
        <ele>159.570703</ele>
        <time>2026-08-09T13:02:27.826Z</time>
      </trkpt>
      <trkpt lat="42.268395" lon="-8.661672">
        <ele>160.389635</ele>
        <time>2026-08-09T13:04:06.761Z</time>
      </trkpt>
      <trkpt lat="42.268468" lon="-8.661651">
        <ele>160.451661</ele>
        <time>2026-08-09T13:04:14.767Z</time>
      </trkpt>
      <trkpt lat="42.268547" lon="-8.661572">
        <ele>160.533336</ele>
        <time>2026-08-09T13:04:25.498Z</time>
      </trkpt>
      <trkpt lat="42.268709" lon="-8.661291">
        <ele>160.915698</ele>
        <time>2026-08-09T13:04:55.053Z</time>
      </trkpt>
      <trkpt lat="42.268901" lon="-8.660716">
        <ele>161.972840</ele>
        <time>2026-08-09T13:05:51.428Z</time>
      </trkpt>
      <trkpt lat="42.269337" lon="-8.660232">
        <ele>163.250630</ele>
        <time>2026-08-09T13:06:54.382Z</time>
      </trkpt>
      <trkpt lat="42.269498" lon="-8.659612">
        <ele>164.351731</ele>
        <time>2026-08-09T13:07:44.627Z</time>
      </trkpt>
      <trkpt lat="42.269502" lon="-8.659595">
        <ele>164.381625</ele>
        <time>2026-08-09T13:07:46.065Z</time>
      </trkpt>
      <trkpt lat="42.269591" lon="-8.659531">
        <ele>164.609933</ele>
        <time>2026-08-09T13:07:56.426Z</time>
      </trkpt>
      <trkpt lat="42.269879" lon="-8.659663">
        <ele>163.912976</ele>
        <time>2026-08-09T13:08:27.563Z</time>
      </trkpt>
      <trkpt lat="42.270227" lon="-8.659649">
        <ele>162.776954</ele>
        <time>2026-08-09T13:09:03.970Z</time>
      </trkpt>
      <trkpt lat="42.270882" lon="-8.659406">
        <ele>160.560625</ele>
        <time>2026-08-09T13:10:19.252Z</time>
      </trkpt>
      <trkpt lat="42.271102" lon="-8.659363">
        <ele>159.835300</ele>
        <time>2026-08-09T13:10:43.126Z</time>
      </trkpt>
      <trkpt lat="42.271361" lon="-8.659415">
        <ele>158.980911</ele>
        <time>2026-08-09T13:11:11.097Z</time>
      </trkpt>
      <trkpt lat="42.271578" lon="-8.659519">
        <ele>158.329919</ele>
        <time>2026-08-09T13:11:35.989Z</time>
      </trkpt>
      <trkpt lat="42.272052" lon="-8.659900">
        <ele>156.815752</ele>
        <time>2026-08-09T13:12:35.545Z</time>
      </trkpt>
      <trkpt lat="42.272486" lon="-8.660448">
        <ele>155.185037</ele>
        <time>2026-08-09T13:13:38.767Z</time>
      </trkpt>
      <trkpt lat="42.272610" lon="-8.660555">
        <ele>154.781112</ele>
        <time>2026-08-09T13:13:54.090Z</time>
      </trkpt>
      <trkpt lat="42.273252" lon="-8.660748">
        <ele>153.684503</ele>
        <time>2026-08-09T13:15:00.784Z</time>
      </trkpt>
      <trkpt lat="42.273791" lon="-8.660875">
        <ele>153.305496</ele>
        <time>2026-08-09T13:15:56.916Z</time>
      </trkpt>
      <trkpt lat="42.274094" lon="-8.661067">
        <ele>153.073676</ele>
        <time>2026-08-09T13:16:30.437Z</time>
      </trkpt>
      <trkpt lat="42.274370" lon="-8.661456">
        <ele>152.797435</ele>
        <time>2026-08-09T13:17:11.656Z</time>
      </trkpt>
      <trkpt lat="42.274555" lon="-8.661575">
        <ele>152.697124</ele>
        <time>2026-08-09T13:17:33.115Z</time>
      </trkpt>
      <trkpt lat="42.274744" lon="-8.661801">
        <ele>152.848140</ele>
        <time>2026-08-09T13:17:59.684Z</time>
      </trkpt>
      <trkpt lat="42.274872" lon="-8.662110">
        <ele>153.004944</ele>
        <time>2026-08-09T13:18:27.213Z</time>
      </trkpt>
      <trkpt lat="42.274911" lon="-8.662260">
        <ele>153.075343</ele>
        <time>2026-08-09T13:18:39.433Z</time>
      </trkpt>
      <trkpt lat="42.274847" lon="-8.662533">
        <ele>153.202146</ele>
        <time>2026-08-09T13:19:01.084Z</time>
      </trkpt>
      <trkpt lat="42.274875" lon="-8.662675">
        <ele>153.267216</ele>
        <time>2026-08-09T13:19:12.062Z</time>
      </trkpt>
      <trkpt lat="42.275024" lon="-8.662811">
        <ele>153.374811</ele>
        <time>2026-08-09T13:19:30.559Z</time>
      </trkpt>
      <trkpt lat="42.275308" lon="-8.662961">
        <ele>153.557280</ele>
        <time>2026-08-09T13:20:03.154Z</time>
      </trkpt>
      <trkpt lat="42.275452" lon="-8.662895">
        <ele>153.648273</ele>
        <time>2026-08-09T13:20:19.981Z</time>
      </trkpt>
      <trkpt lat="42.275624" lon="-8.662762">
        <ele>153.896081</ele>
        <time>2026-08-09T13:20:42.772Z</time>
      </trkpt>
      <trkpt lat="42.275852" lon="-8.662698">
        <ele>155.455924</ele>
        <time>2026-08-09T13:21:10.520Z</time>
      </trkpt>
      <trkpt lat="42.276165" lon="-8.662161">
        <ele>158.844068</ele>
        <time>2026-08-09T13:22:12.689Z</time>
      </trkpt>
      <trkpt lat="42.276514" lon="-8.661640">
        <ele>162.327305</ele>
        <time>2026-08-09T13:23:18.781Z</time>
      </trkpt>
      <trkpt lat="42.276766" lon="-8.661143">
        <ele>165.313436</ele>
        <time>2026-08-09T13:24:14.830Z</time>
      </trkpt>
      <trkpt lat="42.276982" lon="-8.660656">
        <ele>167.713224</ele>
        <time>2026-08-09T13:25:07.530Z</time>
      </trkpt>
      <trkpt lat="42.277044" lon="-8.660448">
        <ele>168.626586</ele>
        <time>2026-08-09T13:25:28.385Z</time>
      </trkpt>
      <trkpt lat="42.277084" lon="-8.660185">
        <ele>169.720198</ele>
        <time>2026-08-09T13:25:53.385Z</time>
      </trkpt>
      <trkpt lat="42.277095" lon="-8.659914">
        <ele>170.825656</ele>
        <time>2026-08-09T13:26:18.378Z</time>
      </trkpt>
      <trkpt lat="42.277006" lon="-8.658777">
        <ele>175.482567</ele>
        <time>2026-08-09T13:27:57.958Z</time>
      </trkpt>
      <trkpt lat="42.276992" lon="-8.657635">
        <ele>174.383138</ele>
        <time>2026-08-09T13:29:23.594Z</time>
      </trkpt>
      <trkpt lat="42.276943" lon="-8.657078">
        <ele>173.702276</ele>
        <time>2026-08-09T13:30:08.474Z</time>
      </trkpt>
      <trkpt lat="42.276856" lon="-8.656739">
        <ele>173.266740</ele>
        <time>2026-08-09T13:30:37.321Z</time>
      </trkpt>
      <trkpt lat="42.276600" lon="-8.656117">
        <ele>172.496689</ele>
        <time>2026-08-09T13:31:34.031Z</time>
      </trkpt>
      <trkpt lat="42.276598" lon="-8.655957">
        <ele>172.354539</ele>
        <time>2026-08-09T13:31:46.630Z</time>
      </trkpt>
      <trkpt lat="42.276641" lon="-8.655846">
        <ele>172.243240</ele>
        <time>2026-08-09T13:31:56.375Z</time>
      </trkpt>
      <trkpt lat="42.276849" lon="-8.655659">
        <ele>171.943317</ele>
        <time>2026-08-09T13:32:22.295Z</time>
      </trkpt>
      <trkpt lat="42.277349" lon="-8.654963">
        <ele>171.081581</ele>
        <time>2026-08-09T13:33:34.438Z</time>
      </trkpt>
      <trkpt lat="42.277457" lon="-8.654778">
        <ele>170.872253</ele>
        <time>2026-08-09T13:33:52.479Z</time>
      </trkpt>
      <trkpt lat="42.277610" lon="-8.654370">
        <ele>170.409005</ele>
        <time>2026-08-09T13:34:27.078Z</time>
      </trkpt>
      <trkpt lat="42.278298" lon="-8.653734">
        <ele>168.961743</ele>
        <time>2026-08-09T13:35:52.160Z</time>
      </trkpt>
      <trkpt lat="42.279189" lon="-8.652923">
        <ele>166.765751</ele>
        <time>2026-08-09T13:37:46.142Z</time>
      </trkpt>
      <trkpt lat="42.279289" lon="-8.652768">
        <ele>166.267830</ele>
        <time>2026-08-09T13:38:02.762Z</time>
      </trkpt>
      <trkpt lat="42.279360" lon="-8.652488">
        <ele>165.551190</ele>
        <time>2026-08-09T13:38:26.335Z</time>
      </trkpt>
      <trkpt lat="42.279396" lon="-8.652450">
        <ele>165.401713</ele>
        <time>2026-08-09T13:38:31.240Z</time>
      </trkpt>
      <trkpt lat="42.279465" lon="-8.652421">
        <ele>165.165250</ele>
        <time>2026-08-09T13:38:38.911Z</time>
      </trkpt>
      <trkpt lat="42.279759" lon="-8.652436">
        <ele>164.202472</ele>
        <time>2026-08-09T13:39:10.797Z</time>
      </trkpt>
      <trkpt lat="42.280153" lon="-8.652305">
        <ele>162.874698</ele>
        <time>2026-08-09T13:39:54.477Z</time>
      </trkpt>
      <trkpt lat="42.280501" lon="-8.652302">
        <ele>161.735872</ele>
        <time>2026-08-09T13:40:31.449Z</time>
      </trkpt>
      <trkpt lat="42.280711" lon="-8.652319">
        <ele>161.667694</ele>
        <time>2026-08-09T13:40:53.687Z</time>
      </trkpt>
      <trkpt lat="42.280866" lon="-8.652202">
        <ele>161.757538</ele>
        <time>2026-08-09T13:41:12.159Z</time>
      </trkpt>
      <trkpt lat="42.281017" lon="-8.652134">
        <ele>161.838083</ele>
        <time>2026-08-09T13:41:28.445Z</time>
      </trkpt>
      <trkpt lat="42.281253" lon="-8.652110">
        <ele>161.957852</ele>
        <time>2026-08-09T13:41:52.202Z</time>
      </trkpt>
      <trkpt lat="42.281350" lon="-8.652019">
        <ele>162.017606</ele>
        <time>2026-08-09T13:42:04.175Z</time>
      </trkpt>
      <trkpt lat="42.281694" lon="-8.651718">
        <ele>162.224986</ele>
        <time>2026-08-09T13:42:47.009Z</time>
      </trkpt>
      <trkpt lat="42.281878" lon="-8.651507">
        <ele>162.347100</ele>
        <time>2026-08-09T13:43:13.447Z</time>
      </trkpt>
      <trkpt lat="42.282131" lon="-8.651106">
        <ele>162.682572</ele>
        <time>2026-08-09T13:43:57.067Z</time>
      </trkpt>
      <trkpt lat="42.282348" lon="-8.650670">
        <ele>163.427680</ele>
        <time>2026-08-09T13:44:40.377Z</time>
      </trkpt>
      <trkpt lat="42.282668" lon="-8.650238">
        <ele>164.294501</ele>
        <time>2026-08-09T13:45:28.993Z</time>
      </trkpt>
      <trkpt lat="42.282728" lon="-8.650093">
        <ele>164.530078</ele>
        <time>2026-08-09T13:45:41.917Z</time>
      </trkpt>
      <trkpt lat="42.282786" lon="-8.649633">
        <ele>165.191743</ele>
        <time>2026-08-09T13:46:18.476Z</time>
      </trkpt>
      <trkpt lat="42.282991" lon="-8.648799">
        <ele>166.079981</ele>
        <time>2026-08-09T13:47:25.596Z</time>
      </trkpt>
      <trkpt lat="42.283096" lon="-8.648320">
        <ele>166.276980</ele>
        <time>2026-08-09T13:48:03.075Z</time>
      </trkpt>
      <trkpt lat="42.283219" lon="-8.647975">
        <ele>166.427995</ele>
        <time>2026-08-09T13:48:31.460Z</time>
      </trkpt>
      <trkpt lat="42.283222" lon="-8.647764">
        <ele>166.511212</ele>
        <time>2026-08-09T13:48:47.089Z</time>
      </trkpt>
      <trkpt lat="42.283330" lon="-8.647456">
        <ele>166.645615</ele>
        <time>2026-08-09T13:49:12.834Z</time>
      </trkpt>
      <trkpt lat="42.283337" lon="-8.646922">
        <ele>166.856218</ele>
        <time>2026-08-09T13:49:53.477Z</time>
      </trkpt>
      <trkpt lat="42.283325" lon="-8.646555">
        <ele>166.859408</ele>
        <time>2026-08-09T13:50:21.093Z</time>
      </trkpt>
      <trkpt lat="42.283349" lon="-8.646327">
        <ele>166.821949</ele>
        <time>2026-08-09T13:50:38.521Z</time>
      </trkpt>
      <trkpt lat="42.283288" lon="-8.646071">
        <ele>166.778204</ele>
        <time>2026-08-09T13:50:58.951Z</time>
      </trkpt>
      <trkpt lat="42.283006" lon="-8.645860">
        <ele>166.707340</ele>
        <time>2026-08-09T13:51:32.069Z</time>
      </trkpt>
      <trkpt lat="42.282901" lon="-8.645725">
        <ele>166.675480</ele>
        <time>2026-08-09T13:51:46.853Z</time>
      </trkpt>
      <trkpt lat="42.282903" lon="-8.645664">
        <ele>166.665548</ele>
        <time>2026-08-09T13:51:51.397Z</time>
      </trkpt>
      <trkpt lat="42.283175" lon="-8.645084">
        <ele>166.553852</ele>
        <time>2026-08-09T13:52:42.432Z</time>
      </trkpt>
      <trkpt lat="42.283364" lon="-8.644735">
        <ele>166.169298</ele>
        <time>2026-08-09T13:53:15.798Z</time>
      </trkpt>
      <trkpt lat="42.283542" lon="-8.644311">
        <ele>164.949125</ele>
        <time>2026-08-09T13:53:54.355Z</time>
      </trkpt>
      <trkpt lat="42.283808" lon="-8.643826">
        <ele>163.438049</ele>
        <time>2026-08-09T13:54:42.958Z</time>
      </trkpt>
      <trkpt lat="42.283868" lon="-8.643725">
        <ele>163.113849</ele>
        <time>2026-08-09T13:54:53.427Z</time>
      </trkpt>
      <trkpt lat="42.284075" lon="-8.643529">
        <ele>162.258827</ele>
        <time>2026-08-09T13:55:21.199Z</time>
      </trkpt>
      <trkpt lat="42.284368" lon="-8.643154">
        <ele>160.893737</ele>
        <time>2026-08-09T13:56:05.066Z</time>
      </trkpt>
      <trkpt lat="42.284597" lon="-8.642829">
        <ele>160.319701</ele>
        <time>2026-08-09T13:56:40.408Z</time>
      </trkpt>
      <trkpt lat="42.284752" lon="-8.642534">
        <ele>160.179396</ele>
        <time>2026-08-09T13:57:08.218Z</time>
      </trkpt>
      <trkpt lat="42.284886" lon="-8.641875">
        <ele>159.914383</ele>
        <time>2026-08-09T13:57:58.810Z</time>
      </trkpt>
      <trkpt lat="42.284891" lon="-8.641636">
        <ele>159.821670</ele>
        <time>2026-08-09T13:58:16.561Z</time>
      </trkpt>
      <trkpt lat="42.284863" lon="-8.641541">
        <ele>159.782017</ele>
        <time>2026-08-09T13:58:24.149Z</time>
      </trkpt>
      <trkpt lat="42.284517" lon="-8.640944">
        <ele>159.487944</ele>
        <time>2026-08-09T13:59:21.571Z</time>
      </trkpt>
      <trkpt lat="42.284404" lon="-8.640675">
        <ele>159.991744</ele>
        <time>2026-08-09T13:59:45.496Z</time>
      </trkpt>
      <trkpt lat="42.284240" lon="-8.640479">
        <ele>160.529596</ele>
        <time>2026-08-09T14:00:08.612Z</time>
      </trkpt>
      <trkpt lat="42.283795" lon="-8.640034">
        <ele>161.889620</ele>
        <time>2026-08-09T14:01:08.154Z</time>
      </trkpt>
      <trkpt lat="42.283586" lon="-8.639876">
        <ele>162.477978</ele>
        <time>2026-08-09T14:01:34.085Z</time>
      </trkpt>
      <trkpt lat="42.283038" lon="-8.639536">
        <ele>163.978641</ele>
        <time>2026-08-09T14:02:42.412Z</time>
      </trkpt>
      <trkpt lat="42.282474" lon="-8.639345">
        <ele>165.844990</ele>
        <time>2026-08-09T14:03:49.378Z</time>
      </trkpt>
      <trkpt lat="42.282085" lon="-8.639181">
        <ele>167.152976</ele>
        <time>2026-08-09T14:04:35.672Z</time>
      </trkpt>
      <trkpt lat="42.281958" lon="-8.639019">
        <ele>167.713509</ele>
        <time>2026-08-09T14:04:55.269Z</time>
      </trkpt>
      <trkpt lat="42.281902" lon="-8.638921">
        <ele>168.007579</ele>
        <time>2026-08-09T14:05:05.496Z</time>
      </trkpt>
      <trkpt lat="42.281804" lon="-8.638376">
        <ele>169.339543</ele>
        <time>2026-08-09T14:05:51.040Z</time>
      </trkpt>
      <trkpt lat="42.281691" lon="-8.637972">
        <ele>169.414759</ele>
        <time>2026-08-09T14:06:24.653Z</time>
      </trkpt>
      <trkpt lat="42.281518" lon="-8.637635">
        <ele>169.056548</ele>
        <time>2026-08-09T14:06:55.064Z</time>
      </trkpt>
      <trkpt lat="42.281396" lon="-8.637176">
        <ele>168.630618</ele>
        <time>2026-08-09T14:07:32.165Z</time>
      </trkpt>
      <trkpt lat="42.281201" lon="-8.636844">
        <ele>168.260422</ele>
        <time>2026-08-09T14:08:05.238Z</time>
      </trkpt>
      <trkpt lat="42.280967" lon="-8.636068">
        <ele>167.544415</ele>
        <time>2026-08-09T14:09:11.084Z</time>
      </trkpt>
      <trkpt lat="42.280912" lon="-8.635733">
        <ele>167.499253</ele>
        <time>2026-08-09T14:09:37.855Z</time>
      </trkpt>
      <trkpt lat="42.280884" lon="-8.635179">
        <ele>167.426170</ele>
        <time>2026-08-09T14:10:20.463Z</time>
      </trkpt>
      <trkpt lat="42.280863" lon="-8.635119">
        <ele>167.417434</ele>
        <time>2026-08-09T14:10:25.514Z</time>
      </trkpt>
      <trkpt lat="42.280113" lon="-8.634308">
        <ele>167.246576</ele>
        <time>2026-08-09T14:12:04.124Z</time>
      </trkpt>
      <trkpt lat="42.280056" lon="-8.633892">
        <ele>167.516105</ele>
        <time>2026-08-09T14:12:38.513Z</time>
      </trkpt>
      <trkpt lat="42.280000" lon="-8.633725">
        <ele>167.707753</ele>
        <time>2026-08-09T14:12:53.536Z</time>
      </trkpt>
      <trkpt lat="42.279739" lon="-8.633227">
        <ele>168.345652</ele>
        <time>2026-08-09T14:13:42.446Z</time>
      </trkpt>
      <trkpt lat="42.279743" lon="-8.633189">
        <ele>168.385772</ele>
        <time>2026-08-09T14:13:45.286Z</time>
      </trkpt>
      <trkpt lat="42.279649" lon="-8.632999">
        <ele>168.624679</ele>
        <time>2026-08-09T14:14:03.286Z</time>
      </trkpt>
      <trkpt lat="42.279522" lon="-8.632704">
        <ele>168.981429</ele>
        <time>2026-08-09T14:14:30.094Z</time>
      </trkpt>
      <trkpt lat="42.279462" lon="-8.632222">
        <ele>169.492323</ele>
        <time>2026-08-09T14:15:07.378Z</time>
      </trkpt>
      <trkpt lat="42.279366" lon="-8.631749">
        <ele>169.579852</ele>
        <time>2026-08-09T14:15:44.359Z</time>
      </trkpt>
      <trkpt lat="42.278920" lon="-8.631209">
        <ele>168.906354</ele>
        <time>2026-08-09T14:16:45.692Z</time>
      </trkpt>
      <trkpt lat="42.278871" lon="-8.630975">
        <ele>168.703970</ele>
        <time>2026-08-09T14:17:04.604Z</time>
      </trkpt>
      <trkpt lat="42.278861" lon="-8.630510">
        <ele>168.316835</ele>
        <time>2026-08-09T14:17:40.670Z</time>
      </trkpt>
      <trkpt lat="42.278789" lon="-8.630338">
        <ele>168.152375</ele>
        <time>2026-08-09T14:17:55.894Z</time>
      </trkpt>
      <trkpt lat="42.278476" lon="-8.629839">
        <ele>167.741340</ele>
        <time>2026-08-09T14:18:45.542Z</time>
      </trkpt>
      <trkpt lat="42.278374" lon="-8.629769">
        <ele>167.737695</ele>
        <time>2026-08-09T14:18:57.133Z</time>
      </trkpt>
      <trkpt lat="42.277955" lon="-8.629646">
        <ele>167.724034</ele>
        <time>2026-08-09T14:19:40.360Z</time>
      </trkpt>
      <trkpt lat="42.277799" lon="-8.629651">
        <ele>167.719062</ele>
        <time>2026-08-09T14:19:55.967Z</time>
      </trkpt>
      <trkpt lat="42.277482" lon="-8.629729">
        <ele>167.708796</ele>
        <time>2026-08-09T14:20:28.367Z</time>
      </trkpt>
      <trkpt lat="42.277302" lon="-8.629706">
        <ele>167.703036</ele>
        <time>2026-08-09T14:20:46.577Z</time>
      </trkpt>
      <trkpt lat="42.277125" lon="-8.629602">
        <ele>167.696887</ele>
        <time>2026-08-09T14:21:07.461Z</time>
      </trkpt>
      <trkpt lat="42.277020" lon="-8.629382">
        <ele>167.690715</ele>
        <time>2026-08-09T14:21:29.444Z</time>
      </trkpt>
      <trkpt lat="42.276867" lon="-8.629256">
        <ele>167.102641</ele>
        <time>2026-08-09T14:21:49.208Z</time>
      </trkpt>
      <trkpt lat="42.276567" lon="-8.629104">
        <ele>165.053185</ele>
        <time>2026-08-09T14:22:21.842Z</time>
      </trkpt>
      <trkpt lat="42.276395" lon="-8.629051">
        <ele>163.924702</ele>
        <time>2026-08-09T14:22:41.189Z</time>
      </trkpt>
      <trkpt lat="42.276224" lon="-8.629091">
        <ele>162.814588</ele>
        <time>2026-08-09T14:23:00.607Z</time>
      </trkpt>
      <trkpt lat="42.276133" lon="-8.629178">
        <ele>162.101559</ele>
        <time>2026-08-09T14:23:13.158Z</time>
      </trkpt>
      <trkpt lat="42.275988" lon="-8.629249">
        <ele>161.115025</ele>
        <time>2026-08-09T14:23:30.954Z</time>
      </trkpt>
      <trkpt lat="42.275934" lon="-8.629190">
        <ele>160.670839</ele>
        <time>2026-08-09T14:23:39.082Z</time>
      </trkpt>
      <trkpt lat="42.275941" lon="-8.629114">
        <ele>160.308349</ele>
        <time>2026-08-09T14:23:45.627Z</time>
      </trkpt>
      <trkpt lat="42.276098" lon="-8.628920">
        <ele>158.947566</ele>
        <time>2026-08-09T14:24:10.751Z</time>
      </trkpt>
      <trkpt lat="42.276411" lon="-8.628723">
        <ele>156.738905</ele>
        <time>2026-08-09T14:24:51.917Z</time>
      </trkpt>
      <trkpt lat="42.276467" lon="-8.628606">
        <ele>155.959613</ele>
        <time>2026-08-09T14:25:04.274Z</time>
      </trkpt>
      <trkpt lat="42.276469" lon="-8.628545">
        <ele>155.334565</ele>
        <time>2026-08-09T14:25:10.029Z</time>
      </trkpt>
      <trkpt lat="42.276443" lon="-8.628493">
        <ele>154.692115</ele>
        <time>2026-08-09T14:25:15.774Z</time>
      </trkpt>
      <trkpt lat="42.276341" lon="-8.628373">
        <ele>152.821184</ele>
        <time>2026-08-09T14:25:33.251Z</time>
      </trkpt>
      <trkpt lat="42.276292" lon="-8.628359">
        <ele>152.128284</ele>
        <time>2026-08-09T14:25:39.779Z</time>
      </trkpt>
      <trkpt lat="42.276109" lon="-8.628462">
        <ele>149.385695</ele>
        <time>2026-08-09T14:26:07.285Z</time>
      </trkpt>
      <trkpt lat="42.276021" lon="-8.628440">
        <ele>148.147557</ele>
        <time>2026-08-09T14:26:19.464Z</time>
      </trkpt>
      <trkpt lat="42.276002" lon="-8.628375">
        <ele>147.432128</ele>
        <time>2026-08-09T14:26:26.468Z</time>
      </trkpt>
      <trkpt lat="42.276049" lon="-8.628246">
        <ele>145.960176</ele>
        <time>2026-08-09T14:26:40.719Z</time>
      </trkpt>
      <trkpt lat="42.276094" lon="-8.628200">
        <ele>145.179575</ele>
        <time>2026-08-09T14:26:48.097Z</time>
      </trkpt>
      <trkpt lat="42.276361" lon="-8.628079">
        <ele>141.283481</ele>
        <time>2026-08-09T14:27:24.204Z</time>
      </trkpt>
      <trkpt lat="42.277040" lon="-8.627824">
        <ele>131.533556</ele>
        <time>2026-08-09T14:28:52.375Z</time>
      </trkpt>
      <trkpt lat="42.277180" lon="-8.627779">
        <ele>129.649987</ele>
        <time>2026-08-09T14:29:10.218Z</time>
      </trkpt>
      <trkpt lat="42.277363" lon="-8.627829">
        <ele>127.224932</ele>
        <time>2026-08-09T14:29:33.439Z</time>
      </trkpt>
      <trkpt lat="42.277585" lon="-8.627838">
        <ele>124.340096</ele>
        <time>2026-08-09T14:30:01.296Z</time>
      </trkpt>
      <trkpt lat="42.278049" lon="-8.627847">
        <ele>118.312620</ele>
        <time>2026-08-09T14:30:59.679Z</time>
      </trkpt>
      <trkpt lat="42.278177" lon="-8.627877">
        <ele>116.625226</ele>
        <time>2026-08-09T14:31:16.118Z</time>
      </trkpt>
      <trkpt lat="42.278228" lon="-8.627852">
        <ele>115.920568</ele>
        <time>2026-08-09T14:31:22.995Z</time>
      </trkpt>
      <trkpt lat="42.278243" lon="-8.627783">
        <ele>115.229425</ele>
        <time>2026-08-09T14:31:29.748Z</time>
      </trkpt>
      <trkpt lat="42.278067" lon="-8.627526">
        <ele>111.863982</ele>
        <time>2026-08-09T14:32:02.825Z</time>
      </trkpt>
      <trkpt lat="42.277748" lon="-8.626853">
        <ele>105.439548</ele>
        <time>2026-08-09T14:33:16.845Z</time>
      </trkpt>
      <trkpt lat="42.277486" lon="-8.626405">
        <ele>101.789362</ele>
        <time>2026-08-09T14:34:07.300Z</time>
      </trkpt>
      <trkpt lat="42.277338" lon="-8.626228">
        <ele>100.082053</ele>
        <time>2026-08-09T14:34:30.826Z</time>
      </trkpt>
      <trkpt lat="42.276824" lon="-8.625872">
        <ele>95.092374</ele>
        <time>2026-08-09T14:35:37.065Z</time>
      </trkpt>
      <trkpt lat="42.276725" lon="-8.625749">
        <ele>93.930618</ele>
        <time>2026-08-09T14:35:51.929Z</time>
      </trkpt>
      <trkpt lat="42.276691" lon="-8.625644">
        <ele>93.197978</ele>
        <time>2026-08-09T14:36:01.224Z</time>
      </trkpt>
      <trkpt lat="42.276727" lon="-8.625442">
        <ele>92.038814</ele>
        <time>2026-08-09T14:36:17.895Z</time>
      </trkpt>
      <trkpt lat="42.276868" lon="-8.625152">
        <ele>90.531993</ele>
        <time>2026-08-09T14:36:45.332Z</time>
      </trkpt>
      <trkpt lat="42.277022" lon="-8.624505">
        <ele>87.580730</ele>
        <time>2026-08-09T14:37:41.215Z</time>
      </trkpt>
      <trkpt lat="42.276975" lon="-8.624132">
        <ele>85.937734</ele>
        <time>2026-08-09T14:38:13.595Z</time>
      </trkpt>
      <trkpt lat="42.276970" lon="-8.623914">
        <ele>84.990657</ele>
        <time>2026-08-09T14:38:31.844Z</time>
      </trkpt>
      <trkpt lat="42.276984" lon="-8.623705">
        <ele>84.079405</ele>
        <time>2026-08-09T14:38:49.452Z</time>
      </trkpt>
      <trkpt lat="42.277011" lon="-8.623461">
        <ele>83.008100</ele>
        <time>2026-08-09T14:39:09.958Z</time>
      </trkpt>
      <trkpt lat="42.277137" lon="-8.622955">
        <ele>81.115990</ele>
        <time>2026-08-09T14:39:54.489Z</time>
      </trkpt>
      <trkpt lat="42.277486" lon="-8.621852">
        <ele>77.835373</ele>
        <time>2026-08-09T14:41:32.135Z</time>
      </trkpt>
      <trkpt lat="42.277603" lon="-8.621554">
        <ele>76.912807</ele>
        <time>2026-08-09T14:41:58.471Z</time>
      </trkpt>
      <trkpt lat="42.277653" lon="-8.621469">
        <ele>76.615848</ele>
        <time>2026-08-09T14:42:06.844Z</time>
      </trkpt>
      <trkpt lat="42.278171" lon="-8.621091">
        <ele>75.159646</ele>
        <time>2026-08-09T14:43:06.874Z</time>
      </trkpt>
      <trkpt lat="42.278415" lon="-8.621020">
        <ele>75.118664</ele>
        <time>2026-08-09T14:43:31.925Z</time>
      </trkpt>
      <trkpt lat="42.278587" lon="-8.621024">
        <ele>75.090418</ele>
        <time>2026-08-09T14:43:49.662Z</time>
      </trkpt>
      <trkpt lat="42.278781" lon="-8.620854">
        <ele>75.052454</ele>
        <time>2026-08-09T14:44:13.736Z</time>
      </trkpt>
      <trkpt lat="42.278924" lon="-8.620658">
        <ele>75.019013</ele>
        <time>2026-08-09T14:44:34.908Z</time>
      </trkpt>
      <trkpt lat="42.279144" lon="-8.620459">
        <ele>74.975546</ele>
        <time>2026-08-09T14:45:02.126Z</time>
      </trkpt>
      <trkpt lat="42.279114" lon="-8.620299">
        <ele>74.955494</ele>
        <time>2026-08-09T14:45:14.465Z</time>
      </trkpt>
      <trkpt lat="42.279311" lon="-8.620130">
        <ele>74.917181</ele>
        <time>2026-08-09T14:45:37.921Z</time>
      </trkpt>
      <trkpt lat="42.279701" lon="-8.619717">
        <ele>73.337853</ele>
        <time>2026-08-09T14:46:29.050Z</time>
      </trkpt>
      <trkpt lat="42.279833" lon="-8.619479">
        <ele>72.427782</ele>
        <time>2026-08-09T14:46:52.144Z</time>
      </trkpt>
      <trkpt lat="42.280110" lon="-8.618337">
        <ele>68.750734</ele>
        <time>2026-08-09T14:48:30.228Z</time>
      </trkpt>
      <trkpt lat="42.280341" lon="-8.617102">
        <ele>62.427642</ele>
        <time>2026-08-09T14:50:17.481Z</time>
      </trkpt>
      <trkpt lat="42.280434" lon="-8.616590">
        <ele>59.313525</ele>
        <time>2026-08-09T14:51:01.897Z</time>
      </trkpt>
      <trkpt lat="42.280647" lon="-8.615961">
        <ele>55.227450</ele>
        <time>2026-08-09T14:52:01.211Z</time>
      </trkpt>
      <trkpt lat="42.280854" lon="-8.615557">
        <ele>51.753403</ele>
        <time>2026-08-09T14:52:44.679Z</time>
      </trkpt>
      <trkpt lat="42.280984" lon="-8.615352">
        <ele>48.983149</ele>
        <time>2026-08-09T14:53:09.414Z</time>
      </trkpt>
      <trkpt lat="42.281076" lon="-8.615020">
        <ele>45.345654</ele>
        <time>2026-08-09T14:53:42.630Z</time>
      </trkpt>
      <trkpt lat="42.281285" lon="-8.614446">
        <ele>38.781709</ele>
        <time>2026-08-09T14:54:44.533Z</time>
      </trkpt>
      <trkpt lat="42.281277" lon="-8.614196">
        <ele>36.214259</ele>
        <time>2026-08-09T14:55:09.118Z</time>
      </trkpt>
      <trkpt lat="42.281169" lon="-8.613855">
        <ele>32.408427</ele>
        <time>2026-08-09T14:55:45.189Z</time>
      </trkpt>
      <trkpt lat="42.281255" lon="-8.613824">
        <ele>31.174100</ele>
        <time>2026-08-09T14:55:56.656Z</time>
      </trkpt>
      <trkpt lat="42.281305" lon="-8.613774">
        <ele>30.311558</ele>
        <time>2026-08-09T14:56:04.745Z</time>
      </trkpt>
      <trkpt lat="42.281325" lon="-8.613676">
        <ele>29.268506</ele>
        <time>2026-08-09T14:56:14.370Z</time>
      </trkpt>
      <trkpt lat="42.281288" lon="-8.613190">
        <ele>25.989975</ele>
        <time>2026-08-09T14:57:00.069Z</time>
      </trkpt>
      <trkpt lat="42.281231" lon="-8.613133">
        <ele>25.443855</ele>
        <time>2026-08-09T14:57:08.815Z</time>
      </trkpt>
      <trkpt lat="42.280608" lon="-8.613015">
        <ele>20.598500</ele>
        <time>2026-08-09T14:58:22.669Z</time>
      </trkpt>
      <trkpt lat="42.279741" lon="-8.612850">
        <ele>14.112318</ele>
        <time>2026-08-09T14:59:56.834Z</time>
      </trkpt>
      <trkpt lat="42.279529" lon="-8.612810">
        <ele>13.411092</ele>
        <time>2026-08-09T15:00:19.527Z</time>
      </trkpt>
      <trkpt lat="42.279536" lon="-8.612715">
        <ele>13.179697</ele>
        <time>2026-08-09T15:00:27.032Z</time>
      </trkpt>
      <trkpt lat="42.279392" lon="-8.612687">
        <ele>12.703111</ele>
        <time>2026-08-09T15:00:42.599Z</time>
      </trkpt>
      <trkpt lat="42.279335" lon="-8.612676">
        <ele>12.514491</ele>
        <time>2026-08-09T15:00:48.811Z</time>
      </trkpt>
      <trkpt lat="42.279349" lon="-8.612518">
        <ele>12.128802</ele>
        <time>2026-08-09T15:01:01.419Z</time>
      </trkpt>
      <trkpt lat="42.279283" lon="-8.612506">
        <ele>11.910645</ele>
        <time>2026-08-09T15:01:08.675Z</time>
      </trkpt>
      <trkpt lat="42.279280" lon="-8.612531">
        <ele>11.849259</ele>
        <time>2026-08-09T15:01:10.729Z</time>
      </trkpt>
      <trkpt lat="42.278739" lon="-8.612416">
        <ele>10.055212</ele>
        <time>2026-08-09T15:02:09.724Z</time>
      </trkpt>
      <trkpt lat="42.278642" lon="-8.612327">
        <ele>9.671146</ele>
        <time>2026-08-09T15:02:22.224Z</time>
      </trkpt>
      <trkpt lat="42.278551" lon="-8.612179">
        <ele>9.204726</ele>
        <time>2026-08-09T15:02:37.308Z</time>
      </trkpt>
      <trkpt lat="42.278545" lon="-8.612145">
        <ele>9.120006</ele>
        <time>2026-08-09T15:02:40.059Z</time>
      </trkpt>
      <trkpt lat="42.278526" lon="-8.612038">
        <ele>8.853297</ele>
        <time>2026-08-09T15:02:48.695Z</time>
      </trkpt>
      <trkpt lat="42.278517" lon="-8.611726">
        <ele>8.402739</ele>
        <time>2026-08-09T15:03:13.131Z</time>
      </trkpt>
      <trkpt lat="42.278518" lon="-8.611646">
        <ele>8.397816</ele>
        <time>2026-08-09T15:03:19.387Z</time>
      </trkpt>
      <trkpt lat="42.278582" lon="-8.611402">
        <ele>8.381889</ele>
        <time>2026-08-09T15:03:39.489Z</time>
      </trkpt>
      <trkpt lat="42.278663" lon="-8.611207">
        <ele>8.368131</ele>
        <time>2026-08-09T15:03:56.689Z</time>
      </trkpt>
      <trkpt lat="42.278741" lon="-8.611037">
        <ele>8.355824</ele>
        <time>2026-08-09T15:04:11.882Z</time>
      </trkpt>
      <trkpt lat="42.278706" lon="-8.610997">
        <ele>8.352013</ele>
        <time>2026-08-09T15:04:16.575Z</time>
      </trkpt>
      <trkpt lat="42.278673" lon="-8.610960">
        <ele>8.348447</ele>
        <time>2026-08-09T15:04:20.915Z</time>
      </trkpt>
      <trkpt lat="42.278660" lon="-8.610947">
        <ele>8.347103</ele>
        <time>2026-08-09T15:04:22.533Z</time>
      </trkpt>
      <trkpt lat="42.278752" lon="-8.610769">
        <ele>8.333744</ele>
        <time>2026-08-09T15:04:38.805Z</time>
      </trkpt>
      <trkpt lat="42.278917" lon="-8.610518">
        <ele>8.313087</ele>
        <time>2026-08-09T15:05:05.016Z</time>
      </trkpt>
      <trkpt lat="42.279054" lon="-8.610455">
        <ele>8.301054</ele>
        <time>2026-08-09T15:05:20.673Z</time>
      </trkpt>
      <trkpt lat="42.279093" lon="-8.610457">
        <ele>8.297809</ele>
        <time>2026-08-09T15:05:24.908Z</time>
      </trkpt>
      <trkpt lat="42.279139" lon="-8.610458">
        <ele>8.293983</ele>
        <time>2026-08-09T15:05:29.806Z</time>
      </trkpt>
      <trkpt lat="42.279181" lon="-8.610458">
        <ele>8.290491</ele>
        <time>2026-08-09T15:05:34.259Z</time>
      </trkpt>
      <trkpt lat="42.279199" lon="-8.610458">
        <ele>8.288994</ele>
        <time>2026-08-09T15:05:36.266Z</time>
      </trkpt>
      <trkpt lat="42.279320" lon="-8.610461">
        <ele>8.278931</ele>
        <time>2026-08-09T15:05:49.150Z</time>
      </trkpt>
      <trkpt lat="42.279824" lon="-8.610492">
        <ele>8.533949</ele>
        <time>2026-08-09T15:06:42.022Z</time>
      </trkpt>
      <trkpt lat="42.279871" lon="-8.610495">
        <ele>8.578101</ele>
        <time>2026-08-09T15:06:47.026Z</time>
      </trkpt>
      <trkpt lat="42.280265" lon="-8.610406">
        <ele>8.952941</ele>
        <time>2026-08-09T15:07:29.185Z</time>
      </trkpt>
      <trkpt lat="42.280508" lon="-8.610298">
        <ele>9.192973</ele>
        <time>2026-08-09T15:07:56.594Z</time>
      </trkpt>
      <trkpt lat="42.280563" lon="-8.610265">
        <ele>9.249439</ele>
        <time>2026-08-09T15:08:02.774Z</time>
      </trkpt>
      <trkpt lat="42.280694" lon="-8.610196">
        <ele>9.381368</ele>
        <time>2026-08-09T15:08:17.443Z</time>
      </trkpt>
      <trkpt lat="42.280701" lon="-8.610174">
        <ele>9.397994</ele>
        <time>2026-08-09T15:08:19.278Z</time>
      </trkpt>
      <trkpt lat="42.280713" lon="-8.610139">
        <ele>9.424775</ele>
        <time>2026-08-09T15:08:22.324Z</time>
      </trkpt>
      <trkpt lat="42.280900" lon="-8.609658">
        <ele>9.802005</ele>
        <time>2026-08-09T15:09:02.533Z</time>
      </trkpt>
      <trkpt lat="42.281077" lon="-8.609450">
        <ele>9.946304</ele>
        <time>2026-08-09T15:09:26.229Z</time>
      </trkpt>
      <trkpt lat="42.281175" lon="-8.609341">
        <ele>9.942045</ele>
        <time>2026-08-09T15:09:39.182Z</time>
      </trkpt>
      <trkpt lat="42.281637" lon="-8.608906">
        <ele>9.923153</ele>
        <time>2026-08-09T15:10:36.290Z</time>
      </trkpt>
      <trkpt lat="42.281674" lon="-8.608874">
        <ele>9.921679</ele>
        <time>2026-08-09T15:10:40.719Z</time>
      </trkpt>
      <trkpt lat="42.281722" lon="-8.608891">
        <ele>9.920014</ele>
        <time>2026-08-09T15:10:45.761Z</time>
      </trkpt>
      <trkpt lat="42.281749" lon="-8.608857">
        <ele>9.918776</ele>
        <time>2026-08-09T15:10:49.532Z</time>
      </trkpt>
      <trkpt lat="42.281852" lon="-8.608728">
        <ele>9.914065</ele>
        <time>2026-08-09T15:11:03.743Z</time>
      </trkpt>
      <trkpt lat="42.281892" lon="-8.608770">
        <ele>9.912365</ele>
        <time>2026-08-09T15:11:08.824Z</time>
      </trkpt>
      <trkpt lat="42.281934" lon="-8.608814">
        <ele>9.910582</ele>
        <time>2026-08-09T15:11:14.150Z</time>
      </trkpt>
      <trkpt lat="42.281923" lon="-8.608858">
        <ele>9.909429</ele>
        <time>2026-08-09T15:11:17.571Z</time>
      </trkpt>
      <trkpt lat="42.282018" lon="-8.608992">
        <ele>9.904822</ele>
        <time>2026-08-09T15:11:31.328Z</time>
      </trkpt>
      <trkpt lat="42.282062" lon="-8.608919">
        <ele>9.902485</ele>
        <time>2026-08-09T15:11:38.483Z</time>
      </trkpt>
      <trkpt lat="42.282152" lon="-8.608767">
        <ele>9.897652</ele>
        <time>2026-08-09T15:11:53.127Z</time>
      </trkpt>
      <trkpt lat="42.282241" lon="-8.608655">
        <ele>9.893572</ele>
        <time>2026-08-09T15:12:05.522Z</time>
      </trkpt>
      <trkpt lat="42.282293" lon="-8.608585">
        <ele>9.891109</ele>
        <time>2026-08-09T15:12:13.109Z</time>
      </trkpt>
      <trkpt lat="42.282358" lon="-8.608514">
        <ele>9.902675</ele>
        <time>2026-08-09T15:12:21.730Z</time>
      </trkpt>
      <trkpt lat="42.282682" lon="-8.608293">
        <ele>10.551722</ele>
        <time>2026-08-09T15:12:59.552Z</time>
      </trkpt>
      <trkpt lat="42.282750" lon="-8.608261">
        <ele>10.680493</ele>
        <time>2026-08-09T15:13:06.936Z</time>
      </trkpt>
      <trkpt lat="42.282795" lon="-8.608241">
        <ele>10.765211</ele>
        <time>2026-08-09T15:13:11.857Z</time>
      </trkpt>
      <trkpt lat="42.282833" lon="-8.608231">
        <ele>10.834447</ele>
        <time>2026-08-09T15:13:15.963Z</time>
      </trkpt>
      <trkpt lat="42.283209" lon="-8.608131">
        <ele>11.519783</ele>
        <time>2026-08-09T15:13:55.835Z</time>
      </trkpt>
      <trkpt lat="42.283432" lon="-8.607991">
        <ele>11.959518</ele>
        <time>2026-08-09T15:14:22.438Z</time>
      </trkpt>
      <trkpt lat="42.283668" lon="-8.607829">
        <ele>12.432891</ele>
        <time>2026-08-09T15:14:51.673Z</time>
      </trkpt>
      <trkpt lat="42.283750" lon="-8.607781">
        <ele>12.592702</ele>
        <time>2026-08-09T15:15:01.448Z</time>
      </trkpt>
      <trkpt lat="42.283927" lon="-8.607742">
        <ele>12.913429</ele>
        <time>2026-08-09T15:15:20.961Z</time>
      </trkpt>
      <trkpt lat="42.284200" lon="-8.607820">
        <ele>13.665996</ele>
        <time>2026-08-09T15:15:51.329Z</time>
      </trkpt>
      <trkpt lat="42.284393" lon="-8.607852">
        <ele>14.300786</ele>
        <time>2026-08-09T15:16:12.668Z</time>
      </trkpt>
      <trkpt lat="42.284631" lon="-8.607826">
        <ele>15.080293</ele>
        <time>2026-08-09T15:16:39.196Z</time>
      </trkpt>
      <trkpt lat="42.284962" lon="-8.607743">
        <ele>16.179311</ele>
        <time>2026-08-09T15:17:16.814Z</time>
      </trkpt>
      <trkpt lat="42.285130" lon="-8.607713">
        <ele>16.732529</ele>
        <time>2026-08-09T15:17:36.086Z</time>
      </trkpt>
      <trkpt lat="42.285162" lon="-8.607691">
        <ele>16.849732</ele>
        <time>2026-08-09T15:17:40.210Z</time>
      </trkpt>
      <trkpt lat="42.285253" lon="-8.607637">
        <ele>17.174177</ele>
        <time>2026-08-09T15:17:51.583Z</time>
      </trkpt>
      <trkpt lat="42.285338" lon="-8.607600">
        <ele>17.465702</ele>
        <time>2026-08-09T15:18:01.919Z</time>
      </trkpt>
      <trkpt lat="42.285562" lon="-8.607615">
        <ele>18.197868</ele>
        <time>2026-08-09T15:18:27.660Z</time>
      </trkpt>
      <trkpt lat="42.285596" lon="-8.607623">
        <ele>18.310534</ele>
        <time>2026-08-09T15:18:31.607Z</time>
      </trkpt>
      <trkpt lat="42.285830" lon="-8.607681">
        <ele>18.944459</ele>
        <time>2026-08-09T15:18:58.565Z</time>
      </trkpt>
      <trkpt lat="42.286252" lon="-8.607744">
        <ele>18.532991</ele>
        <time>2026-08-09T15:19:45.182Z</time>
      </trkpt>
      <trkpt lat="42.286451" lon="-8.607909">
        <ele>18.306739</ele>
        <time>2026-08-09T15:20:09.406Z</time>
      </trkpt>
      <trkpt lat="42.286671" lon="-8.608045">
        <ele>18.072288</ele>
        <time>2026-08-09T15:20:34.154Z</time>
      </trkpt>
      <trkpt lat="42.286763" lon="-8.608036">
        <ele>17.982893</ele>
        <time>2026-08-09T15:20:43.770Z</time>
      </trkpt>
      <trkpt lat="42.287066" lon="-8.608115">
        <ele>17.683829</ele>
        <time>2026-08-09T15:21:16.066Z</time>
      </trkpt>
      <trkpt lat="42.287211" lon="-8.608181">
        <ele>17.535549</ele>
        <time>2026-08-09T15:21:32.379Z</time>
      </trkpt>
      <trkpt lat="42.287263" lon="-8.608153">
        <ele>17.481302</ele>
        <time>2026-08-09T15:21:38.400Z</time>
      </trkpt>
      <trkpt lat="42.287337" lon="-8.608160">
        <ele>17.409410</ele>
        <time>2026-08-09T15:21:46.475Z</time>
      </trkpt>
      <trkpt lat="42.287357" lon="-8.608178">
        <ele>17.386124</ele>
        <time>2026-08-09T15:21:49.121Z</time>
      </trkpt>
      <trkpt lat="42.287347" lon="-8.608210">
        <ele>17.361218</ele>
        <time>2026-08-09T15:21:52.037Z</time>
      </trkpt>
      <trkpt lat="42.287607" lon="-8.608406">
        <ele>16.617604</ele>
        <time>2026-08-09T15:22:25.185Z</time>
      </trkpt>
      <trkpt lat="42.287815" lon="-8.608392">
        <ele>15.846214</ele>
        <time>2026-08-09T15:22:48.818Z</time>
      </trkpt>
      <trkpt lat="42.287954" lon="-8.608277">
        <ele>15.242578</ele>
        <time>2026-08-09T15:23:07.315Z</time>
      </trkpt>
      <trkpt lat="42.287998" lon="-8.608276">
        <ele>15.079579</ele>
        <time>2026-08-09T15:23:12.248Z</time>
      </trkpt>
      <trkpt lat="42.288037" lon="-8.608295">
        <ele>14.926027</ele>
        <time>2026-08-09T15:23:16.906Z</time>
      </trkpt>
      <trkpt lat="42.288066" lon="-8.608348">
        <ele>14.745392</ele>
        <time>2026-08-09T15:23:22.513Z</time>
      </trkpt>
      <trkpt lat="42.288070" lon="-8.608387">
        <ele>14.637505</ele>
        <time>2026-08-09T15:23:25.758Z</time>
      </trkpt>
      <trkpt lat="42.288162" lon="-8.608584">
        <ele>13.999138</ele>
        <time>2026-08-09T15:23:45.028Z</time>
      </trkpt>
      <trkpt lat="42.288194" lon="-8.608640">
        <ele>13.805244</ele>
        <time>2026-08-09T15:23:50.837Z</time>
      </trkpt>
      <trkpt lat="42.288242" lon="-8.608668">
        <ele>13.611604</ele>
        <time>2026-08-09T15:23:56.615Z</time>
      </trkpt>
      <trkpt lat="42.288304" lon="-8.608659">
        <ele>13.380635</ele>
        <time>2026-08-09T15:24:03.477Z</time>
      </trkpt>
      <trkpt lat="42.288322" lon="-8.608656">
        <ele>13.313458</ele>
        <time>2026-08-09T15:24:05.428Z</time>
      </trkpt>
      <trkpt lat="42.288333" lon="-8.608719">
        <ele>13.136087</ele>
        <time>2026-08-09T15:24:10.628Z</time>
      </trkpt>
      <trkpt lat="42.288342" lon="-8.608775">
        <ele>12.979062</ele>
        <time>2026-08-09T15:24:15.266Z</time>
      </trkpt>
      <trkpt lat="42.288465" lon="-8.608744">
        <ele>12.515617</ele>
        <time>2026-08-09T15:24:28.603Z</time>
      </trkpt>
      <trkpt lat="42.288586" lon="-8.608708">
        <ele>12.056704</ele>
        <time>2026-08-09T15:24:41.684Z</time>
      </trkpt>
      <trkpt lat="42.290327" lon="-8.608373">
        <ele>10.109117</ele>
        <time>2026-08-09T15:27:38.594Z</time>
      </trkpt>
      <trkpt lat="42.291228" lon="-8.608035">
        <ele>9.132062</ele>
        <time>2026-08-09T15:29:13.952Z</time>
      </trkpt>
      <trkpt lat="42.291781" lon="-8.607914">
        <ele>8.194611</ele>
        <time>2026-08-09T15:30:12.529Z</time>
      </trkpt>
      <trkpt lat="42.292828" lon="-8.607660">
        <ele>7.149057</ele>
        <time>2026-08-09T15:32:03.539Z</time>
      </trkpt>
      <trkpt lat="42.293026" lon="-8.607609">
        <ele>7.275376</ele>
        <time>2026-08-09T15:32:24.270Z</time>
      </trkpt>
      <trkpt lat="42.293302" lon="-8.607524">
        <ele>7.452776</ele>
        <time>2026-08-09T15:32:53.022Z</time>
      </trkpt>
      <trkpt lat="42.293576" lon="-8.607368">
        <ele>7.639098</ele>
        <time>2026-08-09T15:33:23.176Z</time>
      </trkpt>
      <trkpt lat="42.293641" lon="-8.607361">
        <ele>7.679963</ele>
        <time>2026-08-09T15:33:29.867Z</time>
      </trkpt>
      <trkpt lat="42.293721" lon="-8.607372">
        <ele>7.730357</ele>
        <time>2026-08-09T15:33:38.360Z</time>
      </trkpt>
      <trkpt lat="42.293915" lon="-8.607449">
        <ele>7.857069</ele>
        <time>2026-08-09T15:34:00.142Z</time>
      </trkpt>
      <trkpt lat="42.294069" lon="-8.607676">
        <ele>7.999855</ele>
        <time>2026-08-09T15:34:25.448Z</time>
      </trkpt>
      <trkpt lat="42.294189" lon="-8.607973">
        <ele>8.645158</ele>
        <time>2026-08-09T15:34:53.971Z</time>
      </trkpt>
      <trkpt lat="42.294402" lon="-8.608382">
        <ele>10.282182</ele>
        <time>2026-08-09T15:35:37.017Z</time>
      </trkpt>
      <trkpt lat="42.294569" lon="-8.608686">
        <ele>11.521453</ele>
        <time>2026-08-09T15:36:10.255Z</time>
      </trkpt>
      <trkpt lat="42.294720" lon="-8.608900">
        <ele>12.489364</ele>
        <time>2026-08-09T15:36:36.511Z</time>
      </trkpt>
      <trkpt lat="42.295000" lon="-8.609186">
        <ele>14.042044</ele>
        <time>2026-08-09T15:37:18.181Z</time>
      </trkpt>
      <trkpt lat="42.295518" lon="-8.609617">
        <ele>16.310283</ele>
        <time>2026-08-09T15:38:27.736Z</time>
      </trkpt>
      <trkpt lat="42.295948" lon="-8.610108">
        <ele>17.294103</ele>
        <time>2026-08-09T15:39:28.496Z</time>
      </trkpt>
      <trkpt lat="42.296220" lon="-8.610289">
        <ele>17.824008</ele>
        <time>2026-08-09T15:40:00.288Z</time>
      </trkpt>
      <trkpt lat="42.296647" lon="-8.610201">
        <ele>18.578991</ele>
        <time>2026-08-09T15:40:44.952Z</time>
      </trkpt>
      <trkpt lat="42.296998" lon="-8.610196">
        <ele>19.184504</ele>
        <time>2026-08-09T15:41:20.700Z</time>
      </trkpt>
      <trkpt lat="42.297308" lon="-8.610103">
        <ele>19.432895</ele>
        <time>2026-08-09T15:41:52.806Z</time>
      </trkpt>
      <trkpt lat="42.297824" lon="-8.609904">
        <ele>19.852630</ele>
        <time>2026-08-09T15:42:46.554Z</time>
      </trkpt>
      <trkpt lat="42.298286" lon="-8.609672">
        <ele>20.238146</ele>
        <time>2026-08-09T15:43:36.546Z</time>
      </trkpt>
      <trkpt lat="42.298499" lon="-8.609596">
        <ele>20.410466</ele>
        <time>2026-08-09T15:43:59.337Z</time>
      </trkpt>
      <trkpt lat="42.298845" lon="-8.609557">
        <ele>21.078567</ele>
        <time>2026-08-09T15:44:36.107Z</time>
      </trkpt>
      <trkpt lat="42.299484" lon="-8.609571">
        <ele>23.619752</ele>
        <time>2026-08-09T15:45:47.462Z</time>
      </trkpt>
      <trkpt lat="42.299551" lon="-8.609345">
        <ele>24.335825</ele>
        <time>2026-08-09T15:46:08.562Z</time>
      </trkpt>
      <trkpt lat="42.299688" lon="-8.609090">
        <ele>25.262751</ele>
        <time>2026-08-09T15:46:36.065Z</time>
      </trkpt>
      <trkpt lat="42.299830" lon="-8.608927">
        <ele>26.003439</ele>
        <time>2026-08-09T15:46:58.322Z</time>
      </trkpt>
      <trkpt lat="42.300110" lon="-8.608685">
        <ele>27.324848</ele>
        <time>2026-08-09T15:47:37.625Z</time>
      </trkpt>
      <trkpt lat="42.300291" lon="-8.608411">
        <ele>28.386786</ele>
        <time>2026-08-09T15:48:09.638Z</time>
      </trkpt>
      <trkpt lat="42.300424" lon="-8.608159">
        <ele>29.272054</ele>
        <time>2026-08-09T15:48:36.398Z</time>
      </trkpt>
      <trkpt lat="42.300474" lon="-8.608066">
        <ele>29.600831</ele>
        <time>2026-08-09T15:48:46.297Z</time>
      </trkpt>
      <trkpt lat="42.300742" lon="-8.608337">
        <ele>30.894723</ele>
        <time>2026-08-09T15:49:24.454Z</time>
      </trkpt>
      <trkpt lat="42.300816" lon="-8.608368">
        <ele>31.194244</ele>
        <time>2026-08-09T15:49:33.269Z</time>
      </trkpt>
      <trkpt lat="42.300870" lon="-8.608365">
        <ele>31.403198</ele>
        <time>2026-08-09T15:49:39.356Z</time>
      </trkpt>
      <trkpt lat="42.301094" lon="-8.608241">
        <ele>32.339017</ele>
        <time>2026-08-09T15:50:06.355Z</time>
      </trkpt>
      <trkpt lat="42.301402" lon="-8.608257">
        <ele>33.530701</ele>
        <time>2026-08-09T15:50:40.457Z</time>
      </trkpt>
      <trkpt lat="42.301716" lon="-8.608100">
        <ele>34.810849</ele>
        <time>2026-08-09T15:51:17.262Z</time>
      </trkpt>
      <trkpt lat="42.301915" lon="-8.607933">
        <ele>35.620495</ele>
        <time>2026-08-09T15:51:43.239Z</time>
      </trkpt>
      <trkpt lat="42.302038" lon="-8.607892">
        <ele>36.058417</ele>
        <time>2026-08-09T15:51:57.367Z</time>
      </trkpt>
      <trkpt lat="42.303394" lon="-8.606343">
        <ele>42.371608</ele>
        <time>2026-08-09T15:55:17.631Z</time>
      </trkpt>
      <trkpt lat="42.303675" lon="-8.606160">
        <ele>43.597897</ele>
        <time>2026-08-09T15:55:52.511Z</time>
      </trkpt>
      <trkpt lat="42.303886" lon="-8.606094">
        <ele>44.449400</ele>
        <time>2026-08-09T15:56:16.921Z</time>
      </trkpt>
      <trkpt lat="42.303976" lon="-8.606032">
        <ele>44.846535</ele>
        <time>2026-08-09T15:56:28.310Z</time>
      </trkpt>
      <trkpt lat="42.304001" lon="-8.605889">
        <ele>45.273815</ele>
        <time>2026-08-09T15:56:40.741Z</time>
      </trkpt>
      <trkpt lat="42.304223" lon="-8.605927">
        <ele>46.153624</ele>
        <time>2026-08-09T15:57:06.285Z</time>
      </trkpt>
      <trkpt lat="42.304657" lon="-8.605938">
        <ele>47.860290</ele>
        <time>2026-08-09T15:57:56.123Z</time>
      </trkpt>
      <trkpt lat="42.305117" lon="-8.605886">
        <ele>50.285330</ele>
        <time>2026-08-09T15:58:49.786Z</time>
      </trkpt>
      <trkpt lat="42.305787" lon="-8.605762">
        <ele>53.901271</ele>
        <time>2026-08-09T16:00:11.088Z</time>
      </trkpt>
      <trkpt lat="42.306232" lon="-8.605604">
        <ele>56.361384</ele>
        <time>2026-08-09T16:01:07.369Z</time>
      </trkpt>
      <trkpt lat="42.306410" lon="-8.605486">
        <ele>57.421395</ele>
        <time>2026-08-09T16:01:30.848Z</time>
      </trkpt>
      <trkpt lat="42.306541" lon="-8.605207">
        <ele>58.415381</ele>
        <time>2026-08-09T16:01:59.177Z</time>
      </trkpt>
      <trkpt lat="42.306795" lon="-8.604848">
        <ele>59.836313</ele>
        <time>2026-08-09T16:02:41.138Z</time>
      </trkpt>
      <trkpt lat="42.307176" lon="-8.605764">
        <ele>62.841974</ele>
        <time>2026-08-09T16:04:09.392Z</time>
      </trkpt>
      <trkpt lat="42.307223" lon="-8.605730">
        <ele>63.048109</ele>
        <time>2026-08-09T16:04:15.333Z</time>
      </trkpt>
      <trkpt lat="42.307259" lon="-8.605703">
        <ele>63.207309</ele>
        <time>2026-08-09T16:04:19.848Z</time>
      </trkpt>
      <trkpt lat="42.307288" lon="-8.605682">
        <ele>63.334528</ele>
        <time>2026-08-09T16:04:23.490Z</time>
      </trkpt>
      <trkpt lat="42.307172" lon="-8.605348">
        <ele>64.389850</ele>
        <time>2026-08-09T16:04:53.100Z</time>
      </trkpt>
      <trkpt lat="42.307169" lon="-8.605088">
        <ele>65.094403</ele>
        <time>2026-08-09T16:05:14.078Z</time>
      </trkpt>
      <trkpt lat="42.307215" lon="-8.604954">
        <ele>65.488411</ele>
        <time>2026-08-09T16:05:26.082Z</time>
      </trkpt>
      <trkpt lat="42.307432" lon="-8.604782">
        <ele>66.395522</ele>
        <time>2026-08-09T16:05:54.102Z</time>
      </trkpt>
      <trkpt lat="42.307413" lon="-8.604734">
        <ele>66.540723</ele>
        <time>2026-08-09T16:05:58.615Z</time>
      </trkpt>
      <trkpt lat="42.307546" lon="-8.604618">
        <ele>67.111483</ele>
        <time>2026-08-09T16:06:16.420Z</time>
      </trkpt>
      <trkpt lat="42.307679" lon="-8.604412">
        <ele>67.840799</ele>
        <time>2026-08-09T16:06:39.357Z</time>
      </trkpt>
      <trkpt lat="42.307817" lon="-8.604039">
        <ele>68.953138</ele>
        <time>2026-08-09T16:07:14.045Z</time>
      </trkpt>
      <trkpt lat="42.307913" lon="-8.603857">
        <ele>69.549349</ele>
        <time>2026-08-09T16:07:32.809Z</time>
      </trkpt>
      <trkpt lat="42.308250" lon="-8.603493">
        <ele>71.161653</ele>
        <time>2026-08-09T16:08:21.982Z</time>
      </trkpt>
      <trkpt lat="42.308478" lon="-8.603305">
        <ele>72.968728</ele>
        <time>2026-08-09T16:08:52.591Z</time>
      </trkpt>
      <trkpt lat="42.308710" lon="-8.603215">
        <ele>74.601973</ele>
        <time>2026-08-09T16:09:20.557Z</time>
      </trkpt>
      <trkpt lat="42.309150" lon="-8.603186">
        <ele>77.582937</ele>
        <time>2026-08-09T16:10:13.483Z</time>
      </trkpt>
      <trkpt lat="42.309747" lon="-8.603144">
        <ele>81.628231</ele>
        <time>2026-08-09T16:11:29.611Z</time>
      </trkpt>
      <trkpt lat="42.310131" lon="-8.603074">
        <ele>84.922481</ele>
        <time>2026-08-09T16:12:21.264Z</time>
      </trkpt>
      <trkpt lat="42.310363" lon="-8.603659">
        <ele>90.393509</ele>
        <time>2026-08-09T16:13:28.381Z</time>
      </trkpt>
      <trkpt lat="42.310636" lon="-8.603833">
        <ele>93.757119</ele>
        <time>2026-08-09T16:14:10.861Z</time>
      </trkpt>
      <trkpt lat="42.310879" lon="-8.604078">
        <ele>97.135259</ele>
        <time>2026-08-09T16:14:54.935Z</time>
      </trkpt>
      <trkpt lat="42.310943" lon="-8.604155">
        <ele>98.089986</ele>
        <time>2026-08-09T16:15:07.856Z</time>
      </trkpt>
      <trkpt lat="42.311103" lon="-8.604471">
        <ele>101.246350</ele>
        <time>2026-08-09T16:15:48.833Z</time>
      </trkpt>
      <trkpt lat="42.311154" lon="-8.604517">
        <ele>101.929580</ele>
        <time>2026-08-09T16:15:57.190Z</time>
      </trkpt>
      <trkpt lat="42.311560" lon="-8.604803">
        <ele>106.582276</ele>
        <time>2026-08-09T16:16:59.905Z</time>
      </trkpt>
      <trkpt lat="42.311769" lon="-8.605030">
        <ele>109.214245</ele>
        <time>2026-08-09T16:17:35.972Z</time>
      </trkpt>
      <trkpt lat="42.312020" lon="-8.605390">
        <ele>112.806635</ele>
        <time>2026-08-09T16:18:24.335Z</time>
      </trkpt>
      <trkpt lat="42.312215" lon="-8.605567">
        <ele>115.112525</ele>
        <time>2026-08-09T16:18:55.604Z</time>
      </trkpt>
      <trkpt lat="42.312594" lon="-8.605792">
        <ele>119.176472</ele>
        <time>2026-08-09T16:19:49.940Z</time>
      </trkpt>
      <trkpt lat="42.312843" lon="-8.605882">
        <ele>121.493542</ele>
        <time>2026-08-09T16:20:22.995Z</time>
      </trkpt>
      <trkpt lat="42.313143" lon="-8.606037">
        <ele>123.794872</ele>
        <time>2026-08-09T16:21:04.234Z</time>
      </trkpt>
      <trkpt lat="42.313383" lon="-8.606101">
        <ele>125.547806</ele>
        <time>2026-08-09T16:21:35.011Z</time>
      </trkpt>
      <trkpt lat="42.313836" lon="-8.606138">
        <ele>128.799872</ele>
        <time>2026-08-09T16:22:30.804Z</time>
      </trkpt>
      <trkpt lat="42.314020" lon="-8.606188">
        <ele>130.144752</ele>
        <time>2026-08-09T16:22:54.106Z</time>
      </trkpt>
      <trkpt lat="42.314299" lon="-8.606307">
        <ele>132.241121</ele>
        <time>2026-08-09T16:23:30.051Z</time>
      </trkpt>
      <trkpt lat="42.314450" lon="-8.606416">
        <ele>133.467674</ele>
        <time>2026-08-09T16:23:50.953Z</time>
      </trkpt>
      <trkpt lat="42.314650" lon="-8.606602">
        <ele>134.548900</ele>
        <time>2026-08-09T16:24:20.349Z</time>
      </trkpt>
      <trkpt lat="42.314985" lon="-8.606782">
        <ele>135.918948</ele>
        <time>2026-08-09T16:25:03.183Z</time>
      </trkpt>
      <trkpt lat="42.315246" lon="-8.607100">
        <ele>137.254147</ele>
        <time>2026-08-09T16:25:44.235Z</time>
      </trkpt>
      <trkpt lat="42.315858" lon="-8.607488">
        <ele>139.823084</ele>
        <time>2026-08-09T16:27:02.441Z</time>
      </trkpt>
      <trkpt lat="42.315977" lon="-8.607504">
        <ele>140.277596</ele>
        <time>2026-08-09T16:27:14.921Z</time>
      </trkpt>
      <trkpt lat="42.316155" lon="-8.607458">
        <ele>139.886400</ele>
        <time>2026-08-09T16:27:33.172Z</time>
      </trkpt>
      <trkpt lat="42.316417" lon="-8.607450">
        <ele>137.569444</ele>
        <time>2026-08-09T16:28:00.700Z</time>
      </trkpt>
      <trkpt lat="42.316563" lon="-8.607497">
        <ele>136.242580</ele>
        <time>2026-08-09T16:28:17.130Z</time>
      </trkpt>
      <trkpt lat="42.316760" lon="-8.607550">
        <ele>134.466756</ele>
        <time>2026-08-09T16:28:39.902Z</time>
      </trkpt>
      <trkpt lat="42.316910" lon="-8.607637">
        <ele>133.023777</ele>
        <time>2026-08-09T16:28:58.918Z</time>
      </trkpt>
      <trkpt lat="42.317270" lon="-8.607659">
        <ele>129.837737</ele>
        <time>2026-08-09T16:29:42.736Z</time>
      </trkpt>
      <trkpt lat="42.317496" lon="-8.607741">
        <ele>127.768991</ele>
        <time>2026-08-09T16:30:12.517Z</time>
      </trkpt>
      <trkpt lat="42.318010" lon="-8.608211">
        <ele>120.717144</ele>
        <time>2026-08-09T16:31:34.251Z</time>
      </trkpt>
      <trkpt lat="42.318199" lon="-8.608277">
        <ele>117.890898</ele>
        <time>2026-08-09T16:32:00.779Z</time>
      </trkpt>
      <trkpt lat="42.318466" lon="-8.608239">
        <ele>114.003712</ele>
        <time>2026-08-09T16:32:36.421Z</time>
      </trkpt>
      <trkpt lat="42.318891" lon="-8.608348">
        <ele>107.740553</ele>
        <time>2026-08-09T16:33:32.485Z</time>
      </trkpt>
      <trkpt lat="42.318968" lon="-8.608474">
        <ele>105.990545</ele>
        <time>2026-08-09T16:33:47.850Z</time>
      </trkpt>
      <trkpt lat="42.319028" lon="-8.608744">
        <ele>102.972274</ele>
        <time>2026-08-09T16:34:14.151Z</time>
      </trkpt>
      <trkpt lat="42.319411" lon="-8.610450">
        <ele>88.975966</ele>
        <time>2026-08-09T16:36:53.041Z</time>
      </trkpt>
      <trkpt lat="42.319451" lon="-8.610883">
        <ele>85.909960</ele>
        <time>2026-08-09T16:37:30.409Z</time>
      </trkpt>
      <trkpt lat="42.319514" lon="-8.611042">
        <ele>84.642498</ele>
        <time>2026-08-09T16:37:45.768Z</time>
      </trkpt>
      <trkpt lat="42.319766" lon="-8.611320">
        <ele>81.553565</ele>
        <time>2026-08-09T16:38:23.383Z</time>
      </trkpt>
      <trkpt lat="42.319997" lon="-8.611475">
        <ele>79.163370</ele>
        <time>2026-08-09T16:38:53.391Z</time>
      </trkpt>
      <trkpt lat="42.320103" lon="-8.611440">
        <ele>78.151990</ele>
        <time>2026-08-09T16:39:06.055Z</time>
      </trkpt>
      <trkpt lat="42.320173" lon="-8.611710">
        <ele>76.191086</ele>
        <time>2026-08-09T16:39:30.715Z</time>
      </trkpt>
      <trkpt lat="42.320339" lon="-8.611896">
        <ele>74.192966</ele>
        <time>2026-08-09T16:39:55.614Z</time>
      </trkpt>
      <trkpt lat="42.320687" lon="-8.612722">
        <ele>67.677503</ele>
        <time>2026-08-09T16:41:18.309Z</time>
      </trkpt>
      <trkpt lat="42.320848" lon="-8.612820">
        <ele>66.041007</ele>
        <time>2026-08-09T16:41:39.973Z</time>
      </trkpt>
      <trkpt lat="42.321034" lon="-8.613099">
        <ele>63.093611</ele>
        <time>2026-08-09T16:42:14.473Z</time>
      </trkpt>
      <trkpt lat="42.321455" lon="-8.614312">
        <ele>51.577284</ele>
        <time>2026-08-09T16:44:19.575Z</time>
      </trkpt>
      <trkpt lat="42.321513" lon="-8.614449">
        <ele>50.220515</ele>
        <time>2026-08-09T16:44:34.300Z</time>
      </trkpt>
      <trkpt lat="42.321629" lon="-8.614605">
        <ele>48.319060</ele>
        <time>2026-08-09T16:44:54.666Z</time>
      </trkpt>
      <trkpt lat="42.321636" lon="-8.614962">
        <ele>45.249827</ele>
        <time>2026-08-09T16:45:26.399Z</time>
      </trkpt>
      <trkpt lat="42.321673" lon="-8.614976">
        <ele>44.803238</ele>
        <time>2026-08-09T16:45:30.894Z</time>
      </trkpt>
      <trkpt lat="42.322023" lon="-8.614825">
        <ele>42.709145</ele>
        <time>2026-08-09T16:46:13.026Z</time>
      </trkpt>
      <trkpt lat="42.322142" lon="-8.614816">
        <ele>42.186563</ele>
        <time>2026-08-09T16:46:26.379Z</time>
      </trkpt>
      <trkpt lat="42.322217" lon="-8.614856">
        <ele>41.833075</ele>
        <time>2026-08-09T16:46:35.389Z</time>
      </trkpt>
      <trkpt lat="42.322387" lon="-8.614562">
        <ele>40.623121</ele>
        <time>2026-08-09T16:47:05.500Z</time>
      </trkpt>
      <trkpt lat="42.322407" lon="-8.614520">
        <ele>40.461169</ele>
        <time>2026-08-09T16:47:09.500Z</time>
      </trkpt>
      <trkpt lat="42.322496" lon="-8.614329">
        <ele>39.729272</ele>
        <time>2026-08-09T16:47:27.313Z</time>
      </trkpt>
      <trkpt lat="42.322629" lon="-8.613905">
        <ele>38.236155</ele>
        <time>2026-08-09T16:48:02.879Z</time>
      </trkpt>
      <trkpt lat="42.322784" lon="-8.613562">
        <ele>36.932972</ele>
        <time>2026-08-09T16:48:33.529Z</time>
      </trkpt>
      <trkpt lat="42.322951" lon="-8.613315">
        <ele>35.983093</ele>
        <time>2026-08-09T16:48:59.055Z</time>
      </trkpt>
      <trkpt lat="42.323327" lon="-8.613009">
        <ele>34.946743</ele>
        <time>2026-08-09T16:49:45.624Z</time>
      </trkpt>
      <trkpt lat="42.324047" lon="-8.612423">
        <ele>32.962210</ele>
        <time>2026-08-09T16:51:15.008Z</time>
      </trkpt>
      <trkpt lat="42.324236" lon="-8.612225">
        <ele>32.397620</ele>
        <time>2026-08-09T16:51:39.881Z</time>
      </trkpt>
      <trkpt lat="42.324366" lon="-8.611981">
        <ele>31.885858</ele>
        <time>2026-08-09T16:52:02.945Z</time>
      </trkpt>
      <trkpt lat="42.324292" lon="-8.611869">
        <ele>31.793973</ele>
        <time>2026-08-09T16:52:14.293Z</time>
      </trkpt>
      <trkpt lat="42.324243" lon="-8.611726">
        <ele>31.697558</ele>
        <time>2026-08-09T16:52:26.189Z</time>
      </trkpt>
      <trkpt lat="42.324094" lon="-8.611486">
        <ele>31.505848</ele>
        <time>2026-08-09T16:52:49.780Z</time>
      </trkpt>
      <trkpt lat="42.323729" lon="-8.611123">
        <ele>31.130998</ele>
        <time>2026-08-09T16:53:35.665Z</time>
      </trkpt>
      <trkpt lat="42.323598" lon="-8.610859">
        <ele>30.936499</ele>
        <time>2026-08-09T16:53:59.220Z</time>
      </trkpt>
      <trkpt lat="42.323594" lon="-8.610853">
        <ele>30.931557</ele>
        <time>2026-08-09T16:53:59.836Z</time>
      </trkpt>
      <trkpt lat="42.323517" lon="-8.610578">
        <ele>30.751671</ele>
        <time>2026-08-09T16:54:21.630Z</time>
      </trkpt>
      <trkpt lat="42.323520" lon="-8.610338">
        <ele>30.604833</ele>
        <time>2026-08-09T16:54:39.413Z</time>
      </trkpt>
      <trkpt lat="42.323608" lon="-8.610056">
        <ele>30.417588</ele>
        <time>2026-08-09T16:55:02.177Z</time>
      </trkpt>
      <trkpt lat="42.323889" lon="-8.609758">
        <ele>29.801976</ele>
        <time>2026-08-09T16:55:38.807Z</time>
      </trkpt>
      <trkpt lat="42.324309" lon="-8.609403">
        <ele>28.928187</ele>
        <time>2026-08-09T16:56:32.160Z</time>
      </trkpt>
      <trkpt lat="42.324477" lon="-8.609296">
        <ele>28.600570</ele>
        <time>2026-08-09T16:56:52.233Z</time>
      </trkpt>
      <trkpt lat="42.324555" lon="-8.609165">
        <ele>28.381170</ele>
        <time>2026-08-09T16:57:05.574Z</time>
      </trkpt>
      <trkpt lat="42.324602" lon="-8.609341">
        <ele>28.137078</ele>
        <time>2026-08-09T16:57:20.289Z</time>
      </trkpt>
      <trkpt lat="42.325040" lon="-8.609729">
        <ele>27.278080</ele>
        <time>2026-08-09T16:58:13.634Z</time>
      </trkpt>
      <trkpt lat="42.325125" lon="-8.609675">
        <ele>27.700182</ele>
        <time>2026-08-09T16:58:23.506Z</time>
      </trkpt>
      <trkpt lat="42.325174" lon="-8.609510">
        <ele>28.291084</ele>
        <time>2026-08-09T16:58:37.066Z</time>
      </trkpt>
      <trkpt lat="42.325322" lon="-8.609262">
        <ele>29.350208</ele>
        <time>2026-08-09T16:59:01.760Z</time>
      </trkpt>
      <trkpt lat="42.325346" lon="-8.609153">
        <ele>29.728154</ele>
        <time>2026-08-09T16:59:10.582Z</time>
      </trkpt>
      <trkpt lat="42.325336" lon="-8.608912">
        <ele>30.530294</ele>
        <time>2026-08-09T16:59:30.537Z</time>
      </trkpt>
      <trkpt lat="42.325265" lon="-8.608612">
        <ele>31.577073</ele>
        <time>2026-08-09T16:59:57.800Z</time>
      </trkpt>
      <trkpt lat="42.325175" lon="-8.608504">
        <ele>32.117865</ele>
        <time>2026-08-09T17:00:12.294Z</time>
      </trkpt>
      <trkpt lat="42.325704" lon="-8.607939">
        <ele>35.147549</ele>
        <time>2026-08-09T17:01:37.514Z</time>
      </trkpt>
      <trkpt lat="42.326022" lon="-8.607434">
        <ele>38.299910</ele>
        <time>2026-08-09T17:02:40.130Z</time>
      </trkpt>
      <trkpt lat="42.326253" lon="-8.607027">
        <ele>40.798978</ele>
        <time>2026-08-09T17:03:28.449Z</time>
      </trkpt>
      <trkpt lat="42.326479" lon="-8.606631">
        <ele>43.235495</ele>
        <time>2026-08-09T17:04:13.970Z</time>
      </trkpt>
      <trkpt lat="42.326712" lon="-8.606275">
        <ele>45.551198</ele>
        <time>2026-08-09T17:04:56.035Z</time>
      </trkpt>
      <trkpt lat="42.326850" lon="-8.606134">
        <ele>46.690540</ele>
        <time>2026-08-09T17:05:16.237Z</time>
      </trkpt>
      <trkpt lat="42.326932" lon="-8.605881">
        <ele>47.409338</ele>
        <time>2026-08-09T17:05:39.541Z</time>
      </trkpt>
      <trkpt lat="42.327130" lon="-8.605676">
        <ele>47.869843</ele>
        <time>2026-08-09T17:06:07.977Z</time>
      </trkpt>
      <trkpt lat="42.327204" lon="-8.605631">
        <ele>48.019686</ele>
        <time>2026-08-09T17:06:17.264Z</time>
      </trkpt>
      <trkpt lat="42.327507" lon="-8.605592">
        <ele>48.581806</ele>
        <time>2026-08-09T17:06:49.451Z</time>
      </trkpt>
      <trkpt lat="42.327794" lon="-8.605642">
        <ele>49.116228</ele>
        <time>2026-08-09T17:07:18.891Z</time>
      </trkpt>
      <trkpt lat="42.327928" lon="-8.605707">
        <ele>49.379137</ele>
        <time>2026-08-09T17:07:33.454Z</time>
      </trkpt>
      <trkpt lat="42.328040" lon="-8.605729">
        <ele>49.588152</ele>
        <time>2026-08-09T17:07:44.874Z</time>
      </trkpt>
      <trkpt lat="42.328269" lon="-8.605610">
        <ele>50.041215</ele>
        <time>2026-08-09T17:08:09.749Z</time>
      </trkpt>
      <trkpt lat="42.328406" lon="-8.605749">
        <ele>50.357501</ele>
        <time>2026-08-09T17:08:27.379Z</time>
      </trkpt>
      <trkpt lat="42.328403" lon="-8.605846">
        <ele>50.494124</ele>
        <time>2026-08-09T17:08:34.687Z</time>
      </trkpt>
      <trkpt lat="42.329263" lon="-8.606427">
        <ele>54.660749</ele>
        <time>2026-08-09T17:10:22.534Z</time>
      </trkpt>
      <trkpt lat="42.329703" lon="-8.606678">
        <ele>56.730531</ele>
        <time>2026-08-09T17:11:20.235Z</time>
      </trkpt>
      <trkpt lat="42.330017" lon="-8.606764">
        <ele>58.119142</ele>
        <time>2026-08-09T17:11:59.805Z</time>
      </trkpt>
      <trkpt lat="42.330210" lon="-8.606781">
        <ele>58.906561</ele>
        <time>2026-08-09T17:12:23.653Z</time>
      </trkpt>
      <trkpt lat="42.330280" lon="-8.606788">
        <ele>59.187839</ele>
        <time>2026-08-09T17:12:32.281Z</time>
      </trkpt>
      <trkpt lat="42.331139" lon="-8.606850">
        <ele>62.635034</ele>
        <time>2026-08-09T17:14:14.931Z</time>
      </trkpt>
      <trkpt lat="42.331388" lon="-8.606856">
        <ele>63.633017</ele>
        <time>2026-08-09T17:14:42.278Z</time>
      </trkpt>
      <trkpt lat="42.331688" lon="-8.606877">
        <ele>64.836825</ele>
        <time>2026-08-09T17:15:14.210Z</time>
      </trkpt>
      <trkpt lat="42.331687" lon="-8.606764">
        <ele>65.171607</ele>
        <time>2026-08-09T17:15:22.874Z</time>
      </trkpt>
      <trkpt lat="42.331868" lon="-8.606670">
        <ele>65.279954</ele>
        <time>2026-08-09T17:15:42.587Z</time>
      </trkpt>
      <trkpt lat="42.331939" lon="-8.606597">
        <ele>65.115359</ele>
        <time>2026-08-09T17:15:51.550Z</time>
      </trkpt>
      <trkpt lat="42.331985" lon="-8.606870">
        <ele>64.733329</ele>
        <time>2026-08-09T17:16:12.735Z</time>
      </trkpt>
      <trkpt lat="42.332117" lon="-8.606888">
        <ele>64.488472</ele>
        <time>2026-08-09T17:16:26.427Z</time>
      </trkpt>
      <trkpt lat="42.332502" lon="-8.606865">
        <ele>63.777216</ele>
        <time>2026-08-09T17:17:06.527Z</time>
      </trkpt>
      <trkpt lat="42.332909" lon="-8.606840">
        <ele>63.025274</ele>
        <time>2026-08-09T17:17:49.672Z</time>
      </trkpt>
      <trkpt lat="42.332889" lon="-8.607231">
        <ele>62.490531</ele>
        <time>2026-08-09T17:18:20.685Z</time>
      </trkpt>
      <trkpt lat="42.333182" lon="-8.607378">
        <ele>61.398515</ele>
        <time>2026-08-09T17:18:54.057Z</time>
      </trkpt>
      <trkpt lat="42.333384" lon="-8.607430">
        <ele>60.259328</ele>
        <time>2026-08-09T17:19:16.122Z</time>
      </trkpt>
      <trkpt lat="42.333932" lon="-8.607422">
        <ele>57.223168</ele>
        <time>2026-08-09T17:20:15.878Z</time>
      </trkpt>
      <trkpt lat="42.334124" lon="-8.607447">
        <ele>56.154549</ele>
        <time>2026-08-09T17:20:37.359Z</time>
      </trkpt>
      <trkpt lat="42.334680" lon="-8.607416">
        <ele>53.071629</ele>
        <time>2026-08-09T17:21:40.712Z</time>
      </trkpt>
      <trkpt lat="42.334753" lon="-8.607438">
        <ele>52.657286</ele>
        <time>2026-08-09T17:21:49.475Z</time>
      </trkpt>
      <trkpt lat="42.335042" lon="-8.607591">
        <ele>51.088737</ele>
        <time>2026-08-09T17:22:26.226Z</time>
      </trkpt>
      <trkpt lat="42.335135" lon="-8.607667">
        <ele>50.558345</ele>
        <time>2026-08-09T17:22:39.011Z</time>
      </trkpt>
      <trkpt lat="42.335361" lon="-8.607930">
        <ele>49.103073</ele>
        <time>2026-08-09T17:23:13.497Z</time>
      </trkpt>
      <trkpt lat="42.335485" lon="-8.608016">
        <ele>48.422842</ele>
        <time>2026-08-09T17:23:29.298Z</time>
      </trkpt>
      <trkpt lat="42.335549" lon="-8.607911">
        <ele>47.931754</ele>
        <time>2026-08-09T17:23:40.625Z</time>
      </trkpt>
      <trkpt lat="42.335834" lon="-8.607799">
        <ele>46.482992</ele>
        <time>2026-08-09T17:24:12.774Z</time>
      </trkpt>
      <trkpt lat="42.335901" lon="-8.607741">
        <ele>46.094694</ele>
        <time>2026-08-09T17:24:21.224Z</time>
      </trkpt>
      <trkpt lat="42.336145" lon="-8.607302">
        <ele>44.112726</ele>
        <time>2026-08-09T17:25:03.793Z</time>
      </trkpt>
      <trkpt lat="42.336232" lon="-8.607266">
        <ele>43.668606</ele>
        <time>2026-08-09T17:25:13.233Z</time>
      </trkpt>
      <trkpt lat="42.336294" lon="-8.607214">
        <ele>43.403943</ele>
        <time>2026-08-09T17:25:20.793Z</time>
      </trkpt>
      <trkpt lat="42.336518" lon="-8.606742">
        <ele>43.006728</ele>
        <time>2026-08-09T17:26:02.287Z</time>
      </trkpt>
      <trkpt lat="42.336581" lon="-8.606684">
        <ele>42.933723</ele>
        <time>2026-08-09T17:26:10.306Z</time>
      </trkpt>
      <trkpt lat="42.337055" lon="-8.606596">
        <ele>42.475364</ele>
        <time>2026-08-09T17:27:00.551Z</time>
      </trkpt>
      <trkpt lat="42.337226" lon="-8.606589">
        <ele>42.311468</ele>
        <time>2026-08-09T17:27:17.846Z</time>
      </trkpt>
      <trkpt lat="42.337488" lon="-8.606656">
        <ele>42.056021</ele>
        <time>2026-08-09T17:27:45.252Z</time>
      </trkpt>
      <trkpt lat="42.337933" lon="-8.606498">
        <ele>41.349710</ele>
        <time>2026-08-09T17:28:34.637Z</time>
      </trkpt>
      <trkpt lat="42.338285" lon="-8.606490">
        <ele>39.993157</ele>
        <time>2026-08-09T17:29:12.680Z</time>
      </trkpt>
      <trkpt lat="42.338467" lon="-8.606549">
        <ele>39.272003</ele>
        <time>2026-08-09T17:29:32.886Z</time>
      </trkpt>
      <trkpt lat="42.338582" lon="-8.606538">
        <ele>38.827768</ele>
        <time>2026-08-09T17:29:45.345Z</time>
      </trkpt>
      <trkpt lat="42.338614" lon="-8.606525">
        <ele>38.699023</ele>
        <time>2026-08-09T17:29:48.934Z</time>
      </trkpt>
      <trkpt lat="42.338689" lon="-8.606506">
        <ele>38.405002</ele>
        <time>2026-08-09T17:29:57.202Z</time>
      </trkpt>
      <trkpt lat="42.338796" lon="-8.606443">
        <ele>37.955343</ele>
        <time>2026-08-09T17:30:09.708Z</time>
      </trkpt>
      <trkpt lat="42.338997" lon="-8.606414">
        <ele>37.176438</ele>
        <time>2026-08-09T17:30:31.532Z</time>
      </trkpt>
      <trkpt lat="42.339276" lon="-8.606615">
        <ele>35.958436</ele>
        <time>2026-08-09T17:31:05.768Z</time>
      </trkpt>
      <trkpt lat="42.339740" lon="-8.606666">
        <ele>34.059734</ele>
        <time>2026-08-09T17:31:56.685Z</time>
      </trkpt>
      <trkpt lat="42.339855" lon="-8.606613">
        <ele>33.510819</ele>
        <time>2026-08-09T17:32:09.900Z</time>
      </trkpt>
      <trkpt lat="42.340097" lon="-8.606860">
        <ele>32.141150</ele>
        <time>2026-08-09T17:32:43.118Z</time>
      </trkpt>
      <trkpt lat="42.340413" lon="-8.607024">
        <ele>30.611949</ele>
        <time>2026-08-09T17:33:20.202Z</time>
      </trkpt>
      <trkpt lat="42.340646" lon="-8.607123">
        <ele>29.508510</ele>
        <time>2026-08-09T17:33:46.888Z</time>
      </trkpt>
      <trkpt lat="42.340822" lon="-8.607147">
        <ele>28.709278</ele>
        <time>2026-08-09T17:34:06.309Z</time>
      </trkpt>
      <trkpt lat="42.340870" lon="-8.607218">
        <ele>28.387941</ele>
        <time>2026-08-09T17:34:14.175Z</time>
      </trkpt>
      <trkpt lat="42.340996" lon="-8.608062">
        <ele>25.902817</ele>
        <time>2026-08-09T17:35:23.935Z</time>
      </trkpt>
      <trkpt lat="42.341125" lon="-8.608208">
        <ele>25.404688</ele>
        <time>2026-08-09T17:35:42.160Z</time>
      </trkpt>
      <trkpt lat="42.341444" lon="-8.608689">
        <ele>23.989962</ele>
        <time>2026-08-09T17:36:32.695Z</time>
      </trkpt>
      <trkpt lat="42.341575" lon="-8.608732">
        <ele>23.590715</ele>
        <time>2026-08-09T17:36:46.715Z</time>
      </trkpt>
      <trkpt lat="42.341861" lon="-8.608728">
        <ele>22.743605</ele>
        <time>2026-08-09T17:37:16.407Z</time>
      </trkpt>
      <trkpt lat="42.342120" lon="-8.608830">
        <ele>21.944670</ele>
        <time>2026-08-09T17:37:44.557Z</time>
      </trkpt>
      <trkpt lat="42.342348" lon="-8.608936">
        <ele>21.218246</ele>
        <time>2026-08-09T17:38:09.762Z</time>
      </trkpt>
      <trkpt lat="42.342424" lon="-8.608971">
        <ele>20.947009</ele>
        <time>2026-08-09T17:38:18.199Z</time>
      </trkpt>
      <trkpt lat="42.342698" lon="-8.609015">
        <ele>20.014789</ele>
        <time>2026-08-09T17:38:47.409Z</time>
      </trkpt>
      <trkpt lat="42.343383" lon="-8.608929">
        <ele>17.690543</ele>
        <time>2026-08-09T17:40:01.474Z</time>
      </trkpt>
      <trkpt lat="42.343654" lon="-8.608558">
        <ele>16.388009</ele>
        <time>2026-08-09T17:40:42.949Z</time>
      </trkpt>
      <trkpt lat="42.344018" lon="-8.608228">
        <ele>14.849678</ele>
        <time>2026-08-09T17:41:29.680Z</time>
      </trkpt>
      <trkpt lat="42.344143" lon="-8.608040">
        <ele>14.108665</ele>
        <time>2026-08-09T17:41:50.039Z</time>
      </trkpt>
      <trkpt lat="42.344205" lon="-8.607857">
        <ele>13.518759</ele>
        <time>2026-08-09T17:42:06.407Z</time>
      </trkpt>
      <trkpt lat="42.344430" lon="-8.607418">
        <ele>11.953313</ele>
        <time>2026-08-09T17:42:49.349Z</time>
      </trkpt>
      <trkpt lat="42.344637" lon="-8.607502">
        <ele>11.096506</ele>
        <time>2026-08-09T17:43:12.850Z</time>
      </trkpt>
      <trkpt lat="42.344811" lon="-8.607516">
        <ele>10.405434</ele>
        <time>2026-08-09T17:43:31.612Z</time>
      </trkpt>
      <trkpt lat="42.345123" lon="-8.607276">
        <ele>8.982511</ele>
        <time>2026-08-09T17:44:10.164Z</time>
      </trkpt>
      <trkpt lat="42.345343" lon="-8.606955">
        <ele>7.979299</ele>
        <time>2026-08-09T17:44:45.823Z</time>
      </trkpt>
      <trkpt lat="42.346586" lon="-8.606736">
        <ele>6.389561</ele>
        <time>2026-08-09T17:46:59.156Z</time>
      </trkpt>
      <trkpt lat="42.346610" lon="-8.606732">
        <ele>6.358893</ele>
        <time>2026-08-09T17:47:01.797Z</time>
      </trkpt>
      <trkpt lat="42.346690" lon="-8.606791">
        <ele>6.243341</ele>
        <time>2026-08-09T17:47:11.575Z</time>
      </trkpt>
      <trkpt lat="42.346809" lon="-8.606980">
        <ele>6.010614</ele>
        <time>2026-08-09T17:47:31.625Z</time>
      </trkpt>
      <trkpt lat="42.346954" lon="-8.607146">
        <ele>6.030381</ele>
        <time>2026-08-09T17:47:53.062Z</time>
      </trkpt>
      <trkpt lat="42.346910" lon="-8.607374">
        <ele>6.769804</ele>
        <time>2026-08-09T17:48:13.536Z</time>
      </trkpt>
      <trkpt lat="42.346916" lon="-8.607529">
        <ele>7.256842</ele>
        <time>2026-08-09T17:48:27.360Z</time>
      </trkpt>
      <trkpt lat="42.346978" lon="-8.607529">
        <ele>7.520073</ele>
        <time>2026-08-09T17:48:35.055Z</time>
      </trkpt>
      <trkpt lat="42.347033" lon="-8.607419">
        <ele>7.936806</ele>
        <time>2026-08-09T17:48:47.168Z</time>
      </trkpt>
      <trkpt lat="42.347107" lon="-8.607372">
        <ele>8.283878</ele>
        <time>2026-08-09T17:48:57.322Z</time>
      </trkpt>
      <trkpt lat="42.347256" lon="-8.607359">
        <ele>8.917794</ele>
        <time>2026-08-09T17:49:16.121Z</time>
      </trkpt>
      <trkpt lat="42.347342" lon="-8.607405">
        <ele>9.310416</ele>
        <time>2026-08-09T17:49:27.787Z</time>
      </trkpt>
      <trkpt lat="42.347286" lon="-8.607546">
        <ele>9.812691</ele>
        <time>2026-08-09T17:49:42.476Z</time>
      </trkpt>
      <trkpt lat="42.347275" lon="-8.607708">
        <ele>10.323165</ele>
        <time>2026-08-09T17:49:57.310Z</time>
      </trkpt>
      <trkpt lat="42.347685" lon="-8.607860">
        <ele>12.128044</ele>
        <time>2026-08-09T17:50:47.493Z</time>
      </trkpt>
      <trkpt lat="42.348181" lon="-8.607843">
        <ele>13.087422</ele>
        <time>2026-08-09T17:51:39.653Z</time>
      </trkpt>
      <trkpt lat="42.348249" lon="-8.607881">
        <ele>12.933501</ele>
        <time>2026-08-09T17:51:47.239Z</time>
      </trkpt>
      <trkpt lat="42.348274" lon="-8.608013">
        <ele>12.722805</ele>
        <time>2026-08-09T17:51:57.538Z</time>
      </trkpt>
      <trkpt lat="42.348532" lon="-8.608560">
        <ele>11.719464</ele>
        <time>2026-08-09T17:52:48.570Z</time>
      </trkpt>
      <trkpt lat="42.348621" lon="-8.608496">
        <ele>11.508602</ele>
        <time>2026-08-09T17:52:59.680Z</time>
      </trkpt>
      <trkpt lat="42.348734" lon="-8.608462">
        <ele>11.266417</ele>
        <time>2026-08-09T17:53:12.394Z</time>
      </trkpt>
      <trkpt lat="42.349248" lon="-8.608425">
        <ele>10.189542</ele>
        <time>2026-08-09T17:54:08.945Z</time>
      </trkpt>
      <trkpt lat="42.349489" lon="-8.608341">
        <ele>9.769859</ele>
        <time>2026-08-09T17:54:35.594Z</time>
      </trkpt>
      <trkpt lat="42.349693" lon="-8.608223">
        <ele>10.675174</ele>
        <time>2026-08-09T17:54:58.682Z</time>
      </trkpt>
      <trkpt lat="42.349777" lon="-8.608233">
        <ele>11.019268</ele>
        <time>2026-08-09T17:55:07.132Z</time>
      </trkpt>
      <trkpt lat="42.349828" lon="-8.608332">
        <ele>11.383201</ele>
        <time>2026-08-09T17:55:16.664Z</time>
      </trkpt>
      <trkpt lat="42.349842" lon="-8.608659">
        <ele>12.371004</ele>
        <time>2026-08-09T17:55:43.713Z</time>
      </trkpt>
      <trkpt lat="42.349818" lon="-8.608823">
        <ele>12.875189</ele>
        <time>2026-08-09T17:55:58.283Z</time>
      </trkpt>
      <trkpt lat="42.349690" lon="-8.609057">
        <ele>13.753145</ele>
        <time>2026-08-09T17:56:24.316Z</time>
      </trkpt>
      <trkpt lat="42.349452" lon="-8.609176">
        <ele>14.788513</ele>
        <time>2026-08-09T17:56:56.135Z</time>
      </trkpt>
      <trkpt lat="42.349444" lon="-8.609206">
        <ele>14.884695</ele>
        <time>2026-08-09T17:56:59.053Z</time>
      </trkpt>
      <trkpt lat="42.349480" lon="-8.609258">
        <ele>15.099573</ele>
        <time>2026-08-09T17:57:05.786Z</time>
      </trkpt>
      <trkpt lat="42.349548" lon="-8.609550">
        <ele>16.022859</ele>
        <time>2026-08-09T17:57:34.702Z</time>
      </trkpt>
      <trkpt lat="42.349792" lon="-8.609717">
        <ele>17.064897</ele>
        <time>2026-08-09T17:58:09.532Z</time>
      </trkpt>
      <trkpt lat="42.350039" lon="-8.609966">
        <ele>17.356233</ele>
        <time>2026-08-09T17:58:47.908Z</time>
      </trkpt>
      <trkpt lat="42.350087" lon="-8.610231">
        <ele>17.546956</ele>
        <time>2026-08-09T17:59:12.158Z</time>
      </trkpt>
      <trkpt lat="42.350117" lon="-8.610759">
        <ele>17.917130</ele>
        <time>2026-08-09T17:59:56.017Z</time>
      </trkpt>
      <trkpt lat="42.350186" lon="-8.610961">
        <ele>18.072686</ele>
        <time>2026-08-09T18:00:12.626Z</time>
      </trkpt>
      <trkpt lat="42.350229" lon="-8.611035">
        <ele>18.138488</ele>
        <time>2026-08-09T18:00:19.927Z</time>
      </trkpt>
      <trkpt lat="42.350451" lon="-8.611237">
        <ele>18.391528</ele>
        <time>2026-08-09T18:00:48.308Z</time>
      </trkpt>
      <trkpt lat="42.350816" lon="-8.611367">
        <ele>18.717878</ele>
        <time>2026-08-09T18:01:30.153Z</time>
      </trkpt>
      <trkpt lat="42.351304" lon="-8.611654">
        <ele>15.891874</ele>
        <time>2026-08-09T18:02:30.952Z</time>
      </trkpt>
      <trkpt lat="42.351351" lon="-8.611710">
        <ele>15.559275</ele>
        <time>2026-08-09T18:02:38.131Z</time>
      </trkpt>
      <trkpt lat="42.351404" lon="-8.611985">
        <ele>14.443801</ele>
        <time>2026-08-09T18:03:02.060Z</time>
      </trkpt>
      <trkpt lat="42.351556" lon="-8.612079">
        <ele>13.556209</ele>
        <time>2026-08-09T18:03:20.837Z</time>
      </trkpt>
      <trkpt lat="42.351670" lon="-8.612089">
        <ele>12.949480</ele>
        <time>2026-08-09T18:03:33.683Z</time>
      </trkpt>
      <trkpt lat="42.351967" lon="-8.611991">
        <ele>11.325882</ele>
        <time>2026-08-09T18:04:07.824Z</time>
      </trkpt>
      <trkpt lat="42.352352" lon="-8.611694">
        <ele>9.148895</ele>
        <time>2026-08-09T18:04:55.563Z</time>
      </trkpt>
      <trkpt lat="42.352361" lon="-8.611699">
        <ele>9.138907</ele>
        <time>2026-08-09T18:04:56.578Z</time>
      </trkpt>
      <trkpt lat="42.352427" lon="-8.611790">
        <ele>9.042173</ele>
        <time>2026-08-09T18:05:06.606Z</time>
      </trkpt>
      <trkpt lat="42.352524" lon="-8.611859">
        <ele>8.929671</ele>
        <time>2026-08-09T18:05:18.093Z</time>
      </trkpt>
      <trkpt lat="42.352658" lon="-8.611964">
        <ele>8.770704</ele>
        <time>2026-08-09T18:05:34.117Z</time>
      </trkpt>
      <trkpt lat="42.352841" lon="-8.612261">
        <ele>8.477332</ele>
        <time>2026-08-09T18:06:03.246Z</time>
      </trkpt>
      <trkpt lat="42.353018" lon="-8.612345">
        <ele>8.284771</ele>
        <time>2026-08-09T18:06:22.187Z</time>
      </trkpt>
      <trkpt lat="42.353054" lon="-8.612456">
        <ele>8.192805</ele>
        <time>2026-08-09T18:06:31.204Z</time>
      </trkpt>
      <trkpt lat="42.353026" lon="-8.612556">
        <ele>8.111675</ele>
        <time>2026-08-09T18:06:39.174Z</time>
      </trkpt>
      <trkpt lat="42.353003" lon="-8.612763">
        <ele>7.952864</ele>
        <time>2026-08-09T18:06:54.793Z</time>
      </trkpt>
      <trkpt lat="42.353175" lon="-8.613200">
        <ele>7.577234</ele>
        <time>2026-08-09T18:07:31.542Z</time>
      </trkpt>
      <trkpt lat="42.353284" lon="-8.613270">
        <ele>7.453371</ele>
        <time>2026-08-09T18:07:43.653Z</time>
      </trkpt>
      <trkpt lat="42.353656" lon="-8.613745">
        <ele>8.434260</ele>
        <time>2026-08-09T18:08:35.428Z</time>
      </trkpt>
      <trkpt lat="42.353859" lon="-8.613919">
        <ele>9.079679</ele>
        <time>2026-08-09T18:09:00.181Z</time>
      </trkpt>
      <trkpt lat="42.354091" lon="-8.614066">
        <ele>9.767737</ele>
        <time>2026-08-09T18:09:26.921Z</time>
      </trkpt>
      <trkpt lat="42.354578" lon="-8.614284">
        <ele>11.145483</ele>
        <time>2026-08-09T18:10:23.376Z</time>
      </trkpt>
      <trkpt lat="42.354732" lon="-8.614415">
        <ele>11.634050</ele>
        <time>2026-08-09T18:10:44.721Z</time>
      </trkpt>
      <trkpt lat="42.354881" lon="-8.614592">
        <ele>12.166576</ele>
        <time>2026-08-09T18:11:08.515Z</time>
      </trkpt>
      <trkpt lat="42.355019" lon="-8.614699">
        <ele>13.564404</ele>
        <time>2026-08-09T18:11:28.255Z</time>
      </trkpt>
      <trkpt lat="42.355240" lon="-8.614766">
        <ele>15.585065</ele>
        <time>2026-08-09T18:11:56.939Z</time>
      </trkpt>
      <trkpt lat="42.355334" lon="-8.614842">
        <ele>16.562034</ele>
        <time>2026-08-09T18:12:11.070Z</time>
      </trkpt>
      <trkpt lat="42.355859" lon="-8.615445">
        <ele>22.705903</ele>
        <time>2026-08-09T18:13:42.819Z</time>
      </trkpt>
      <trkpt lat="42.356008" lon="-8.615684">
        <ele>24.767539</ele>
        <time>2026-08-09T18:14:14.262Z</time>
      </trkpt>
      <trkpt lat="42.356629" lon="-8.616200">
        <ele>30.323745</ele>
        <time>2026-08-09T18:15:52.148Z</time>
      </trkpt>
      <trkpt lat="42.356721" lon="-8.616247">
        <ele>30.928761</ele>
        <time>2026-08-09T18:16:04.882Z</time>
      </trkpt>
      <trkpt lat="42.356817" lon="-8.616256">
        <ele>31.520810</ele>
        <time>2026-08-09T18:16:17.306Z</time>
      </trkpt>
      <trkpt lat="42.357034" lon="-8.616219">
        <ele>32.866445</ele>
        <time>2026-08-09T18:16:44.507Z</time>
      </trkpt>
      <trkpt lat="42.357228" lon="-8.616221">
        <ele>34.060052</ele>
        <time>2026-08-09T18:17:08.008Z</time>
      </trkpt>
      <trkpt lat="42.357512" lon="-8.616331">
        <ele>35.877504</ele>
        <time>2026-08-09T18:17:42.484Z</time>
      </trkpt>
      <trkpt lat="42.357574" lon="-8.616317">
        <ele>36.264229</ele>
        <time>2026-08-09T18:17:49.571Z</time>
      </trkpt>
      <trkpt lat="42.357925" lon="-8.616014">
        <ele>38.825692</ele>
        <time>2026-08-09T18:18:35.933Z</time>
      </trkpt>
      <trkpt lat="42.358236" lon="-8.615664">
        <ele>40.468334</ele>
        <time>2026-08-09T18:19:20.114Z</time>
      </trkpt>
      <trkpt lat="42.358504" lon="-8.615451">
        <ele>41.581644</ele>
        <time>2026-08-09T18:19:53.482Z</time>
      </trkpt>
      <trkpt lat="42.358884" lon="-8.615363">
        <ele>42.962615</ele>
        <time>2026-08-09T18:20:35.354Z</time>
      </trkpt>
      <trkpt lat="42.359566" lon="-8.615761">
        <ele>45.623048</ele>
        <time>2026-08-09T18:22:01.037Z</time>
      </trkpt>
      <trkpt lat="42.360077" lon="-8.615671">
        <ele>48.811879</ele>
        <time>2026-08-09T18:23:03.415Z</time>
      </trkpt>
      <trkpt lat="42.360257" lon="-8.615704">
        <ele>49.965702</ele>
        <time>2026-08-09T18:23:25.401Z</time>
      </trkpt>
      <trkpt lat="42.360505" lon="-8.616068">
        <ele>52.289630</ele>
        <time>2026-08-09T18:24:10.143Z</time>
      </trkpt>
      <trkpt lat="42.360793" lon="-8.616205">
        <ele>54.228758</ele>
        <time>2026-08-09T18:24:47.834Z</time>
      </trkpt>
      <trkpt lat="42.361284" lon="-8.616155">
        <ele>57.414988</ele>
        <time>2026-08-09T18:25:48.897Z</time>
      </trkpt>
      <trkpt lat="42.361765" lon="-8.616326">
        <ele>61.503063</ele>
        <time>2026-08-09T18:26:50.588Z</time>
      </trkpt>
      <trkpt lat="42.361857" lon="-8.616326">
        <ele>62.259324</ele>
        <time>2026-08-09T18:27:02.166Z</time>
      </trkpt>
      <trkpt lat="42.361936" lon="-8.616298">
        <ele>62.930622</ele>
        <time>2026-08-09T18:27:12.511Z</time>
      </trkpt>
      <trkpt lat="42.362539" lon="-8.616259">
        <ele>67.893077</ele>
        <time>2026-08-09T18:28:30.648Z</time>
      </trkpt>
      <trkpt lat="42.363462" lon="-8.616633">
        <ele>76.581667</ele>
        <time>2026-08-09T18:30:36.815Z</time>
      </trkpt>
      <trkpt lat="42.363612" lon="-8.616660">
        <ele>78.072562</ele>
        <time>2026-08-09T18:30:56.663Z</time>
      </trkpt>
      <trkpt lat="42.364306" lon="-8.616546">
        <ele>84.960403</ele>
        <time>2026-08-09T18:32:29.941Z</time>
      </trkpt>
      <trkpt lat="42.364768" lon="-8.616567">
        <ele>89.514842</ele>
        <time>2026-08-09T18:33:32.618Z</time>
      </trkpt>
      <trkpt lat="42.364938" lon="-8.616616">
        <ele>91.309868</ele>
        <time>2026-08-09T18:33:56.153Z</time>
      </trkpt>
      <trkpt lat="42.365233" lon="-8.616820">
        <ele>94.746079</ele>
        <time>2026-08-09T18:34:41.586Z</time>
      </trkpt>
      <trkpt lat="42.365297" lon="-8.616928">
        <ele>95.807115</ele>
        <time>2026-08-09T18:34:55.399Z</time>
      </trkpt>
      <trkpt lat="42.365260" lon="-8.617023">
        <ele>96.630152</ele>
        <time>2026-08-09T18:35:06.114Z</time>
      </trkpt>
      <trkpt lat="42.365165" lon="-8.617125">
        <ele>97.887971</ele>
        <time>2026-08-09T18:35:22.264Z</time>
      </trkpt>
      <trkpt lat="42.365089" lon="-8.617420">
        <ele>100.282341</ele>
        <time>2026-08-09T18:35:52.975Z</time>
      </trkpt>
      <trkpt lat="42.364772" lon="-8.617747">
        <ele>104.416645</ele>
        <time>2026-08-09T18:36:47.022Z</time>
      </trkpt>
      <trkpt lat="42.364633" lon="-8.617859">
        <ele>106.094615</ele>
        <time>2026-08-09T18:37:08.881Z</time>
      </trkpt>
      <trkpt lat="42.364197" lon="-8.617898">
        <ele>110.570757</ele>
        <time>2026-08-09T18:38:07.002Z</time>
      </trkpt>
      <trkpt lat="42.364393" lon="-8.618122">
        <ele>113.166843</ele>
        <time>2026-08-09T18:38:41.278Z</time>
      </trkpt>
      <trkpt lat="42.364519" lon="-8.618200">
        <ele>114.569006</ele>
        <time>2026-08-09T18:38:59.790Z</time>
      </trkpt>
      <trkpt lat="42.364933" lon="-8.618215">
        <ele>118.760150</ele>
        <time>2026-08-09T18:39:55.601Z</time>
      </trkpt>
      <trkpt lat="42.365206" lon="-8.618311">
        <ele>121.614615</ele>
        <time>2026-08-09T18:40:34.745Z</time>
      </trkpt>
      <trkpt lat="42.365517" lon="-8.618576">
        <ele>125.333708</ele>
        <time>2026-08-09T18:41:25.085Z</time>
      </trkpt>
      <trkpt lat="42.365880" lon="-8.619082">
        <ele>128.401484</ele>
        <time>2026-08-09T18:42:32.036Z</time>
      </trkpt>
      <trkpt lat="42.365980" lon="-8.619185">
        <ele>128.986452</ele>
        <time>2026-08-09T18:42:48.003Z</time>
      </trkpt>
      <trkpt lat="42.366232" lon="-8.619363">
        <ele>130.309657</ele>
        <time>2026-08-09T18:43:23.486Z</time>
      </trkpt>
      <trkpt lat="42.366774" lon="-8.619682">
        <ele>133.060899</ele>
        <time>2026-08-09T18:44:30.802Z</time>
      </trkpt>
      <trkpt lat="42.366596" lon="-8.620195">
        <ele>134.728998</ele>
        <time>2026-08-09T18:45:12.946Z</time>
      </trkpt>
      <trkpt lat="42.367155" lon="-8.620472">
        <ele>130.712067</ele>
        <time>2026-08-09T18:46:16.042Z</time>
      </trkpt>
      <trkpt lat="42.367576" lon="-8.620537">
        <ele>127.852783</ele>
        <time>2026-08-09T18:47:03.936Z</time>
      </trkpt>
      <trkpt lat="42.367658" lon="-8.620576">
        <ele>127.266288</ele>
        <time>2026-08-09T18:47:14.156Z</time>
      </trkpt>
      <trkpt lat="42.367907" lon="-8.620868">
        <ele>125.043121</ele>
        <time>2026-08-09T18:47:53.987Z</time>
      </trkpt>
      <trkpt lat="42.367990" lon="-8.621062">
        <ele>123.925465</ele>
        <time>2026-08-09T18:48:14.323Z</time>
      </trkpt>
      <trkpt lat="42.368109" lon="-8.621649">
        <ele>119.808834</ele>
        <time>2026-08-09T18:49:10.376Z</time>
      </trkpt>
      <trkpt lat="42.368313" lon="-8.622398">
        <ele>113.523357</ele>
        <time>2026-08-09T18:50:24.284Z</time>
      </trkpt>
      <trkpt lat="42.368331" lon="-8.622485">
        <ele>112.811981</ele>
        <time>2026-08-09T18:50:32.605Z</time>
      </trkpt>
      <trkpt lat="42.368291" lon="-8.622625">
        <ele>111.630089</ele>
        <time>2026-08-09T18:50:46.456Z</time>
      </trkpt>
      <trkpt lat="42.368315" lon="-8.622683">
        <ele>111.106660</ele>
        <time>2026-08-09T18:50:52.449Z</time>
      </trkpt>
      <trkpt lat="42.368435" lon="-8.623225">
        <ele>106.651548</ele>
        <time>2026-08-09T18:51:43.167Z</time>
      </trkpt>
      <trkpt lat="42.368518" lon="-8.623611">
        <ele>103.577999</ele>
        <time>2026-08-09T18:52:17.566Z</time>
      </trkpt>
      <trkpt lat="42.368573" lon="-8.623754">
        <ele>103.432978</ele>
        <time>2026-08-09T18:52:30.876Z</time>
      </trkpt>
      <trkpt lat="42.368644" lon="-8.623827">
        <ele>103.324420</ele>
        <time>2026-08-09T18:52:40.674Z</time>
      </trkpt>
      <trkpt lat="42.368842" lon="-8.623929">
        <ele>103.066477</ele>
        <time>2026-08-09T18:53:03.449Z</time>
      </trkpt>
      <trkpt lat="42.368881" lon="-8.623977">
        <ele>103.002297</ele>
        <time>2026-08-09T18:53:08.977Z</time>
      </trkpt>
      <trkpt lat="42.368986" lon="-8.624318">
        <ele>102.669980</ele>
        <time>2026-08-09T18:53:37.144Z</time>
      </trkpt>
      <trkpt lat="42.369272" lon="-8.624787">
        <ele>102.122952</ele>
        <time>2026-08-09T18:54:24.032Z</time>
      </trkpt>
      <trkpt lat="42.369442" lon="-8.625176">
        <ele>101.716400</ele>
        <time>2026-08-09T18:54:59.564Z</time>
      </trkpt>
      <trkpt lat="42.369640" lon="-8.625372">
        <ele>101.417735</ele>
        <time>2026-08-09T18:55:25.330Z</time>
      </trkpt>
      <trkpt lat="42.369793" lon="-8.625465">
        <ele>101.719181</ele>
        <time>2026-08-09T18:55:43.249Z</time>
      </trkpt>
      <trkpt lat="42.370225" lon="-8.625727">
        <ele>102.706303</ele>
        <time>2026-08-09T18:56:33.124Z</time>
      </trkpt>
      <trkpt lat="42.370439" lon="-8.625807">
        <ele>103.169253</ele>
        <time>2026-08-09T18:56:56.161Z</time>
      </trkpt>
      <trkpt lat="42.370545" lon="-8.625903">
        <ele>103.435204</ele>
        <time>2026-08-09T18:57:09.457Z</time>
      </trkpt>
      <trkpt lat="42.370660" lon="-8.626050">
        <ele>103.765041</ele>
        <time>2026-08-09T18:57:26.095Z</time>
      </trkpt>
      <trkpt lat="42.370735" lon="-8.626089">
        <ele>103.932578</ele>
        <time>2026-08-09T18:57:34.744Z</time>
      </trkpt>
      <trkpt lat="42.371122" lon="-8.626023">
        <ele>104.745949</ele>
        <time>2026-08-09T18:58:16.263Z</time>
      </trkpt>
      <trkpt lat="42.371380" lon="-8.625915">
        <ele>105.377408</ele>
        <time>2026-08-09T18:58:46.803Z</time>
      </trkpt>
      <trkpt lat="42.371653" lon="-8.625728">
        <ele>106.290394</ele>
        <time>2026-08-09T18:59:23.044Z</time>
      </trkpt>
      <trkpt lat="42.372141" lon="-8.625298">
        <ele>108.027918</ele>
        <time>2026-08-09T19:00:31.420Z</time>
      </trkpt>
      <trkpt lat="42.372410" lon="-8.625012">
        <ele>109.048605</ele>
        <time>2026-08-09T19:01:09.379Z</time>
      </trkpt>
      <trkpt lat="42.372694" lon="-8.624815">
        <ele>110.000841</ele>
        <time>2026-08-09T19:01:43.335Z</time>
      </trkpt>
      <trkpt lat="42.372823" lon="-8.624796">
        <ele>110.388041</ele>
        <time>2026-08-09T19:01:56.689Z</time>
      </trkpt>
      <trkpt lat="42.372881" lon="-8.624823">
        <ele>110.467276</ele>
        <time>2026-08-09T19:02:02.923Z</time>
      </trkpt>
      <trkpt lat="42.373330" lon="-8.625086">
        <ele>109.093450</ele>
        <time>2026-08-09T19:02:52.801Z</time>
      </trkpt>
      <trkpt lat="42.373482" lon="-8.625217">
        <ele>108.587445</ele>
        <time>2026-08-09T19:03:11.832Z</time>
      </trkpt>
      <trkpt lat="42.373807" lon="-8.625400">
        <ele>107.598999</ele>
        <time>2026-08-09T19:03:49.567Z</time>
      </trkpt>
      <trkpt lat="42.374394" lon="-8.625370">
        <ele>105.949469</ele>
        <time>2026-08-09T19:04:53.565Z</time>
      </trkpt>
      <trkpt lat="42.374826" lon="-8.625764">
        <ele>103.449731</ele>
        <time>2026-08-09T19:05:50.822Z</time>
      </trkpt>
      <trkpt lat="42.375036" lon="-8.625835">
        <ele>102.198834</ele>
        <time>2026-08-09T19:06:15.109Z</time>
      </trkpt>
      <trkpt lat="42.375153" lon="-8.625906">
        <ele>101.457841</ele>
        <time>2026-08-09T19:06:29.721Z</time>
      </trkpt>
      <trkpt lat="42.375611" lon="-8.626378">
        <ele>98.131221</ele>
        <time>2026-08-09T19:07:35.848Z</time>
      </trkpt>
      <trkpt lat="42.376201" lon="-8.626893">
        <ele>94.678207</ele>
        <time>2026-08-09T19:08:53.985Z</time>
      </trkpt>
      <trkpt lat="42.376397" lon="-8.627010">
        <ele>94.189489</ele>
        <time>2026-08-09T19:09:16.917Z</time>
      </trkpt>
      <trkpt lat="42.376542" lon="-8.627033">
        <ele>93.856412</ele>
        <time>2026-08-09T19:09:32.370Z</time>
      </trkpt>
      <trkpt lat="42.377049" lon="-8.626964">
        <ele>92.693873</ele>
        <time>2026-08-09T19:10:24.400Z</time>
      </trkpt>
      <trkpt lat="42.377140" lon="-8.626974">
        <ele>92.485576</ele>
        <time>2026-08-09T19:10:33.561Z</time>
      </trkpt>
      <trkpt lat="42.377294" lon="-8.627045">
        <ele>92.114410</ele>
        <time>2026-08-09T19:10:50.004Z</time>
      </trkpt>
      <trkpt lat="42.377406" lon="-8.627210">
        <ele>91.736752</ele>
        <time>2026-08-09T19:11:06.614Z</time>
      </trkpt>
      <trkpt lat="42.377473" lon="-8.627261">
        <ele>91.561384</ele>
        <time>2026-08-09T19:11:14.371Z</time>
      </trkpt>
      <trkpt lat="42.377913" lon="-8.627242">
        <ele>89.872431</ele>
        <time>2026-08-09T19:11:59.830Z</time>
      </trkpt>
      <trkpt lat="42.378319" lon="-8.627282">
        <ele>87.399223</ele>
        <time>2026-08-09T19:12:44.300Z</time>
      </trkpt>
      <trkpt lat="42.378438" lon="-8.627329">
        <ele>86.646086</ele>
        <time>2026-08-09T19:12:58.068Z</time>
      </trkpt>
      <trkpt lat="42.378702" lon="-8.627524">
        <ele>84.818905</ele>
        <time>2026-08-09T19:13:32.225Z</time>
      </trkpt>
      <trkpt lat="42.378866" lon="-8.627709">
        <ele>83.521914</ele>
        <time>2026-08-09T19:13:57.095Z</time>
      </trkpt>
      <trkpt lat="42.379000" lon="-8.627772">
        <ele>82.660086</ele>
        <time>2026-08-09T19:14:13.874Z</time>
      </trkpt>
      <trkpt lat="42.379340" lon="-8.628755">
        <ele>77.691145</ele>
        <time>2026-08-09T19:15:48.318Z</time>
      </trkpt>
      <trkpt lat="42.379581" lon="-8.629055">
        <ele>75.615841</ele>
        <time>2026-08-09T19:16:26.035Z</time>
      </trkpt>
      <trkpt lat="42.379762" lon="-8.629200">
        <ele>74.282694</ele>
        <time>2026-08-09T19:16:49.651Z</time>
      </trkpt>
      <trkpt lat="42.380661" lon="-8.629563">
        <ele>68.394271</ele>
        <time>2026-08-09T19:18:32.925Z</time>
      </trkpt>
      <trkpt lat="42.380970" lon="-8.629578">
        <ele>66.809712</ele>
        <time>2026-08-09T19:19:06.640Z</time>
      </trkpt>
      <trkpt lat="42.381068" lon="-8.629539">
        <ele>66.286238</ele>
        <time>2026-08-09T19:19:17.748Z</time>
      </trkpt>
      <trkpt lat="42.381325" lon="-8.629516">
        <ele>64.966308</ele>
        <time>2026-08-09T19:19:45.768Z</time>
      </trkpt>
      <trkpt lat="42.381684" lon="-8.629514">
        <ele>63.126515</ele>
        <time>2026-08-09T19:20:24.921Z</time>
      </trkpt>
      <trkpt lat="42.382421" lon="-8.629627">
        <ele>59.281155</ele>
        <time>2026-08-09T19:21:47.464Z</time>
      </trkpt>
      <trkpt lat="42.382678" lon="-8.629633">
        <ele>57.361237</ele>
        <time>2026-08-09T19:22:16.668Z</time>
      </trkpt>
      <trkpt lat="42.382951" lon="-8.629694">
        <ele>55.294506</ele>
        <time>2026-08-09T19:22:48.577Z</time>
      </trkpt>
      <trkpt lat="42.383425" lon="-8.629923">
        <ele>51.535331</ele>
        <time>2026-08-09T19:23:47.085Z</time>
      </trkpt>
      <trkpt lat="42.383593" lon="-8.630037">
        <ele>50.131668</ele>
        <time>2026-08-09T19:24:09.298Z</time>
      </trkpt>
      <trkpt lat="42.384001" lon="-8.630000">
        <ele>47.077328</ele>
        <time>2026-08-09T19:24:57.224Z</time>
      </trkpt>
      <trkpt lat="42.384059" lon="-8.630029">
        <ele>46.615502</ele>
        <time>2026-08-09T19:25:04.312Z</time>
      </trkpt>
      <trkpt lat="42.384621" lon="-8.630612">
        <ele>43.399006</ele>
        <time>2026-08-09T19:26:24.391Z</time>
      </trkpt>
      <trkpt lat="42.385261" lon="-8.630481">
        <ele>40.713707</ele>
        <time>2026-08-09T19:27:34.270Z</time>
      </trkpt>
      <trkpt lat="42.385846" lon="-8.630434">
        <ele>38.464771</ele>
        <time>2026-08-09T19:28:34.595Z</time>
      </trkpt>
      <trkpt lat="42.386054" lon="-8.630380">
        <ele>38.245004</ele>
        <time>2026-08-09T19:28:55.993Z</time>
      </trkpt>
      <trkpt lat="42.386120" lon="-8.630456">
        <ele>38.155096</ele>
        <time>2026-08-09T19:29:04.901Z</time>
      </trkpt>
      <trkpt lat="42.386487" lon="-8.630335">
        <ele>37.763143</ele>
        <time>2026-08-09T19:29:43.160Z</time>
      </trkpt>
      <trkpt lat="42.386920" lon="-8.629978">
        <ele>37.237077</ele>
        <time>2026-08-09T19:30:34.806Z</time>
      </trkpt>
      <trkpt lat="42.387385" lon="-8.629735">
        <ele>36.719866</ele>
        <time>2026-08-09T19:31:25.797Z</time>
      </trkpt>
      <trkpt lat="42.387730" lon="-8.629492">
        <ele>36.179595</ele>
        <time>2026-08-09T19:32:05.871Z</time>
      </trkpt>
      <trkpt lat="42.387835" lon="-8.629459">
        <ele>36.023137</ele>
        <time>2026-08-09T19:32:17.019Z</time>
      </trkpt>
      <trkpt lat="42.388079" lon="-8.629513">
        <ele>35.664275</ele>
        <time>2026-08-09T19:32:42.529Z</time>
      </trkpt>
      <trkpt lat="42.389146" lon="-8.629958">
        <ele>34.044878</ele>
        <time>2026-08-09T19:34:37.855Z</time>
      </trkpt>
      <trkpt lat="42.389328" lon="-8.629992">
        <ele>33.842616</ele>
        <time>2026-08-09T19:34:56.769Z</time>
      </trkpt>
      <trkpt lat="42.389438" lon="-8.630013">
        <ele>33.720319</ele>
        <time>2026-08-09T19:35:08.264Z</time>
      </trkpt>
      <trkpt lat="42.389915" lon="-8.630005">
        <ele>33.195150</ele>
        <time>2026-08-09T19:35:57.204Z</time>
      </trkpt>
      <trkpt lat="42.390364" lon="-8.629902">
        <ele>32.693801</ele>
        <time>2026-08-09T19:36:43.742Z</time>
      </trkpt>
      <trkpt lat="42.390727" lon="-8.629746">
        <ele>32.274527</ele>
        <time>2026-08-09T19:37:22.618Z</time>
      </trkpt>
      <trkpt lat="42.391227" lon="-8.629702">
        <ele>31.923717</ele>
        <time>2026-08-09T19:38:13.603Z</time>
      </trkpt>
      <trkpt lat="42.391633" lon="-8.629753">
        <ele>31.735767</ele>
        <time>2026-08-09T19:38:54.844Z</time>
      </trkpt>
      <trkpt lat="42.391966" lon="-8.629883">
        <ele>31.576018</ele>
        <time>2026-08-09T19:39:29.801Z</time>
      </trkpt>
      <trkpt lat="42.392068" lon="-8.629898">
        <ele>31.528725</ele>
        <time>2026-08-09T19:39:40.123Z</time>
      </trkpt>
      <trkpt lat="42.392199" lon="-8.629881">
        <ele>31.468064</ele>
        <time>2026-08-09T19:39:53.283Z</time>
      </trkpt>
      <trkpt lat="42.392850" lon="-8.629670">
        <ele>31.161232</ele>
        <time>2026-08-09T19:41:00.724Z</time>
      </trkpt>
      <trkpt lat="42.392914" lon="-8.629656">
        <ele>31.131995</ele>
        <time>2026-08-09T19:41:07.259Z</time>
      </trkpt>
      <trkpt lat="42.393432" lon="-8.629542">
        <ele>30.895319</ele>
        <time>2026-08-09T19:42:00.051Z</time>
      </trkpt>
      <trkpt lat="42.394207" lon="-8.629471">
        <ele>30.545007</ele>
        <time>2026-08-09T19:43:18.133Z</time>
      </trkpt>
      <trkpt lat="42.394366" lon="-8.629411">
        <ele>30.470568</ele>
        <time>2026-08-09T19:43:35.187Z</time>
      </trkpt>
      <trkpt lat="42.394600" lon="-8.629263">
        <ele>30.327355</ele>
        <time>2026-08-09T19:44:01.653Z</time>
      </trkpt>
      <trkpt lat="42.394861" lon="-8.629120">
        <ele>30.154505</ele>
        <time>2026-08-09T19:44:30.586Z</time>
      </trkpt>
      <trkpt lat="42.394951" lon="-8.629042">
        <ele>30.088905</ele>
        <time>2026-08-09T19:44:41.468Z</time>
      </trkpt>
      <trkpt lat="42.394973" lon="-8.628974">
        <ele>30.055247</ele>
        <time>2026-08-09T19:44:47.034Z</time>
      </trkpt>
      <trkpt lat="42.395004" lon="-8.628964">
        <ele>30.035683</ele>
        <time>2026-08-09T19:44:50.353Z</time>
      </trkpt>
      <trkpt lat="42.395176" lon="-8.628933">
        <ele>29.929160</ele>
        <time>2026-08-09T19:45:08.000Z</time>
      </trkpt>
      <trkpt lat="42.395280" lon="-8.628908">
        <ele>29.864315</ele>
        <time>2026-08-09T19:45:18.589Z</time>
      </trkpt>
      <trkpt lat="42.395636" lon="-8.628832">
        <ele>29.643065</ele>
        <time>2026-08-09T19:45:55.029Z</time>
      </trkpt>
      <trkpt lat="42.395887" lon="-8.628779">
        <ele>29.487112</ele>
        <time>2026-08-09T19:46:20.853Z</time>
      </trkpt>
      <trkpt lat="42.395977" lon="-8.628783">
        <ele>29.431830</ele>
        <time>2026-08-09T19:46:30.025Z</time>
      </trkpt>
      <trkpt lat="42.396101" lon="-8.628839">
        <ele>29.351584</ele>
        <time>2026-08-09T19:46:43.287Z</time>
      </trkpt>
      <trkpt lat="42.396296" lon="-8.629092">
        <ele>29.310192</ele>
        <time>2026-08-09T19:47:10.499Z</time>
      </trkpt>
      <trkpt lat="42.396746" lon="-8.629672">
        <ele>29.272320</ele>
        <time>2026-08-09T19:48:14.174Z</time>
      </trkpt>
      <trkpt lat="42.396884" lon="-8.629800">
        <ele>29.262123</ele>
        <time>2026-08-09T19:48:31.269Z</time>
      </trkpt>
      <trkpt lat="42.396896" lon="-8.629928">
        <ele>29.256314</ele>
        <time>2026-08-09T19:48:40.909Z</time>
      </trkpt>
      <trkpt lat="42.397025" lon="-8.630390">
        <ele>29.234079</ele>
        <time>2026-08-09T19:49:17.468Z</time>
      </trkpt>
      <trkpt lat="42.397112" lon="-8.630919">
        <ele>29.049920</ele>
        <time>2026-08-09T19:49:58.143Z</time>
      </trkpt>
      <trkpt lat="42.397279" lon="-8.631312">
        <ele>28.317576</ele>
        <time>2026-08-09T19:50:32.622Z</time>
      </trkpt>
      <trkpt lat="42.397370" lon="-8.631562">
        <ele>27.867399</ele>
        <time>2026-08-09T19:50:54.147Z</time>
      </trkpt>
      <trkpt lat="42.397475" lon="-8.631635">
        <ele>27.609252</ele>
        <time>2026-08-09T19:51:06.547Z</time>
      </trkpt>
      <trkpt lat="42.397601" lon="-8.631716">
        <ele>27.304196</ele>
        <time>2026-08-09T19:51:21.264Z</time>
      </trkpt>
      <trkpt lat="42.398009" lon="-8.632280">
        <ele>26.029009</ele>
        <time>2026-08-09T19:52:22.978Z</time>
      </trkpt>
      <trkpt lat="42.398088" lon="-8.632434">
        <ele>25.726153</ele>
        <time>2026-08-09T19:52:37.671Z</time>
      </trkpt>
      <trkpt lat="42.398118" lon="-8.632549">
        <ele>25.529163</ele>
        <time>2026-08-09T19:52:47.199Z</time>
      </trkpt>
      <trkpt lat="42.398105" lon="-8.632836">
        <ele>25.145338</ele>
        <time>2026-08-09T19:53:09.693Z</time>
      </trkpt>
      <trkpt lat="42.398032" lon="-8.633136">
        <ele>24.825819</ele>
        <time>2026-08-09T19:53:34.372Z</time>
      </trkpt>
      <trkpt lat="42.398333" lon="-8.633088">
        <ele>24.410661</ele>
        <time>2026-08-09T19:54:06.139Z</time>
      </trkpt>
      <trkpt lat="42.398697" lon="-8.633145">
        <ele>23.908732</ele>
        <time>2026-08-09T19:54:44.097Z</time>
      </trkpt>
      <trkpt lat="42.398733" lon="-8.633192">
        <ele>23.840233</ele>
        <time>2026-08-09T19:54:49.212Z</time>
      </trkpt>
      <trkpt lat="42.398824" lon="-8.633535">
        <ele>23.471558</ele>
        <time>2026-08-09T19:55:16.428Z</time>
      </trkpt>
      <trkpt lat="42.398952" lon="-8.633626">
        <ele>23.273530</ele>
        <time>2026-08-09T19:55:30.982Z</time>
      </trkpt>
      <trkpt lat="42.399147" lon="-8.633655">
        <ele>23.004813</ele>
        <time>2026-08-09T19:55:50.710Z</time>
      </trkpt>
      <trkpt lat="42.399392" lon="-8.633856">
        <ele>22.880986</ele>
        <time>2026-08-09T19:56:19.535Z</time>
      </trkpt>
      <trkpt lat="42.399662" lon="-8.634361">
        <ele>23.079741</ele>
        <time>2026-08-09T19:57:05.930Z</time>
      </trkpt>
      <trkpt lat="42.399728" lon="-8.634433">
        <ele>23.116328</ele>
        <time>2026-08-09T19:57:14.606Z</time>
      </trkpt>
      <trkpt lat="42.399858" lon="-8.634440">
        <ele>23.172493</ele>
        <time>2026-08-09T19:57:27.835Z</time>
      </trkpt>
      <trkpt lat="42.399904" lon="-8.634409">
        <ele>23.194675</ele>
        <time>2026-08-09T19:57:33.128Z</time>
      </trkpt>
      <trkpt lat="42.399976" lon="-8.634290">
        <ele>23.243718</ele>
        <time>2026-08-09T19:57:44.726Z</time>
      </trkpt>
      <trkpt lat="42.400064" lon="-8.634223">
        <ele>23.287300</ele>
        <time>2026-08-09T19:57:55.101Z</time>
      </trkpt>
      <trkpt lat="42.400259" lon="-8.634221">
        <ele>23.371483</ele>
        <time>2026-08-09T19:58:15.212Z</time>
      </trkpt>
      <trkpt lat="42.400427" lon="-8.634500">
        <ele>23.486246</ele>
        <time>2026-08-09T19:58:42.623Z</time>
      </trkpt>
      <trkpt lat="42.400484" lon="-8.634536">
        <ele>23.513398</ele>
        <time>2026-08-09T19:58:49.059Z</time>
      </trkpt>
      <trkpt lat="42.400566" lon="-8.634546">
        <ele>23.548940</ele>
        <time>2026-08-09T19:58:57.566Z</time>
      </trkpt>
      <trkpt lat="42.400923" lon="-8.634436">
        <ele>23.616565</ele>
        <time>2026-08-09T19:59:35.064Z</time>
      </trkpt>
      <trkpt lat="42.401179" lon="-8.634622">
        <ele>23.642403</ele>
        <time>2026-08-09T20:00:04.798Z</time>
      </trkpt>
      <trkpt lat="42.401256" lon="-8.634632">
        <ele>23.649283</ele>
        <time>2026-08-09T20:00:12.666Z</time>
      </trkpt>
      <trkpt lat="42.401384" lon="-8.634571">
        <ele>23.661352</ele>
        <time>2026-08-09T20:00:26.388Z</time>
      </trkpt>
      <trkpt lat="42.401467" lon="-8.634599">
        <ele>23.668959</ele>
        <time>2026-08-09T20:00:35.052Z</time>
      </trkpt>
      <trkpt lat="42.401844" lon="-8.634929">
        <ele>23.708883</ele>
        <time>2026-08-09T20:01:19.958Z</time>
      </trkpt>
      <trkpt lat="42.401993" lon="-8.634973">
        <ele>23.722447</ele>
        <time>2026-08-09T20:01:35.375Z</time>
      </trkpt>
      <trkpt lat="42.402104" lon="-8.635253">
        <ele>23.743318</ele>
        <time>2026-08-09T20:01:59.071Z</time>
      </trkpt>
      <trkpt lat="42.402173" lon="-8.635314">
        <ele>23.750647</ele>
        <time>2026-08-09T20:02:07.441Z</time>
      </trkpt>
      <trkpt lat="42.402293" lon="-8.635317">
        <ele>23.700552</ele>
        <time>2026-08-09T20:02:19.615Z</time>
      </trkpt>
      <trkpt lat="42.402386" lon="-8.635269">
        <ele>23.644219</ele>
        <time>2026-08-09T20:02:29.726Z</time>
      </trkpt>
      <trkpt lat="42.402602" lon="-8.635317">
        <ele>23.520326</ele>
        <time>2026-08-09T20:02:52.077Z</time>
      </trkpt>
      <trkpt lat="42.402943" lon="-8.635341">
        <ele>23.327057</ele>
        <time>2026-08-09T20:03:26.754Z</time>
      </trkpt>
      <trkpt lat="42.402973" lon="-8.635387">
        <ele>23.301406</ele>
        <time>2026-08-09T20:03:31.333Z</time>
      </trkpt>
      <trkpt lat="42.403004" lon="-8.635683">
        <ele>23.176454</ele>
        <time>2026-08-09T20:03:53.769Z</time>
      </trkpt>
      <trkpt lat="42.403056" lon="-8.635815">
        <ele>23.113924</ele>
        <time>2026-08-09T20:04:04.943Z</time>
      </trkpt>
      <trkpt lat="42.403170" lon="-8.635876">
        <ele>23.044545</ele>
        <time>2026-08-09T20:04:17.351Z</time>
      </trkpt>
      <trkpt lat="42.403251" lon="-8.635839">
        <ele>22.996160</ele>
        <time>2026-08-09T20:04:26.038Z</time>
      </trkpt>
      <trkpt lat="42.403388" lon="-8.635714">
        <ele>22.902660</ele>
        <time>2026-08-09T20:04:42.783Z</time>
      </trkpt>
      <trkpt lat="42.403547" lon="-8.635720">
        <ele>22.812629</ele>
        <time>2026-08-09T20:04:58.791Z</time>
      </trkpt>
      <trkpt lat="42.403794" lon="-8.635357">
        <ele>22.657114</ele>
        <time>2026-08-09T20:05:35.454Z</time>
      </trkpt>
      <trkpt lat="42.403826" lon="-8.635347">
        <ele>22.645862</ele>
        <time>2026-08-09T20:05:38.792Z</time>
      </trkpt>
      <trkpt lat="42.403906" lon="-8.635396">
        <ele>22.615778</ele>
        <time>2026-08-09T20:05:47.673Z</time>
      </trkpt>
      <trkpt lat="42.403933" lon="-8.635660">
        <ele>22.548349</ele>
        <time>2026-08-09T20:06:07.412Z</time>
      </trkpt>
      <trkpt lat="42.403987" lon="-8.635753">
        <ele>22.518416</ele>
        <time>2026-08-09T20:06:16.186Z</time>
      </trkpt>
      <trkpt lat="42.404086" lon="-8.635769">
        <ele>22.484256</ele>
        <time>2026-08-09T20:06:26.195Z</time>
      </trkpt>
      <trkpt lat="42.404188" lon="-8.635707">
        <ele>22.445949</ele>
        <time>2026-08-09T20:06:37.481Z</time>
      </trkpt>
      <trkpt lat="42.404297" lon="-8.635691">
        <ele>22.408383</ele>
        <time>2026-08-09T20:06:48.471Z</time>
      </trkpt>
      <trkpt lat="42.404345" lon="-8.635649">
        <ele>22.388803</ele>
        <time>2026-08-09T20:06:54.244Z</time>
      </trkpt>
      <trkpt lat="42.404348" lon="-8.635506">
        <ele>22.352610</ele>
        <time>2026-08-09T20:07:04.913Z</time>
      </trkpt>
      <trkpt lat="42.404397" lon="-8.635350">
        <ele>22.309720</ele>
        <time>2026-08-09T20:07:17.556Z</time>
      </trkpt>
      <trkpt lat="42.404528" lon="-8.635213">
        <ele>22.253010</ele>
        <time>2026-08-09T20:07:34.268Z</time>
      </trkpt>
      <trkpt lat="42.404614" lon="-8.635238">
        <ele>22.222873</ele>
        <time>2026-08-09T20:07:43.150Z</time>
      </trkpt>
      <trkpt lat="42.404598" lon="-8.635448">
        <ele>22.169461</ele>
        <time>2026-08-09T20:07:58.903Z</time>
      </trkpt>
      <trkpt lat="42.404765" lon="-8.635615">
        <ele>22.105175</ele>
        <time>2026-08-09T20:08:19.906Z</time>
      </trkpt>
      <trkpt lat="42.404818" lon="-8.635770">
        <ele>22.076438</ele>
        <time>2026-08-09T20:08:32.660Z</time>
      </trkpt>
      <trkpt lat="42.404985" lon="-8.636024">
        <ele>22.019222</ele>
        <time>2026-08-09T20:08:58.110Z</time>
      </trkpt>
      <trkpt lat="42.404974" lon="-8.636174">
        <ele>21.993863</ele>
        <time>2026-08-09T20:09:09.383Z</time>
      </trkpt>
      <trkpt lat="42.404953" lon="-8.636206">
        <ele>21.986660</ele>
        <time>2026-08-09T20:09:12.512Z</time>
      </trkpt>
      <trkpt lat="42.404868" lon="-8.636206">
        <ele>21.967294</ele>
        <time>2026-08-09T20:09:21.057Z</time>
      </trkpt>
      <trkpt lat="42.404835" lon="-8.636238">
        <ele>21.958047</ele>
        <time>2026-08-09T20:09:25.237Z</time>
      </trkpt>
      <trkpt lat="42.404809" lon="-8.636320">
        <ele>21.943034</ele>
        <time>2026-08-09T20:09:31.804Z</time>
      </trkpt>
      <trkpt lat="42.404861" lon="-8.636430">
        <ele>21.921060</ele>
        <time>2026-08-09T20:09:41.552Z</time>
      </trkpt>
      <trkpt lat="42.405010" lon="-8.636587">
        <ele>21.878047</ele>
        <time>2026-08-09T20:10:00.535Z</time>
      </trkpt>
      <trkpt lat="42.405207" lon="-8.636604">
        <ele>21.833072</ele>
        <time>2026-08-09T20:10:20.346Z</time>
      </trkpt>
      <trkpt lat="42.405386" lon="-8.636488">
        <ele>21.787861</ele>
        <time>2026-08-09T20:10:40.225Z</time>
      </trkpt>
      <trkpt lat="42.405524" lon="-8.636615">
        <ele>21.749847</ele>
        <time>2026-08-09T20:10:56.979Z</time>
      </trkpt>
      <trkpt lat="42.405754" lon="-8.636562">
        <ele>21.691828</ele>
        <time>2026-08-09T20:11:20.446Z</time>
      </trkpt>
      <trkpt lat="42.405862" lon="-8.636645">
        <ele>21.652316</ele>
        <time>2026-08-09T20:11:32.970Z</time>
      </trkpt>
      <trkpt lat="42.406064" lon="-8.636674">
        <ele>21.587683</ele>
        <time>2026-08-09T20:11:53.503Z</time>
      </trkpt>
      <trkpt lat="42.406181" lon="-8.636582">
        <ele>21.544635</ele>
        <time>2026-08-09T20:12:07.041Z</time>
      </trkpt>
      <trkpt lat="42.406235" lon="-8.636302">
        <ele>21.476644</ele>
        <time>2026-08-09T20:12:28.514Z</time>
      </trkpt>
      <trkpt lat="42.406287" lon="-8.636133">
        <ele>21.433629</ele>
        <time>2026-08-09T20:12:42.089Z</time>
      </trkpt>
      <trkpt lat="42.406318" lon="-8.636095">
        <ele>21.420325</ele>
        <time>2026-08-09T20:12:46.304Z</time>
      </trkpt>
      <trkpt lat="42.406431" lon="-8.636081">
        <ele>21.384220</ele>
        <time>2026-08-09T20:12:57.759Z</time>
      </trkpt>
      <trkpt lat="42.406627" lon="-8.636291">
        <ele>21.304700</ele>
        <time>2026-08-09T20:13:23.119Z</time>
      </trkpt>
      <trkpt lat="42.406708" lon="-8.636421">
        <ele>21.264736</ele>
        <time>2026-08-09T20:13:35.812Z</time>
      </trkpt>
      <trkpt lat="42.406964" lon="-8.636425">
        <ele>21.183275</ele>
        <time>2026-08-09T20:14:01.871Z</time>
      </trkpt>
      <trkpt lat="42.407024" lon="-8.636494">
        <ele>21.158230</ele>
        <time>2026-08-09T20:14:09.920Z</time>
      </trkpt>
      <trkpt lat="42.407078" lon="-8.636652">
        <ele>21.117150</ele>
        <time>2026-08-09T20:14:22.925Z</time>
      </trkpt>
      <trkpt lat="42.407117" lon="-8.636697">
        <ele>21.100699</ele>
        <time>2026-08-09T20:14:28.129Z</time>
      </trkpt>
      <trkpt lat="42.407221" lon="-8.636720">
        <ele>21.066864</ele>
        <time>2026-08-09T20:14:38.796Z</time>
      </trkpt>
      <trkpt lat="42.407364" lon="-8.636644">
        <ele>21.017541</ele>
        <time>2026-08-09T20:14:54.367Z</time>
      </trkpt>
      <trkpt lat="42.407870" lon="-8.636515">
        <ele>20.852220</ele>
        <time>2026-08-09T20:15:46.409Z</time>
      </trkpt>
      <trkpt lat="42.407987" lon="-8.636431">
        <ele>20.809701</ele>
        <time>2026-08-09T20:15:59.683Z</time>
      </trkpt>
      <trkpt lat="42.408022" lon="-8.636373">
        <ele>20.791943</ele>
        <time>2026-08-09T20:16:05.227Z</time>
      </trkpt>
      <trkpt lat="42.408032" lon="-8.636290">
        <ele>20.772006</ele>
        <time>2026-08-09T20:16:11.488Z</time>
      </trkpt>
      <trkpt lat="42.408019" lon="-8.636097">
        <ele>20.726060</ele>
        <time>2026-08-09T20:16:25.771Z</time>
      </trkpt>
      <trkpt lat="42.407845" lon="-8.635841">
        <ele>20.643570</ele>
        <time>2026-08-09T20:16:51.502Z</time>
      </trkpt>
      <trkpt lat="42.407752" lon="-8.635492">
        <ele>20.555770</ele>
        <time>2026-08-09T20:17:18.952Z</time>
      </trkpt>
      <trkpt lat="42.407759" lon="-8.635403">
        <ele>20.535530</ele>
        <time>2026-08-09T20:17:25.606Z</time>
      </trkpt>
      <trkpt lat="42.407850" lon="-8.635300">
        <ele>20.499207</ele>
        <time>2026-08-09T20:17:37.430Z</time>
      </trkpt>
      <trkpt lat="42.408025" lon="-8.635491">
        <ele>20.430371</ele>
        <time>2026-08-09T20:18:00.018Z</time>
      </trkpt>
      <trkpt lat="42.408178" lon="-8.635809">
        <ele>20.344539</ele>
        <time>2026-08-09T20:18:28.144Z</time>
      </trkpt>
      <trkpt lat="42.408265" lon="-8.635900">
        <ele>20.310871</ele>
        <time>2026-08-09T20:18:39.289Z</time>
      </trkpt>
      <trkpt lat="42.408310" lon="-8.636032">
        <ele>20.277993</ele>
        <time>2026-08-09T20:18:50.054Z</time>
      </trkpt>
      <trkpt lat="42.408360" lon="-8.636096">
        <ele>20.256922</ele>
        <time>2026-08-09T20:18:56.991Z</time>
      </trkpt>
      <trkpt lat="42.408434" lon="-8.636052">
        <ele>20.232170</ele>
        <time>2026-08-09T20:19:05.181Z</time>
      </trkpt>
      <trkpt lat="42.408549" lon="-8.635898">
        <ele>20.182639</ele>
        <time>2026-08-09T20:19:21.567Z</time>
      </trkpt>
      <trkpt lat="42.408616" lon="-8.635781">
        <ele>20.149156</ele>
        <time>2026-08-09T20:19:32.617Z</time>
      </trkpt>
      <trkpt lat="42.408654" lon="-8.635658">
        <ele>20.119004</ele>
        <time>2026-08-09T20:19:42.599Z</time>
      </trkpt>
      <trkpt lat="42.408781" lon="-8.635552">
        <ele>20.073314</ele>
        <time>2026-08-09T20:19:57.769Z</time>
      </trkpt>
      <trkpt lat="42.408903" lon="-8.635662">
        <ele>20.028426</ele>
        <time>2026-08-09T20:20:12.574Z</time>
      </trkpt>
      <trkpt lat="42.409351" lon="-8.635749">
        <ele>19.941984</ele>
        <time>2026-08-09T20:20:58.180Z</time>
      </trkpt>
      <trkpt lat="42.409538" lon="-8.635740">
        <ele>19.909916</ele>
        <time>2026-08-09T20:21:17.058Z</time>
      </trkpt>
      <trkpt lat="42.409615" lon="-8.635770">
        <ele>19.896185</ele>
        <time>2026-08-09T20:21:25.071Z</time>
      </trkpt>
      <trkpt lat="42.409818" lon="-8.635888">
        <ele>19.858327</ele>
        <time>2026-08-09T20:21:47.215Z</time>
      </trkpt>
      <trkpt lat="42.410098" lon="-8.636109">
        <ele>19.802788</ele>
        <time>2026-08-09T20:22:19.744Z</time>
      </trkpt>
      <trkpt lat="42.410227" lon="-8.636116">
        <ele>19.780662</ele>
        <time>2026-08-09T20:22:32.609Z</time>
      </trkpt>
      <trkpt lat="42.410250" lon="-8.636090">
        <ele>19.775528</ele>
        <time>2026-08-09T20:22:35.637Z</time>
      </trkpt>
      <trkpt lat="42.410278" lon="-8.635887">
        <ele>19.749397</ele>
        <time>2026-08-09T20:22:50.947Z</time>
      </trkpt>
      <trkpt lat="42.410389" lon="-8.635873">
        <ele>19.730292</ele>
        <time>2026-08-09T20:23:02.053Z</time>
      </trkpt>
      <trkpt lat="42.410450" lon="-8.635931">
        <ele>19.717519</ele>
        <time>2026-08-09T20:23:09.516Z</time>
      </trkpt>
      <trkpt lat="42.410438" lon="-8.636249">
        <ele>19.675553</ele>
        <time>2026-08-09T20:23:33.029Z</time>
      </trkpt>
      <trkpt lat="42.410468" lon="-8.636439">
        <ele>19.649160</ele>
        <time>2026-08-09T20:23:47.412Z</time>
      </trkpt>
      <trkpt lat="42.410511" lon="-8.636501">
        <ele>19.637605</ele>
        <time>2026-08-09T20:23:53.731Z</time>
      </trkpt>
      <trkpt lat="42.410710" lon="-8.636589">
        <ele>19.599090</ele>
        <time>2026-08-09T20:24:14.620Z</time>
      </trkpt>
      <trkpt lat="42.411048" lon="-8.636648">
        <ele>19.536389</ele>
        <time>2026-08-09T20:24:48.856Z</time>
      </trkpt>
      <trkpt lat="42.411205" lon="-8.636665">
        <ele>19.507412</ele>
        <time>2026-08-09T20:25:04.669Z</time>
      </trkpt>
      <trkpt lat="42.411286" lon="-8.636626">
        <ele>19.491595</ele>
        <time>2026-08-09T20:25:13.408Z</time>
      </trkpt>
      <trkpt lat="42.411358" lon="-8.636665">
        <ele>19.477328</ele>
        <time>2026-08-09T20:25:21.218Z</time>
      </trkpt>
      <trkpt lat="42.411506" lon="-8.636853">
        <ele>19.439997</ele>
        <time>2026-08-09T20:25:41.642Z</time>
      </trkpt>
      <trkpt lat="42.411607" lon="-8.636875">
        <ele>19.421176</ele>
        <time>2026-08-09T20:25:52.086Z</time>
      </trkpt>
      <trkpt lat="42.411822" lon="-8.636827">
        <ele>19.381086</ele>
        <time>2026-08-09T20:26:14.237Z</time>
      </trkpt>
      <trkpt lat="42.412090" lon="-8.636330">
        <ele>19.043516</ele>
        <time>2026-08-09T20:27:00.430Z</time>
      </trkpt>
      <trkpt lat="42.412109" lon="-8.636292">
        <ele>19.015173</ele>
        <time>2026-08-09T20:27:03.837Z</time>
      </trkpt>
      <trkpt lat="42.412175" lon="-8.636307">
        <ele>18.959194</ele>
        <time>2026-08-09T20:27:10.664Z</time>
      </trkpt>
      <trkpt lat="42.412334" lon="-8.636564">
        <ele>18.752120</ele>
        <time>2026-08-09T20:27:35.881Z</time>
      </trkpt>
      <trkpt lat="42.412421" lon="-8.636598">
        <ele>18.676378</ele>
        <time>2026-08-09T20:27:45.115Z</time>
      </trkpt>
      <trkpt lat="42.412609" lon="-8.636505">
        <ele>18.508962</ele>
        <time>2026-08-09T20:28:05.439Z</time>
      </trkpt>
      <trkpt lat="42.412752" lon="-8.636351">
        <ele>18.356145</ele>
        <time>2026-08-09T20:28:24.054Z</time>
      </trkpt>
      <trkpt lat="42.412861" lon="-8.636170">
        <ele>18.211896</ele>
        <time>2026-08-09T20:28:41.688Z</time>
      </trkpt>
      <trkpt lat="42.413139" lon="-8.635204">
        <ele>17.614646</ele>
        <time>2026-08-09T20:29:59.850Z</time>
      </trkpt>
      <trkpt lat="42.413251" lon="-8.635104">
        <ele>17.518922</ele>
        <time>2026-08-09T20:30:13.548Z</time>
      </trkpt>
      <trkpt lat="42.413438" lon="-8.635091">
        <ele>17.385305</ele>
        <time>2026-08-09T20:30:32.557Z</time>
      </trkpt>
      <trkpt lat="42.413728" lon="-8.635001">
        <ele>17.173002</ele>
        <time>2026-08-09T20:31:02.792Z</time>
      </trkpt>
      <trkpt lat="42.413819" lon="-8.634948">
        <ele>17.102317</ele>
        <time>2026-08-09T20:31:12.930Z</time>
      </trkpt>
      <trkpt lat="42.413963" lon="-8.634804">
        <ele>16.974589</ele>
        <time>2026-08-09T20:31:31.052Z</time>
      </trkpt>
      <trkpt lat="42.414026" lon="-8.634783">
        <ele>16.928292</ele>
        <time>2026-08-09T20:31:37.709Z</time>
      </trkpt>
      <trkpt lat="42.414230" lon="-8.634836">
        <ele>16.780066</ele>
        <time>2026-08-09T20:31:58.747Z</time>
      </trkpt>
      <trkpt lat="42.414453" lon="-8.635104">
        <ele>16.583188</ele>
        <time>2026-08-09T20:32:28.932Z</time>
      </trkpt>
      <trkpt lat="42.414697" lon="-8.635299">
        <ele>16.613923</ele>
        <time>2026-08-09T20:32:57.497Z</time>
      </trkpt>
      <trkpt lat="42.415222" lon="-8.635527">
        <ele>16.673734</ele>
        <time>2026-08-09T20:33:52.703Z</time>
      </trkpt>
      <trkpt lat="42.415368" lon="-8.635550">
        <ele>16.689680</ele>
        <time>2026-08-09T20:34:07.489Z</time>
      </trkpt>
      <trkpt lat="42.415491" lon="-8.635507">
        <ele>16.703461</ele>
        <time>2026-08-09T20:34:20.416Z</time>
      </trkpt>
      <trkpt lat="42.415564" lon="-8.635401">
        <ele>16.715072</ele>
        <time>2026-08-09T20:34:31.249Z</time>
      </trkpt>
      <trkpt lat="42.415684" lon="-8.635207">
        <ele>16.735342</ele>
        <time>2026-08-09T20:34:50.315Z</time>
      </trkpt>
      <trkpt lat="42.415923" lon="-8.635124">
        <ele>16.762109</ele>
        <time>2026-08-09T20:35:15.463Z</time>
      </trkpt>
      <trkpt lat="42.416094" lon="-8.635180">
        <ele>16.793775</ele>
        <time>2026-08-09T20:35:33.361Z</time>
      </trkpt>
      <trkpt lat="42.416194" lon="-8.635314">
        <ele>16.847652</ele>
        <time>2026-08-09T20:35:47.658Z</time>
      </trkpt>
      <trkpt lat="42.416248" lon="-8.635349">
        <ele>16.870581</ele>
        <time>2026-08-09T20:35:53.760Z</time>
      </trkpt>
      <trkpt lat="42.416403" lon="-8.635160">
        <ele>16.950461</ele>
        <time>2026-08-09T20:36:14.926Z</time>
      </trkpt>
      <trkpt lat="42.416463" lon="-8.634987">
        <ele>17.004510</ele>
        <time>2026-08-09T20:36:29.234Z</time>
      </trkpt>
      <trkpt lat="42.416503" lon="-8.634972">
        <ele>17.020407</ele>
        <time>2026-08-09T20:36:33.417Z</time>
      </trkpt>
      <trkpt lat="42.416529" lon="-8.634966">
        <ele>17.030509</ele>
        <time>2026-08-09T20:36:36.042Z</time>
      </trkpt>
      <trkpt lat="42.416838" lon="-8.635016">
        <ele>17.149704</ele>
        <time>2026-08-09T20:37:07.675Z</time>
      </trkpt>
      <trkpt lat="42.416952" lon="-8.635006">
        <ele>17.193460</ele>
        <time>2026-08-09T20:37:19.231Z</time>
      </trkpt>
      <trkpt lat="42.417011" lon="-8.634963">
        <ele>17.219121</ele>
        <time>2026-08-09T20:37:25.987Z</time>
      </trkpt>
      <trkpt lat="42.417049" lon="-8.634754">
        <ele>17.279986</ele>
        <time>2026-08-09T20:37:42.190Z</time>
      </trkpt>
      <trkpt lat="42.417088" lon="-8.634720">
        <ele>17.297750</ele>
        <time>2026-08-09T20:37:46.861Z</time>
      </trkpt>
      <trkpt lat="42.417214" lon="-8.634715">
        <ele>17.346031</ele>
        <time>2026-08-09T20:37:59.759Z</time>
      </trkpt>
      <trkpt lat="42.417328" lon="-8.634766">
        <ele>17.392015</ele>
        <time>2026-08-09T20:38:11.971Z</time>
      </trkpt>
      <trkpt lat="42.417408" lon="-8.634839">
        <ele>17.428961</ele>
        <time>2026-08-09T20:38:21.721Z</time>
      </trkpt>
      <trkpt lat="42.417513" lon="-8.635074">
        <ele>17.463678</ele>
        <time>2026-08-09T20:38:42.299Z</time>
      </trkpt>
      <trkpt lat="42.417539" lon="-8.635198">
        <ele>17.462392</ele>
        <time>2026-08-09T20:38:51.925Z</time>
      </trkpt>
      <trkpt lat="42.417594" lon="-8.635307">
        <ele>17.461075</ele>
        <time>2026-08-09T20:39:01.756Z</time>
      </trkpt>
      <trkpt lat="42.417643" lon="-8.635603">
        <ele>17.458048</ele>
        <time>2026-08-09T20:39:24.262Z</time>
      </trkpt>
      <trkpt lat="42.417812" lon="-8.635845">
        <ele>17.454724</ele>
        <time>2026-08-09T20:39:48.963Z</time>
      </trkpt>
      <trkpt lat="42.417926" lon="-8.636235">
        <ele>17.450539</ele>
        <time>2026-08-09T20:40:19.992Z</time>
      </trkpt>
      <trkpt lat="42.417956" lon="-8.636276">
        <ele>17.449963</ele>
        <time>2026-08-09T20:40:24.327Z</time>
      </trkpt>
      <trkpt lat="42.418109" lon="-8.636340">
        <ele>17.447799</ele>
        <time>2026-08-09T20:40:40.329Z</time>
      </trkpt>
      <trkpt lat="42.418364" lon="-8.636369">
        <ele>17.444340</ele>
        <time>2026-08-09T20:41:06.138Z</time>
      </trkpt>
      <trkpt lat="42.418677" lon="-8.636224">
        <ele>17.481681</ele>
        <time>2026-08-09T20:41:39.473Z</time>
      </trkpt>
      <trkpt lat="42.418758" lon="-8.636281">
        <ele>17.533980</ele>
        <time>2026-08-09T20:41:48.719Z</time>
      </trkpt>
      <trkpt lat="42.419000" lon="-8.636294">
        <ele>17.672747</ele>
        <time>2026-08-09T20:42:13.016Z</time>
      </trkpt>
      <trkpt lat="42.419103" lon="-8.636333">
        <ele>17.734024</ele>
        <time>2026-08-09T20:42:23.827Z</time>
      </trkpt>
      <trkpt lat="42.419217" lon="-8.636434">
        <ele>17.812072</ele>
        <time>2026-08-09T20:42:37.578Z</time>
      </trkpt>
      <trkpt lat="42.419358" lon="-8.636507">
        <ele>17.898560</ele>
        <time>2026-08-09T20:42:52.950Z</time>
      </trkpt>
      <trkpt lat="42.419565" lon="-8.636568">
        <ele>18.019937</ele>
        <time>2026-08-09T20:43:14.622Z</time>
      </trkpt>
      <trkpt lat="42.419770" lon="-8.636620">
        <ele>18.139437</ele>
        <time>2026-08-09T20:43:36.224Z</time>
      </trkpt>
      <trkpt lat="42.419939" lon="-8.636617">
        <ele>18.236276</ele>
        <time>2026-08-09T20:43:53.875Z</time>
      </trkpt>
      <trkpt lat="42.419936" lon="-8.636554">
        <ele>18.262979</ele>
        <time>2026-08-09T20:43:58.756Z</time>
      </trkpt>
      <trkpt lat="42.419933" lon="-8.636491">
        <ele>18.289682</ele>
        <time>2026-08-09T20:44:03.635Z</time>
      </trkpt>
      <trkpt lat="42.420178" lon="-8.636479">
        <ele>18.430150</ele>
        <time>2026-08-09T20:44:29.234Z</time>
      </trkpt>
      <trkpt lat="42.420214" lon="-8.636476">
        <ele>18.450815</ele>
        <time>2026-08-09T20:44:32.917Z</time>
      </trkpt>
      <trkpt lat="42.420260" lon="-8.636473">
        <ele>18.481242</ele>
        <time>2026-08-09T20:44:37.809Z</time>
      </trkpt>
      <trkpt lat="42.420337" lon="-8.636470">
        <ele>18.556066</ele>
        <time>2026-08-09T20:44:45.776Z</time>
      </trkpt>
      <trkpt lat="42.421322" lon="-8.636413">
        <ele>19.513706</ele>
        <time>2026-08-09T20:46:28.454Z</time>
      </trkpt>
      <trkpt lat="42.421324" lon="-8.636475">
        <ele>19.558205</ele>
        <time>2026-08-09T20:46:33.165Z</time>
      </trkpt>
      <trkpt lat="42.421328" lon="-8.636535">
        <ele>19.601403</ele>
        <time>2026-08-09T20:46:37.723Z</time>
      </trkpt>
      <trkpt lat="42.421483" lon="-8.636535">
        <ele>19.751960</ele>
        <time>2026-08-09T20:46:53.732Z</time>
      </trkpt>
      <trkpt lat="42.421557" lon="-8.636539">
        <ele>19.823897</ele>
        <time>2026-08-09T20:47:01.560Z</time>
      </trkpt>
      <trkpt lat="42.421598" lon="-8.636559">
        <ele>19.866225</ele>
        <time>2026-08-09T20:47:06.064Z</time>
      </trkpt>
      <trkpt lat="42.421664" lon="-8.636679">
        <ele>19.973526</ele>
        <time>2026-08-09T20:47:17.464Z</time>
      </trkpt>
      <trkpt lat="42.421694" lon="-8.636861">
        <ele>20.107242</ele>
        <time>2026-08-09T20:47:31.642Z</time>
      </trkpt>
      <trkpt lat="42.421730" lon="-8.636856">
        <ele>20.142393</ele>
        <time>2026-08-09T20:47:35.399Z</time>
      </trkpt>
      <trkpt lat="42.421773" lon="-8.636850">
        <ele>20.184382</ele>
        <time>2026-08-09T20:47:39.774Z</time>
      </trkpt>
      <trkpt lat="42.421824" lon="-8.636772">
        <ele>20.211400</ele>
        <time>2026-08-09T20:47:47.615Z</time>
      </trkpt>
      <trkpt lat="42.422030" lon="-8.636750">
        <ele>20.176409</ele>
        <time>2026-08-09T20:48:08.723Z</time>
      </trkpt>
      <trkpt lat="42.422090" lon="-8.636742">
        <ele>20.166199</ele>
        <time>2026-08-09T20:48:14.793Z</time>
      </trkpt>
      <trkpt lat="42.422234" lon="-8.636786">
        <ele>20.141202</ele>
        <time>2026-08-09T20:48:29.769Z</time>
      </trkpt>
      <trkpt lat="42.422464" lon="-8.636856">
        <ele>20.101284</ele>
        <time>2026-08-09T20:48:53.660Z</time>
      </trkpt>
      <trkpt lat="42.423383" lon="-8.637009">
        <ele>19.944493</ele>
        <time>2026-08-09T20:50:26.487Z</time>
      </trkpt>
      <trkpt lat="42.423895" lon="-8.637074">
        <ele>19.735933</ele>
        <time>2026-08-09T20:51:19.904Z</time>
      </trkpt>
      <trkpt lat="42.424352" lon="-8.637059">
        <ele>19.492062</ele>
        <time>2026-08-09T20:52:07.631Z</time>
      </trkpt>
      <trkpt lat="42.424743" lon="-8.637201">
        <ele>19.276106</ele>
        <time>2026-08-09T20:52:48.727Z</time>
      </trkpt>
      <trkpt lat="42.425140" lon="-8.637471">
        <ele>19.039125</ele>
        <time>2026-08-09T20:53:33.787Z</time>
      </trkpt>
      <trkpt lat="42.425640" lon="-8.637820">
        <ele>19.660452</ele>
        <time>2026-08-09T20:54:32.984Z</time>
      </trkpt>
      <trkpt lat="42.426032" lon="-8.638147">
        <ele>20.465849</ele>
        <time>2026-08-09T20:55:22.737Z</time>
      </trkpt>
      <trkpt lat="42.426423" lon="-8.638658">
        <ele>21.416330</ele>
        <time>2026-08-09T20:56:20.889Z</time>
      </trkpt>
      <trkpt lat="42.426734" lon="-8.639049">
        <ele>22.192691</ele>
        <time>2026-08-09T20:57:05.550Z</time>
      </trkpt>
      <trkpt lat="42.426929" lon="-8.639263">
        <ele>22.891833</ele>
        <time>2026-08-09T20:57:32.487Z</time>
      </trkpt>
      <trkpt lat="42.426997" lon="-8.639310">
        <ele>23.104509</ele>
        <time>2026-08-09T20:57:40.812Z</time>
      </trkpt>
      <trkpt lat="42.427039" lon="-8.639307">
        <ele>23.221681</ele>
        <time>2026-08-09T20:57:45.228Z</time>
      </trkpt>
      <trkpt lat="42.427071" lon="-8.639362">
        <ele>23.365695</ele>
        <time>2026-08-09T20:57:50.933Z</time>
      </trkpt>
      <trkpt lat="42.427111" lon="-8.639476">
        <ele>23.625265</ele>
        <time>2026-08-09T20:58:01.029Z</time>
      </trkpt>
      <trkpt lat="42.427146" lon="-8.639473">
        <ele>23.722969</ele>
        <time>2026-08-09T20:58:04.852Z</time>
      </trkpt>
      <trkpt lat="42.427202" lon="-8.639467">
        <ele>23.879469</ele>
        <time>2026-08-09T20:58:10.955Z</time>
      </trkpt>
      <trkpt lat="42.427218" lon="-8.639465">
        <ele>23.924234</ele>
        <time>2026-08-09T20:58:12.763Z</time>
      </trkpt>
      <trkpt lat="42.427234" lon="-8.639464">
        <ele>23.968857</ele>
        <time>2026-08-09T20:58:14.417Z</time>
      </trkpt>
      <trkpt lat="42.427253" lon="-8.639462">
        <ele>24.021949</ele>
        <time>2026-08-09T20:58:16.430Z</time>
      </trkpt>
      <trkpt lat="42.427306" lon="-8.639650">
        <ele>24.435792</ele>
        <time>2026-08-09T20:58:32.542Z</time>
      </trkpt>
      <trkpt lat="42.427444" lon="-8.639891">
        <ele>25.063027</ele>
        <time>2026-08-09T20:58:57.173Z</time>
      </trkpt>
      <trkpt lat="42.427475" lon="-8.639935">
        <ele>25.188110</ele>
        <time>2026-08-09T20:59:02.207Z</time>
      </trkpt>
      <trkpt lat="42.427868" lon="-8.640477">
        <ele>26.750487</ele>
        <time>2026-08-09T21:00:05.484Z</time>
      </trkpt>
      <trkpt lat="42.428158" lon="-8.640905">
        <ele>27.458542</ele>
        <time>2026-08-09T21:00:55.130Z</time>
      </trkpt>
      <trkpt lat="42.428620" lon="-8.641657">
        <ele>28.295242</ele>
        <time>2026-08-09T21:02:12.114Z</time>
      </trkpt>
      <trkpt lat="42.428838" lon="-8.641985">
        <ele>28.672692</ele>
        <time>2026-08-09T21:02:44.959Z</time>
      </trkpt>
      <trkpt lat="42.428639" lon="-8.642311">
        <ele>29.034461</ele>
        <time>2026-08-09T21:03:16.897Z</time>
      </trkpt>
      <trkpt lat="42.429240" lon="-8.642828">
        <ele>28.065636</ele>
        <time>2026-08-09T21:04:30.621Z</time>
      </trkpt>
      <trkpt lat="42.429271" lon="-8.642817">
        <ele>28.002373</ele>
        <time>2026-08-09T21:04:34.014Z</time>
      </trkpt>
      <trkpt lat="42.429334" lon="-8.642878">
        <ele>27.849504</ele>
        <time>2026-08-09T21:04:42.102Z</time>
      </trkpt>
      <trkpt lat="42.429417" lon="-8.642896">
        <ele>27.683564</ele>
        <time>2026-08-09T21:04:51.005Z</time>
      </trkpt>
      <trkpt lat="42.429449" lon="-8.643003">
        <ele>27.515339</ele>
        <time>2026-08-09T21:04:59.895Z</time>
      </trkpt>
      <trkpt lat="42.429537" lon="-8.643121">
        <ele>27.270912</ele>
        <time>2026-08-09T21:05:12.908Z</time>
      </trkpt>
      <trkpt lat="42.429903" lon="-8.643500">
        <ele>26.361493</ele>
        <time>2026-08-09T21:06:01.062Z</time>
      </trkpt>
      <trkpt lat="42.430215" lon="-8.643755">
        <ele>25.641302</ele>
        <time>2026-08-09T21:06:39.816Z</time>
      </trkpt>
      <trkpt lat="42.430564" lon="-8.643962">
        <ele>24.672177</ele>
        <time>2026-08-09T21:07:19.460Z</time>
      </trkpt>
      <trkpt lat="42.430605" lon="-8.643992">
        <ele>24.553644</ele>
        <time>2026-08-09T21:07:24.291Z</time>
      </trkpt>
      <trkpt lat="42.430743" lon="-8.644162">
        <ele>24.079188</ele>
        <time>2026-08-09T21:07:43.303Z</time>
      </trkpt>
      <trkpt lat="42.430833" lon="-8.644261">
        <ele>23.784291</ele>
        <time>2026-08-09T21:07:55.134Z</time>
      </trkpt>
      <trkpt lat="42.430878" lon="-8.644251">
        <ele>23.668292</ele>
        <time>2026-08-09T21:07:59.891Z</time>
      </trkpt>
      <trkpt lat="42.431007" lon="-8.644224">
        <ele>23.336251</ele>
        <time>2026-08-09T21:08:13.288Z</time>
      </trkpt>
      <trkpt lat="42.431041" lon="-8.644216">
        <ele>23.248468</ele>
        <time>2026-08-09T21:08:16.930Z</time>
      </trkpt>
      <trkpt lat="42.431316" lon="-8.644608">
        <ele>22.233066</ele>
        <time>2026-08-09T21:08:59.226Z</time>
      </trkpt>
      <trkpt lat="42.431323" lon="-8.644618">
        <ele>22.207190</ele>
        <time>2026-08-09T21:09:00.321Z</time>
      </trkpt>
      <trkpt lat="42.431463" lon="-8.644816">
        <ele>21.692382</ele>
        <time>2026-08-09T21:09:22.143Z</time>
      </trkpt>
      <trkpt lat="42.431575" lon="-8.644960">
        <ele>21.299615</ele>
        <time>2026-08-09T21:09:38.899Z</time>
      </trkpt>
      <trkpt lat="42.431656" lon="-8.645061">
        <ele>20.984388</ele>
        <time>2026-08-09T21:09:50.754Z</time>
      </trkpt>
      <trkpt lat="42.431811" lon="-8.644976">
        <ele>20.260761</ele>
        <time>2026-08-09T21:10:08.888Z</time>
      </trkpt>
      <trkpt lat="42.432261" lon="-8.645153">
        <ele>18.232976</ele>
        <time>2026-08-09T21:10:58.994Z</time>
      </trkpt>
      <trkpt lat="42.432312" lon="-8.645140">
        <ele>18.008401</ele>
        <time>2026-08-09T21:11:04.556Z</time>
      </trkpt>
      <trkpt lat="42.432338" lon="-8.645134">
        <ele>17.894265</ele>
        <time>2026-08-09T21:11:07.343Z</time>
      </trkpt>
      <trkpt lat="42.432705" lon="-8.645165">
        <ele>16.302983</ele>
        <time>2026-08-09T21:11:47.345Z</time>
      </trkpt>
      <trkpt lat="42.432742" lon="-8.645167">
        <ele>16.142738</ele>
        <time>2026-08-09T21:11:51.465Z</time>
      </trkpt>
      <trkpt lat="42.432895" lon="-8.645176">
        <ele>15.480004</ele>
        <time>2026-08-09T21:12:08.411Z</time>
      </trkpt>
      <trkpt lat="42.432908" lon="-8.645177">
        <ele>15.423656</ele>
        <time>2026-08-09T21:12:09.952Z</time>
      </trkpt>
      <trkpt lat="42.433046" lon="-8.645184">
        <ele>14.826040</ele>
        <time>2026-08-09T21:12:25.241Z</time>
      </trkpt>
      <trkpt lat="42.433101" lon="-8.645185">
        <ele>14.588005</ele>
        <time>2026-08-09T21:12:31.311Z</time>
      </trkpt>
      <trkpt lat="42.433168" lon="-8.645187">
        <ele>14.297991</ele>
        <time>2026-08-09T21:12:38.726Z</time>
      </trkpt>
      <trkpt lat="42.433377" lon="-8.645158">
        <ele>13.388810</ele>
        <time>2026-08-09T21:13:01.977Z</time>
      </trkpt>
      <trkpt lat="42.433439" lon="-8.645148">
        <ele>13.101932</ele>
        <time>2026-08-09T21:13:08.770Z</time>
      </trkpt>
      <trkpt lat="42.433861" lon="-8.645056">
        <ele>11.068084</ele>
        <time>2026-08-09T21:13:56.020Z</time>
      </trkpt>
      <trkpt lat="42.434137" lon="-8.644833">
        <ele>9.539000</ele>
        <time>2026-08-09T21:14:31.290Z</time>
      </trkpt>
      <trkpt lat="42.434188" lon="-8.644783">
        <ele>9.239459</ele>
        <time>2026-08-09T21:14:38.295Z</time>
      </trkpt>
      <trkpt lat="42.434396" lon="-8.644521">
        <ele>7.888092</ele>
        <time>2026-08-09T21:15:09.738Z</time>
      </trkpt>
      <trkpt lat="42.434552" lon="-8.644510">
        <ele>7.144786</ele>
        <time>2026-08-09T21:15:26.981Z</time>
      </trkpt>
      <trkpt lat="42.434665" lon="-8.644538">
        <ele>6.598176</ele>
        <time>2026-08-09T21:15:39.732Z</time>
      </trkpt>
      <trkpt lat="42.434736" lon="-8.644505">
        <ele>6.241009</ele>
        <time>2026-08-09T21:15:47.991Z</time>
      </trkpt>
      <trkpt lat="42.434860" lon="-8.644535">
        <ele>5.641643</ele>
        <time>2026-08-09T21:16:01.789Z</time>
      </trkpt>
      <trkpt lat="42.434959" lon="-8.644651">
        <ele>5.018852</ele>
        <time>2026-08-09T21:16:16.186Z</time>
      </trkpt>
      <trkpt lat="42.434982" lon="-8.644694">
        <ele>4.832354</ele>
        <time>2026-08-09T21:16:20.390Z</time>
      </trkpt>
      <trkpt lat="42.435015" lon="-8.644664">
        <ele>4.716365</ele>
        <time>2026-08-09T21:16:24.731Z</time>
      </trkpt>
      <trkpt lat="42.435068" lon="-8.644607">
        <ele>4.673560</ele>
        <time>2026-08-09T21:16:32.171Z</time>
      </trkpt>
      <trkpt lat="42.435096" lon="-8.644577">
        <ele>4.650978</ele>
        <time>2026-08-09T21:16:36.021Z</time>
      </trkpt>
      <trkpt lat="42.435110" lon="-8.644563">
        <ele>4.639971</ele>
        <time>2026-08-09T21:16:37.962Z</time>
      </trkpt>
      <trkpt lat="42.435128" lon="-8.644544">
        <ele>4.625537</ele>
        <time>2026-08-09T21:16:40.420Z</time>
      </trkpt>
      <trkpt lat="42.435260" lon="-8.644410">
        <ele>4.521198</ele>
        <time>2026-08-09T21:16:58.230Z</time>
      </trkpt>
      <trkpt lat="42.436129" lon="-8.643556">
        <ele>3.842103</ele>
        <time>2026-08-09T21:18:46.738Z</time>
      </trkpt>
      <trkpt lat="42.436155" lon="-8.643533">
        <ele>3.822460</ele>
        <time>2026-08-09T21:18:50.006Z</time>
      </trkpt>
      <trkpt lat="42.436174" lon="-8.643515">
        <ele>3.807795</ele>
        <time>2026-08-09T21:18:52.492Z</time>
      </trkpt>
      <trkpt lat="42.436434" lon="-8.643254">
        <ele>3.603099</ele>
        <time>2026-08-09T21:19:27.164Z</time>
      </trkpt>
      <trkpt lat="42.436445" lon="-8.643189">
        <ele>3.670391</ele>
        <time>2026-08-09T21:19:32.459Z</time>
      </trkpt>
      <trkpt lat="42.436460" lon="-8.643185">
        <ele>3.714204</ele>
        <time>2026-08-09T21:19:34.069Z</time>
      </trkpt>
      <trkpt lat="42.436492" lon="-8.643175">
        <ele>3.808322</ele>
        <time>2026-08-09T21:19:37.679Z</time>
      </trkpt>
      <trkpt lat="42.436543" lon="-8.643159">
        <ele>3.958352</ele>
        <time>2026-08-09T21:19:43.507Z</time>
      </trkpt>
      <trkpt lat="42.436554" lon="-8.643239">
        <ele>4.130474</ele>
        <time>2026-08-09T21:19:50.085Z</time>
      </trkpt>
      <trkpt lat="42.436576" lon="-8.643259">
        <ele>4.206401</ele>
        <time>2026-08-09T21:19:53.025Z</time>
      </trkpt>
      <trkpt lat="42.436642" lon="-8.643241">
        <ele>4.399346</ele>
        <time>2026-08-09T21:20:00.517Z</time>
      </trkpt>
      <trkpt lat="42.436649" lon="-8.643276">
        <ele>4.476046</ele>
        <time>2026-08-09T21:20:03.417Z</time>
      </trkpt>
      <trkpt lat="42.436991" lon="-8.643170">
        <ele>5.481513</ele>
        <time>2026-08-09T21:20:42.745Z</time>
      </trkpt>
      <trkpt lat="42.437029" lon="-8.643303">
        <ele>5.783169</ele>
        <time>2026-08-09T21:20:54.696Z</time>
      </trkpt>
      <trkpt lat="42.437084" lon="-8.643349">
        <ele>5.968405</ele>
        <time>2026-08-09T21:21:02.009Z</time>
      </trkpt>
      <trkpt lat="42.437565" lon="-8.643310">
        <ele>7.349387</ele>
        <time>2026-08-09T21:21:55.794Z</time>
      </trkpt>
      <trkpt lat="42.437979" lon="-8.643262">
        <ele>8.540222</ele>
        <time>2026-08-09T21:22:41.363Z</time>
      </trkpt>
      <trkpt lat="42.438395" lon="-8.643090">
        <ele>9.432489</ele>
        <time>2026-08-09T21:23:28.935Z</time>
      </trkpt>
      <trkpt lat="42.438855" lon="-8.642858">
        <ele>10.361042</ele>
        <time>2026-08-09T21:24:22.003Z</time>
      </trkpt>
      <trkpt lat="42.439596" lon="-8.642675">
        <ele>11.785958</ele>
        <time>2026-08-09T21:25:41.995Z</time>
      </trkpt>
      <trkpt lat="42.440123" lon="-8.642562">
        <ele>11.969642</ele>
        <time>2026-08-09T21:26:36.995Z</time>
      </trkpt>
      <trkpt lat="42.440329" lon="-8.642524">
        <ele>11.861868</ele>
        <time>2026-08-09T21:26:57.876Z</time>
      </trkpt>
      <trkpt lat="42.440646" lon="-8.642662">
        <ele>11.689267</ele>
        <time>2026-08-09T21:27:31.502Z</time>
      </trkpt>
      <trkpt lat="42.441178" lon="-8.642957">
        <ele>11.391286</ele>
        <time>2026-08-09T21:28:30.172Z</time>
      </trkpt>
      <trkpt lat="42.441300" lon="-8.642986">
        <ele>11.327077</ele>
        <time>2026-08-09T21:28:42.937Z</time>
      </trkpt>
      <trkpt lat="42.441933" lon="-8.642991">
        <ele>10.344412</ele>
        <time>2026-08-09T21:29:49.063Z</time>
      </trkpt>
      <trkpt lat="42.442266" lon="-8.643080">
        <ele>9.635075</ele>
        <time>2026-08-09T21:30:24.651Z</time>
      </trkpt>
      <trkpt lat="42.443653" lon="-8.643581">
        <ele>7.378786</ele>
        <time>2026-08-09T21:32:54.732Z</time>
      </trkpt>
      <trkpt lat="42.443976" lon="-8.643653">
        <ele>7.314516</ele>
        <time>2026-08-09T21:33:28.428Z</time>
      </trkpt>
      <trkpt lat="42.444330" lon="-8.643460">
        <ele>7.239597</ele>
        <time>2026-08-09T21:34:06.827Z</time>
      </trkpt>
      <trkpt lat="42.444692" lon="-8.643340">
        <ele>7.166427</ele>
        <time>2026-08-09T21:34:45.064Z</time>
      </trkpt>
      <trkpt lat="42.445298" lon="-8.642968">
        <ele>7.787170</ele>
        <time>2026-08-09T21:35:56.549Z</time>
      </trkpt>
      <trkpt lat="42.445589" lon="-8.642855">
        <ele>8.394895</ele>
        <time>2026-08-09T21:36:29.828Z</time>
      </trkpt>
      <trkpt lat="42.446335" lon="-8.642698">
        <ele>9.910521</ele>
        <time>2026-08-09T21:37:52.199Z</time>
      </trkpt>
      <trkpt lat="42.446677" lon="-8.642786">
        <ele>10.609389</ele>
        <time>2026-08-09T21:38:29.330Z</time>
      </trkpt>
      <trkpt lat="42.447097" lon="-8.642799">
        <ele>10.178731</ele>
        <time>2026-08-09T21:39:12.830Z</time>
      </trkpt>
      <trkpt lat="42.447683" lon="-8.642866">
        <ele>9.324154</ele>
        <time>2026-08-09T21:40:13.073Z</time>
      </trkpt>
      <trkpt lat="42.447846" lon="-8.642842">
        <ele>9.085895</ele>
        <time>2026-08-09T21:40:30.255Z</time>
      </trkpt>
      <trkpt lat="42.448043" lon="-8.642761">
        <ele>8.786737</ele>
        <time>2026-08-09T21:40:51.892Z</time>
      </trkpt>
      <trkpt lat="42.448254" lon="-8.642568">
        <ele>8.416817</ele>
        <time>2026-08-09T21:41:19.127Z</time>
      </trkpt>
      <trkpt lat="42.448446" lon="-8.642440">
        <ele>8.105879</ele>
        <time>2026-08-09T21:41:42.129Z</time>
      </trkpt>
      <trkpt lat="42.448914" lon="-8.642193">
        <ele>6.781700</ele>
        <time>2026-08-09T21:42:36.639Z</time>
      </trkpt>
      <trkpt lat="42.449196" lon="-8.642096">
        <ele>6.011814</ele>
        <time>2026-08-09T21:43:08.190Z</time>
      </trkpt>
      <trkpt lat="42.449521" lon="-8.642063">
        <ele>5.149393</ele>
        <time>2026-08-09T21:43:42.921Z</time>
      </trkpt>
      <trkpt lat="42.449721" lon="-8.641990">
        <ele>4.601298</ele>
        <time>2026-08-09T21:44:04.669Z</time>
      </trkpt>
      <trkpt lat="42.450552" lon="-8.641766">
        <ele>3.527134</ele>
        <time>2026-08-09T21:45:30.908Z</time>
      </trkpt>
      <trkpt lat="42.451120" lon="-8.641536">
        <ele>3.825601</ele>
        <time>2026-08-09T21:46:32.356Z</time>
      </trkpt>
      <trkpt lat="42.451513" lon="-8.641497">
        <ele>4.023996</ele>
        <time>2026-08-09T21:47:13.271Z</time>
      </trkpt>
      <trkpt lat="42.451663" lon="-8.641448">
        <ele>4.101681</ele>
        <time>2026-08-09T21:47:29.321Z</time>
      </trkpt>
      <trkpt lat="42.451709" lon="-8.641454">
        <ele>4.124948</ele>
        <time>2026-08-09T21:47:34.088Z</time>
      </trkpt>
      <trkpt lat="42.452634" lon="-8.641805">
        <ele>4.624394</ele>
        <time>2026-08-09T21:49:13.351Z</time>
      </trkpt>
      <trkpt lat="42.452879" lon="-8.641926">
        <ele>4.761409</ele>
        <time>2026-08-09T21:49:39.851Z</time>
      </trkpt>
      <trkpt lat="42.455258" lon="-8.643531">
        <ele>5.479382</ele>
        <time>2026-08-09T21:54:07.129Z</time>
      </trkpt>
      <trkpt lat="42.455802" lon="-8.643858">
        <ele>6.322290</ele>
        <time>2026-08-09T21:55:07.063Z</time>
      </trkpt>
      <trkpt lat="42.456114" lon="-8.643973">
        <ele>6.780261</ele>
        <time>2026-08-09T21:55:40.345Z</time>
      </trkpt>
      <trkpt lat="42.456821" lon="-8.644446">
        <ele>7.897016</ele>
        <time>2026-08-09T21:57:05.110Z</time>
      </trkpt>
      <trkpt lat="42.456915" lon="-8.644334">
        <ele>8.212338</ele>
        <time>2026-08-09T21:57:19.199Z</time>
      </trkpt>
      <trkpt lat="42.457098" lon="-8.644248">
        <ele>8.846131</ele>
        <time>2026-08-09T21:57:41.054Z</time>
      </trkpt>
      <trkpt lat="42.457254" lon="-8.644242">
        <ele>9.356806</ele>
        <time>2026-08-09T21:57:58.741Z</time>
      </trkpt>
      <trkpt lat="42.457521" lon="-8.644189">
        <ele>10.239815</ele>
        <time>2026-08-09T21:58:29.577Z</time>
      </trkpt>
      <trkpt lat="42.457840" lon="-8.644221">
        <ele>11.286515</ele>
        <time>2026-08-09T21:59:06.462Z</time>
      </trkpt>
      <trkpt lat="42.458159" lon="-8.644317">
        <ele>12.355780</ele>
        <time>2026-08-09T21:59:43.824Z</time>
      </trkpt>
      <trkpt lat="42.458808" lon="-8.644313">
        <ele>14.034277</ele>
        <time>2026-08-09T22:00:54.917Z</time>
      </trkpt>
      <trkpt lat="42.459531" lon="-8.644521">
        <ele>14.729896</ele>
        <time>2026-08-09T22:02:09.865Z</time>
      </trkpt>
      <trkpt lat="42.460082" lon="-8.644719">
        <ele>15.266392</ele>
        <time>2026-08-09T22:03:07.315Z</time>
      </trkpt>
      <trkpt lat="42.460274" lon="-8.644722">
        <ele>15.447107</ele>
        <time>2026-08-09T22:03:26.937Z</time>
      </trkpt>
      <trkpt lat="42.460530" lon="-8.644680">
        <ele>15.939733</ele>
        <time>2026-08-09T22:03:53.759Z</time>
      </trkpt>
      <trkpt lat="42.460718" lon="-8.644589">
        <ele>16.457231</ele>
        <time>2026-08-09T22:04:14.747Z</time>
      </trkpt>
      <trkpt lat="42.460867" lon="-8.644468">
        <ele>16.907500</ele>
        <time>2026-08-09T22:04:33.199Z</time>
      </trkpt>
      <trkpt lat="42.461015" lon="-8.644348">
        <ele>17.354563</ele>
        <time>2026-08-09T22:04:51.527Z</time>
      </trkpt>
      <trkpt lat="42.461102" lon="-8.644290">
        <ele>17.605896</ele>
        <time>2026-08-09T22:05:01.960Z</time>
      </trkpt>
      <trkpt lat="42.461221" lon="-8.644224">
        <ele>17.939206</ele>
        <time>2026-08-09T22:05:15.886Z</time>
      </trkpt>
      <trkpt lat="42.461391" lon="-8.644151">
        <ele>18.401485</ele>
        <time>2026-08-09T22:05:35.505Z</time>
      </trkpt>
      <trkpt lat="42.461539" lon="-8.644090">
        <ele>18.802492</ele>
        <time>2026-08-09T22:05:52.771Z</time>
      </trkpt>
      <trkpt lat="42.461726" lon="-8.644014">
        <ele>19.308576</ele>
        <time>2026-08-09T22:06:14.766Z</time>
      </trkpt>
      <trkpt lat="42.461811" lon="-8.644025">
        <ele>19.529925</ele>
        <time>2026-08-09T22:06:24.418Z</time>
      </trkpt>
      <trkpt lat="42.461852" lon="-8.644066">
        <ele>19.662003</ele>
        <time>2026-08-09T22:06:30.243Z</time>
      </trkpt>
      <trkpt lat="42.461888" lon="-8.644100">
        <ele>19.775745</ele>
        <time>2026-08-09T22:06:35.234Z</time>
      </trkpt>
      <trkpt lat="42.461977" lon="-8.644182">
        <ele>20.054711</ele>
        <time>2026-08-09T22:06:47.504Z</time>
      </trkpt>
      <trkpt lat="42.462041" lon="-8.644234">
        <ele>20.257597</ele>
        <time>2026-08-09T22:06:56.128Z</time>
      </trkpt>
      <trkpt lat="42.462237" lon="-8.644297">
        <ele>20.909244</ele>
        <time>2026-08-09T22:07:19.344Z</time>
      </trkpt>
      <trkpt lat="42.462501" lon="-8.644347">
        <ele>21.771586</ele>
        <time>2026-08-09T22:07:50.288Z</time>
      </trkpt>
      <trkpt lat="42.463166" lon="-8.644353">
        <ele>23.922923</ele>
        <time>2026-08-09T22:09:08.619Z</time>
      </trkpt>
      <trkpt lat="42.463613" lon="-8.644298">
        <ele>25.374923</ele>
        <time>2026-08-09T22:09:58.291Z</time>
      </trkpt>
      <trkpt lat="42.463852" lon="-8.644508">
        <ele>25.682730</ele>
        <time>2026-08-09T22:10:27.072Z</time>
      </trkpt>
      <trkpt lat="42.463982" lon="-8.644671">
        <ele>24.942354</ele>
        <time>2026-08-09T22:10:45.295Z</time>
      </trkpt>
      <trkpt lat="42.464158" lon="-8.645418">
        <ele>22.523753</ele>
        <time>2026-08-09T22:11:47.596Z</time>
      </trkpt>
      <trkpt lat="42.464281" lon="-8.645761">
        <ele>21.347484</ele>
        <time>2026-08-09T22:12:19.184Z</time>
      </trkpt>
      <trkpt lat="42.464363" lon="-8.645858">
        <ele>20.892468</ele>
        <time>2026-08-09T22:12:31.649Z</time>
      </trkpt>
      <trkpt lat="42.464604" lon="-8.646031">
        <ele>19.752310</ele>
        <time>2026-08-09T22:13:03.081Z</time>
      </trkpt>
      <trkpt lat="42.464683" lon="-8.646055">
        <ele>19.413824</ele>
        <time>2026-08-09T22:13:12.421Z</time>
      </trkpt>
      <trkpt lat="42.464802" lon="-8.646042">
        <ele>18.914682</ele>
        <time>2026-08-09T22:13:25.967Z</time>
      </trkpt>
      <trkpt lat="42.464834" lon="-8.646198">
        <ele>18.447895</ele>
        <time>2026-08-09T22:13:39.510Z</time>
      </trkpt>
      <trkpt lat="42.464885" lon="-8.646453">
        <ele>17.917540</ele>
        <time>2026-08-09T22:14:01.187Z</time>
      </trkpt>
      <trkpt lat="42.464903" lon="-8.646539">
        <ele>17.738094</ele>
        <time>2026-08-09T22:14:08.545Z</time>
      </trkpt>
      <trkpt lat="42.464916" lon="-8.646606">
        <ele>17.599027</ele>
        <time>2026-08-09T22:14:14.150Z</time>
      </trkpt>
      <trkpt lat="42.464943" lon="-8.646732">
        <ele>17.335646</ele>
        <time>2026-08-09T22:14:24.776Z</time>
      </trkpt>
      <trkpt lat="42.465082" lon="-8.647079">
        <ele>16.543026</ele>
        <time>2026-08-09T22:14:56.092Z</time>
      </trkpt>
      <trkpt lat="42.465245" lon="-8.647333">
        <ele>15.867234</ele>
        <time>2026-08-09T22:15:22.116Z</time>
      </trkpt>
      <trkpt lat="42.465401" lon="-8.647476">
        <ele>15.354794</ele>
        <time>2026-08-09T22:15:41.740Z</time>
      </trkpt>
      <trkpt lat="42.465789" lon="-8.647748">
        <ele>14.166172</ele>
        <time>2026-08-09T22:16:26.475Z</time>
      </trkpt>
      <trkpt lat="42.465940" lon="-8.647916">
        <ele>13.634613</ele>
        <time>2026-08-09T22:16:46.024Z</time>
      </trkpt>
      <trkpt lat="42.465976" lon="-8.647966">
        <ele>13.637460</ele>
        <time>2026-08-09T22:16:51.269Z</time>
      </trkpt>
      <trkpt lat="42.466355" lon="-8.648195">
        <ele>13.855134</ele>
        <time>2026-08-09T22:17:33.961Z</time>
      </trkpt>
      <trkpt lat="42.466874" lon="-8.648404">
        <ele>14.139154</ele>
        <time>2026-08-09T22:18:30.228Z</time>
      </trkpt>
      <trkpt lat="42.467036" lon="-8.648442">
        <ele>14.225400</ele>
        <time>2026-08-09T22:18:47.190Z</time>
      </trkpt>
      <trkpt lat="42.467272" lon="-8.648463">
        <ele>14.349470</ele>
        <time>2026-08-09T22:19:11.420Z</time>
      </trkpt>
      <trkpt lat="42.467760" lon="-8.648314">
        <ele>14.672595</ele>
        <time>2026-08-09T22:20:01.807Z</time>
      </trkpt>
      <trkpt lat="42.468142" lon="-8.648301">
        <ele>15.098419</ele>
        <time>2026-08-09T22:20:40.305Z</time>
      </trkpt>
      <trkpt lat="42.468350" lon="-8.648309">
        <ele>15.330302</ele>
        <time>2026-08-09T22:21:01.304Z</time>
      </trkpt>
      <trkpt lat="42.468354" lon="-8.648339">
        <ele>15.355362</ele>
        <time>2026-08-09T22:21:03.581Z</time>
      </trkpt>
      <trkpt lat="42.468466" lon="-8.648343">
        <ele>15.480215</ele>
        <time>2026-08-09T22:21:14.919Z</time>
      </trkpt>
      <trkpt lat="42.468512" lon="-8.648319">
        <ele>15.535141</ele>
        <time>2026-08-09T22:21:19.918Z</time>
      </trkpt>
      <trkpt lat="42.468692" lon="-8.648329">
        <ele>15.735897</ele>
        <time>2026-08-09T22:21:38.318Z</time>
      </trkpt>
      <trkpt lat="42.468692" lon="-8.648278">
        <ele>15.777819</ele>
        <time>2026-08-09T22:21:42.182Z</time>
      </trkpt>
      <trkpt lat="42.468692" lon="-8.648234">
        <ele>15.813988</ele>
        <time>2026-08-09T22:21:45.517Z</time>
      </trkpt>
      <trkpt lat="42.469060" lon="-8.648290">
        <ele>16.226652</ele>
        <time>2026-08-09T22:22:24.206Z</time>
      </trkpt>
      <trkpt lat="42.469274" lon="-8.648368">
        <ele>16.473596</ele>
        <time>2026-08-09T22:22:48.119Z</time>
      </trkpt>
      <trkpt lat="42.469332" lon="-8.648372">
        <ele>16.538314</ele>
        <time>2026-08-09T22:22:54.465Z</time>
      </trkpt>
      <trkpt lat="42.469590" lon="-8.648399">
        <ele>17.399479</ele>
        <time>2026-08-09T22:23:23.251Z</time>
      </trkpt>
      <trkpt lat="42.470116" lon="-8.648467">
        <ele>19.263733</ele>
        <time>2026-08-09T22:24:23.779Z</time>
      </trkpt>
      <trkpt lat="42.470754" lon="-8.648461">
        <ele>21.514781</ele>
        <time>2026-08-09T22:25:37.560Z</time>
      </trkpt>
      <trkpt lat="42.471326" lon="-8.648353">
        <ele>23.209089</ele>
        <time>2026-08-09T22:26:41.614Z</time>
      </trkpt>
      <trkpt lat="42.471383" lon="-8.648377">
        <ele>23.307446</ele>
        <time>2026-08-09T22:26:48.183Z</time>
      </trkpt>
      <trkpt lat="42.471556" lon="-8.648627">
        <ele>23.724121</ele>
        <time>2026-08-09T22:27:15.319Z</time>
      </trkpt>
      <trkpt lat="42.471668" lon="-8.648742">
        <ele>23.955646</ele>
        <time>2026-08-09T22:27:30.193Z</time>
      </trkpt>
      <trkpt lat="42.472361" lon="-8.649095">
        <ele>25.175593</ele>
        <time>2026-08-09T22:28:46.539Z</time>
      </trkpt>
      <trkpt lat="42.473282" lon="-8.649427">
        <ele>26.759630</ele>
        <time>2026-08-09T22:30:26.304Z</time>
      </trkpt>
      <trkpt lat="42.473520" lon="-8.649602">
        <ele>27.212735</ele>
        <time>2026-08-09T22:30:55.023Z</time>
      </trkpt>
      <trkpt lat="42.473612" lon="-8.649634">
        <ele>27.371685</ele>
        <time>2026-08-09T22:31:05.174Z</time>
      </trkpt>
      <trkpt lat="42.474027" lon="-8.649558">
        <ele>28.072503</ele>
        <time>2026-08-09T22:31:49.675Z</time>
      </trkpt>
      <trkpt lat="42.474407" lon="-8.649643">
        <ele>28.717038</ele>
        <time>2026-08-09T22:32:30.786Z</time>
      </trkpt>
      <trkpt lat="42.474762" lon="-8.649842">
        <ele>29.543296</ele>
        <time>2026-08-09T22:33:12.315Z</time>
      </trkpt>
      <trkpt lat="42.475310" lon="-8.649985">
        <ele>30.835781</ele>
        <time>2026-08-09T22:34:12.259Z</time>
      </trkpt>
      <trkpt lat="42.475730" lon="-8.650052">
        <ele>31.815229</ele>
        <time>2026-08-09T22:34:58.613Z</time>
      </trkpt>
      <trkpt lat="42.476152" lon="-8.650067">
        <ele>32.792935</ele>
        <time>2026-08-09T22:35:44.840Z</time>
      </trkpt>
      <trkpt lat="42.476442" lon="-8.650112">
        <ele>33.189474</ele>
        <time>2026-08-09T22:36:16.586Z</time>
      </trkpt>
      <trkpt lat="42.476655" lon="-8.650207">
        <ele>33.363990</ele>
        <time>2026-08-09T22:36:40.724Z</time>
      </trkpt>
      <trkpt lat="42.476987" lon="-8.650447">
        <ele>33.656816</ele>
        <time>2026-08-09T22:37:20.308Z</time>
      </trkpt>
      <trkpt lat="42.477206" lon="-8.650545">
        <ele>33.836305</ele>
        <time>2026-08-09T22:37:44.053Z</time>
      </trkpt>
      <trkpt lat="42.477855" lon="-8.650647">
        <ele>34.344800</ele>
        <time>2026-08-09T22:38:49.709Z</time>
      </trkpt>
      <trkpt lat="42.478469" lon="-8.650825">
        <ele>34.367520</ele>
        <time>2026-08-09T22:39:53.787Z</time>
      </trkpt>
      <trkpt lat="42.478850" lon="-8.650855">
        <ele>34.305612</ele>
        <time>2026-08-09T22:40:32.615Z</time>
      </trkpt>
      <trkpt lat="42.479204" lon="-8.650957">
        <ele>34.246905</ele>
        <time>2026-08-09T22:41:09.110Z</time>
      </trkpt>
      <trkpt lat="42.479804" lon="-8.651189">
        <ele>34.202397</ele>
        <time>2026-08-09T22:42:12.662Z</time>
      </trkpt>
      <trkpt lat="42.479941" lon="-8.651187">
        <ele>34.301080</ele>
        <time>2026-08-09T22:42:27.040Z</time>
      </trkpt>
      <trkpt lat="42.480267" lon="-8.651095">
        <ele>34.540921</ele>
        <time>2026-08-09T22:43:02.228Z</time>
      </trkpt>
      <trkpt lat="42.480699" lon="-8.650797">
        <ele>34.890031</ele>
        <time>2026-08-09T22:43:51.901Z</time>
      </trkpt>
      <trkpt lat="42.480950" lon="-8.650602">
        <ele>35.098392</ele>
        <time>2026-08-09T22:44:21.435Z</time>
      </trkpt>
      <trkpt lat="42.481117" lon="-8.650570">
        <ele>35.219873</ele>
        <time>2026-08-09T22:44:38.617Z</time>
      </trkpt>
      <trkpt lat="42.481213" lon="-8.650719">
        <ele>35.324971</ele>
        <time>2026-08-09T22:44:53.505Z</time>
      </trkpt>
      <trkpt lat="42.481251" lon="-8.650774">
        <ele>35.365005</ele>
        <time>2026-08-09T22:44:59.101Z</time>
      </trkpt>
      <trkpt lat="42.481359" lon="-8.650845">
        <ele>35.451456</ele>
        <time>2026-08-09T22:45:11.295Z</time>
      </trkpt>
      <trkpt lat="42.482121" lon="-8.650976">
        <ele>36.797305</ele>
        <time>2026-08-09T22:46:29.918Z</time>
      </trkpt>
      <trkpt lat="42.482249" lon="-8.650972">
        <ele>37.021685</ele>
        <time>2026-08-09T22:46:43.150Z</time>
      </trkpt>
      <trkpt lat="42.483039" lon="-8.650847">
        <ele>38.415562</ele>
        <time>2026-08-09T22:48:10.501Z</time>
      </trkpt>
      <trkpt lat="42.483407" lon="-8.650862">
        <ele>39.358395</ele>
        <time>2026-08-09T22:48:51.523Z</time>
      </trkpt>
      <trkpt lat="42.483866" lon="-8.650747">
        <ele>40.709137</ele>
        <time>2026-08-09T22:49:43.088Z</time>
      </trkpt>
      <trkpt lat="42.484882" lon="-8.650755">
        <ele>43.649297</ele>
        <time>2026-08-09T22:51:34.394Z</time>
      </trkpt>
      <trkpt lat="42.484998" lon="-8.650736">
        <ele>44.021383</ele>
        <time>2026-08-09T22:51:47.200Z</time>
      </trkpt>
      <trkpt lat="42.485204" lon="-8.650645">
        <ele>44.767494</ele>
        <time>2026-08-09T22:52:11.054Z</time>
      </trkpt>
      <trkpt lat="42.486030" lon="-8.650606">
        <ele>47.613769</ele>
        <time>2026-08-09T22:53:44.754Z</time>
      </trkpt>
      <trkpt lat="42.486345" lon="-8.650485">
        <ele>48.741238</ele>
        <time>2026-08-09T22:54:21.973Z</time>
      </trkpt>
      <trkpt lat="42.486742" lon="-8.650216">
        <ele>50.251065</ele>
        <time>2026-08-09T22:55:11.688Z</time>
      </trkpt>
      <trkpt lat="42.487376" lon="-8.649993">
        <ele>52.350059</ele>
        <time>2026-08-09T22:56:23.961Z</time>
      </trkpt>
      <trkpt lat="42.487595" lon="-8.649965">
        <ele>53.054994</ele>
        <time>2026-08-09T22:56:47.973Z</time>
      </trkpt>
      <trkpt lat="42.488129" lon="-8.649988">
        <ele>54.767150</ele>
        <time>2026-08-09T22:57:46.489Z</time>
      </trkpt>
      <trkpt lat="42.488692" lon="-8.649955">
        <ele>56.909320</ele>
        <time>2026-08-09T22:58:50.647Z</time>
      </trkpt>
      <trkpt lat="42.489173" lon="-8.649752">
        <ele>59.197025</ele>
        <time>2026-08-09T22:59:49.824Z</time>
      </trkpt>
      <trkpt lat="42.489671" lon="-8.649416">
        <ele>61.723037</ele>
        <time>2026-08-09T23:00:55.726Z</time>
      </trkpt>
      <trkpt lat="42.490474" lon="-8.649241">
        <ele>65.096902</ele>
        <time>2026-08-09T23:02:29.218Z</time>
      </trkpt>
      <trkpt lat="42.491010" lon="-8.649087">
        <ele>67.048298</ele>
        <time>2026-08-09T23:03:30.056Z</time>
      </trkpt>
      <trkpt lat="42.491695" lon="-8.648786">
        <ele>69.612874</ele>
        <time>2026-08-09T23:04:50.296Z</time>
      </trkpt>
      <trkpt lat="42.492511" lon="-8.648469">
        <ele>72.000342</ele>
        <time>2026-08-09T23:06:26.416Z</time>
      </trkpt>
      <trkpt lat="42.493102" lon="-8.648444">
        <ele>73.522931</ele>
        <time>2026-08-09T23:07:32.711Z</time>
      </trkpt>
      <trkpt lat="42.493428" lon="-8.648346">
        <ele>74.382770</ele>
        <time>2026-08-09T23:08:08.701Z</time>
      </trkpt>
      <trkpt lat="42.493749" lon="-8.648295">
        <ele>74.887976</ele>
        <time>2026-08-09T23:08:41.645Z</time>
      </trkpt>
      <trkpt lat="42.494338" lon="-8.648354">
        <ele>74.356223</ele>
        <time>2026-08-09T23:09:42.513Z</time>
      </trkpt>
      <trkpt lat="42.494498" lon="-8.648399">
        <ele>74.209102</ele>
        <time>2026-08-09T23:09:59.489Z</time>
      </trkpt>
      <trkpt lat="42.494721" lon="-8.648485">
        <ele>74.000364</ele>
        <time>2026-08-09T23:10:23.854Z</time>
      </trkpt>
      <trkpt lat="42.494891" lon="-8.648601">
        <ele>73.829023</ele>
        <time>2026-08-09T23:10:43.723Z</time>
      </trkpt>
      <trkpt lat="42.495153" lon="-8.648690">
        <ele>73.585844</ele>
        <time>2026-08-09T23:11:12.046Z</time>
      </trkpt>
      <trkpt lat="42.496260" lon="-8.648971">
        <ele>76.410545</ele>
        <time>2026-08-09T23:13:07.101Z</time>
      </trkpt>
      <trkpt lat="42.496740" lon="-8.649149">
        <ele>78.163404</ele>
        <time>2026-08-09T23:14:05.654Z</time>
      </trkpt>
      <trkpt lat="42.496796" lon="-8.649151">
        <ele>78.360732</ele>
        <time>2026-08-09T23:14:12.550Z</time>
      </trkpt>
      <trkpt lat="42.497321" lon="-8.648911">
        <ele>81.167715</ele>
        <time>2026-08-09T23:15:22.699Z</time>
      </trkpt>
      <trkpt lat="42.497431" lon="-8.648903">
        <ele>82.088326</ele>
        <time>2026-08-09T23:15:37.158Z</time>
      </trkpt>
      <trkpt lat="42.497507" lon="-8.648913">
        <ele>82.726453</ele>
        <time>2026-08-09T23:15:47.120Z</time>
      </trkpt>
      <trkpt lat="42.498025" lon="-8.649139">
        <ele>87.273942</ele>
        <time>2026-08-09T23:16:58.045Z</time>
      </trkpt>
      <trkpt lat="42.498371" lon="-8.649167">
        <ele>90.170670</ele>
        <time>2026-08-09T23:17:43.068Z</time>
      </trkpt>
      <trkpt lat="42.498747" lon="-8.649264">
        <ele>93.369308</ele>
        <time>2026-08-09T23:18:32.389Z</time>
      </trkpt>
      <trkpt lat="42.499451" lon="-8.649617">
        <ele>99.045066</ele>
        <time>2026-08-09T23:20:07.409Z</time>
      </trkpt>
      <trkpt lat="42.499505" lon="-8.649611">
        <ele>99.442949</ele>
        <time>2026-08-09T23:20:14.055Z</time>
      </trkpt>
      <trkpt lat="42.499566" lon="-8.649470">
        <ele>100.328090</ele>
        <time>2026-08-09T23:20:28.986Z</time>
      </trkpt>
      <trkpt lat="42.499613" lon="-8.649440">
        <ele>100.709549</ele>
        <time>2026-08-09T23:20:35.536Z</time>
      </trkpt>
      <trkpt lat="42.500122" lon="-8.649427">
        <ele>104.448104</ele>
        <time>2026-08-09T23:21:39.586Z</time>
      </trkpt>
      <trkpt lat="42.500263" lon="-8.649493">
        <ele>105.543477</ele>
        <time>2026-08-09T23:21:58.751Z</time>
      </trkpt>
      <trkpt lat="42.500634" lon="-8.649791">
        <ele>108.317199</ele>
        <time>2026-08-09T23:22:52.084Z</time>
      </trkpt>
      <trkpt lat="42.500764" lon="-8.649810">
        <ele>108.794495</ele>
        <time>2026-08-09T23:23:07.734Z</time>
      </trkpt>
      <trkpt lat="42.501193" lon="-8.649709">
        <ele>110.383923</ele>
        <time>2026-08-09T23:23:58.266Z</time>
      </trkpt>
      <trkpt lat="42.501252" lon="-8.649712">
        <ele>110.599447</ele>
        <time>2026-08-09T23:24:04.939Z</time>
      </trkpt>
      <trkpt lat="42.501394" lon="-8.649786">
        <ele>111.154742</ele>
        <time>2026-08-09T23:24:21.991Z</time>
      </trkpt>
      <trkpt lat="42.501913" lon="-8.650275">
        <ele>113.461524</ele>
        <time>2026-08-09T23:25:30.841Z</time>
      </trkpt>
      <trkpt lat="42.502172" lon="-8.650453">
        <ele>114.515235</ele>
        <time>2026-08-09T23:26:00.494Z</time>
      </trkpt>
      <trkpt lat="42.503307" lon="-8.650930">
        <ele>117.845504</ele>
        <time>2026-08-09T23:28:07.939Z</time>
      </trkpt>
      <trkpt lat="42.503945" lon="-8.650864">
        <ele>119.529012</ele>
        <time>2026-08-09T23:29:23.324Z</time>
      </trkpt>
      <trkpt lat="42.504026" lon="-8.650834">
        <ele>119.513259</ele>
        <time>2026-08-09T23:29:32.941Z</time>
      </trkpt>
      <trkpt lat="42.504101" lon="-8.650781">
        <ele>119.497393</ele>
        <time>2026-08-09T23:29:42.615Z</time>
      </trkpt>
      <trkpt lat="42.504447" lon="-8.650395">
        <ele>119.413347</ele>
        <time>2026-08-09T23:30:31.888Z</time>
      </trkpt>
      <trkpt lat="42.504662" lon="-8.650086">
        <ele>119.354580</ele>
        <time>2026-08-09T23:31:04.275Z</time>
      </trkpt>
      <trkpt lat="42.504723" lon="-8.649931">
        <ele>119.330279</ele>
        <time>2026-08-09T23:31:17.411Z</time>
      </trkpt>
      <trkpt lat="42.504802" lon="-8.649801">
        <ele>119.306978</ele>
        <time>2026-08-09T23:31:30.161Z</time>
      </trkpt>
      <trkpt lat="42.505027" lon="-8.649769">
        <ele>119.264535</ele>
        <time>2026-08-09T23:31:53.968Z</time>
      </trkpt>
      <trkpt lat="42.505477" lon="-8.649466">
        <ele>118.330647</ele>
        <time>2026-08-09T23:32:49.618Z</time>
      </trkpt>
      <trkpt lat="42.505520" lon="-8.649436">
        <ele>118.051272</ele>
        <time>2026-08-09T23:32:55.011Z</time>
      </trkpt>
      <trkpt lat="42.505685" lon="-8.649350">
        <ele>117.030004</ele>
        <time>2026-08-09T23:33:15.062Z</time>
      </trkpt>
      <trkpt lat="42.506141" lon="-8.649223">
        <ele>114.340430</ele>
        <time>2026-08-09T23:34:07.642Z</time>
      </trkpt>
      <trkpt lat="42.506555" lon="-8.649092">
        <ele>111.884260</ele>
        <time>2026-08-09T23:34:55.304Z</time>
      </trkpt>
      <trkpt lat="42.507518" lon="-8.648882">
        <ele>105.947716</ele>
        <time>2026-08-09T23:36:44.193Z</time>
      </trkpt>
      <trkpt lat="42.507612" lon="-8.648883">
        <ele>105.340633</ele>
        <time>2026-08-09T23:36:54.864Z</time>
      </trkpt>
      <trkpt lat="42.507749" lon="-8.648982">
        <ele>104.338160</ele>
        <time>2026-08-09T23:37:12.419Z</time>
      </trkpt>
      <trkpt lat="42.508173" lon="-8.649318">
        <ele>101.166911</ele>
        <time>2026-08-09T23:38:08.070Z</time>
      </trkpt>
      <trkpt lat="42.508616" lon="-8.649553">
        <ele>98.094987</ele>
        <time>2026-08-09T23:39:02.165Z</time>
      </trkpt>
      <trkpt lat="42.509003" lon="-8.649642">
        <ele>95.374437</ele>
        <time>2026-08-09T23:39:46.981Z</time>
      </trkpt>
      <trkpt lat="42.509498" lon="-8.649625">
        <ele>91.812669</ele>
        <time>2026-08-09T23:40:43.753Z</time>
      </trkpt>
      <trkpt lat="42.509782" lon="-8.649659">
        <ele>89.761865</ele>
        <time>2026-08-09T23:41:16.438Z</time>
      </trkpt>
      <trkpt lat="42.510827" lon="-8.649916">
        <ele>82.548932</ele>
        <time>2026-08-09T23:43:18.083Z</time>
      </trkpt>
      <trkpt lat="42.511320" lon="-8.650107">
        <ele>79.599262</ele>
        <time>2026-08-09T23:44:16.873Z</time>
      </trkpt>
      <trkpt lat="42.511589" lon="-8.650191">
        <ele>78.011210</ele>
        <time>2026-08-09T23:44:48.045Z</time>
      </trkpt>
      <trkpt lat="42.511920" lon="-8.650110">
        <ele>76.076203</ele>
        <time>2026-08-09T23:45:25.496Z</time>
      </trkpt>
      <trkpt lat="42.512762" lon="-8.649914">
        <ele>73.589001</ele>
        <time>2026-08-09T23:46:56.509Z</time>
      </trkpt>
      <trkpt lat="42.512944" lon="-8.649833">
        <ele>73.462116</ele>
        <time>2026-08-09T23:47:16.069Z</time>
      </trkpt>
      <trkpt lat="42.513132" lon="-8.649711">
        <ele>73.324064</ele>
        <time>2026-08-09T23:47:36.923Z</time>
      </trkpt>
      <trkpt lat="42.513798" lon="-8.649129">
        <ele>72.799277</ele>
        <time>2026-08-09T23:48:59.142Z</time>
      </trkpt>
      <trkpt lat="42.515023" lon="-8.648500">
        <ele>72.358740</ele>
        <time>2026-08-09T23:51:13.111Z</time>
      </trkpt>
      <trkpt lat="42.515238" lon="-8.648397">
        <ele>72.290216</ele>
        <time>2026-08-09T23:51:36.622Z</time>
      </trkpt>
      <trkpt lat="42.515437" lon="-8.648259">
        <ele>72.223050</ele>
        <time>2026-08-09T23:51:59.877Z</time>
      </trkpt>
      <trkpt lat="42.515460" lon="-8.648297">
        <ele>72.212158</ele>
        <time>2026-08-09T23:52:03.684Z</time>
      </trkpt>
      <trkpt lat="42.516321" lon="-8.647687">
        <ele>70.299522</ele>
        <time>2026-08-09T23:53:46.051Z</time>
      </trkpt>
      <trkpt lat="42.516823" lon="-8.647478">
        <ele>69.129331</ele>
        <time>2026-08-09T23:54:41.610Z</time>
      </trkpt>
      <trkpt lat="42.517511" lon="-8.646990">
        <ele>67.561601</ele>
        <time>2026-08-09T23:56:01.996Z</time>
      </trkpt>
      <trkpt lat="42.517929" lon="-8.646508">
        <ele>66.598429</ele>
        <time>2026-08-09T23:56:57.793Z</time>
      </trkpt>
      <trkpt lat="42.518174" lon="-8.646129">
        <ele>65.946052</ele>
        <time>2026-08-09T23:57:36.115Z</time>
      </trkpt>
      <trkpt lat="42.518421" lon="-8.645538">
        <ele>65.066840</ele>
        <time>2026-08-09T23:58:28.592Z</time>
      </trkpt>
      <trkpt lat="42.518574" lon="-8.645439">
        <ele>64.557314</ele>
        <time>2026-08-09T23:58:46.474Z</time>
      </trkpt>
      <trkpt lat="42.518763" lon="-8.645402">
        <ele>63.922791</ele>
        <time>2026-08-09T23:59:06.828Z</time>
      </trkpt>
      <trkpt lat="42.519646" lon="-8.645412">
        <ele>60.988609</ele>
        <time>2026-08-10T00:00:41.795Z</time>
      </trkpt>
      <trkpt lat="42.519865" lon="-8.645342">
        <ele>60.240983</ele>
        <time>2026-08-10T00:01:06.321Z</time>
      </trkpt>
      <trkpt lat="42.519992" lon="-8.645234">
        <ele>59.742940</ele>
        <time>2026-08-10T00:01:22.488Z</time>
      </trkpt>
      <trkpt lat="42.520216" lon="-8.644927">
        <ele>59.003990</ele>
        <time>2026-08-10T00:01:56.603Z</time>
      </trkpt>
      <trkpt lat="42.520458" lon="-8.644684">
        <ele>58.928538</ele>
        <time>2026-08-10T00:02:28.363Z</time>
      </trkpt>
      <trkpt lat="42.520858" lon="-8.644608">
        <ele>58.827314</ele>
        <time>2026-08-10T00:03:10.181Z</time>
      </trkpt>
      <trkpt lat="42.520909" lon="-8.644631">
        <ele>58.813845</ele>
        <time>2026-08-10T00:03:15.685Z</time>
      </trkpt>
      <trkpt lat="42.521128" lon="-8.644890">
        <ele>58.741036</ele>
        <time>2026-08-10T00:03:44.707Z</time>
      </trkpt>
      <trkpt lat="42.521243" lon="-8.644986">
        <ele>58.707197</ele>
        <time>2026-08-10T00:03:58.704Z</time>
      </trkpt>
      <trkpt lat="42.521500" lon="-8.645102">
        <ele>58.639319</ele>
        <time>2026-08-10T00:04:27.157Z</time>
      </trkpt>
      <trkpt lat="42.521747" lon="-8.645110">
        <ele>58.614994</ele>
        <time>2026-08-10T00:04:54.040Z</time>
      </trkpt>
      <trkpt lat="42.522274" lon="-8.645197">
        <ele>61.190200</ele>
        <time>2026-08-10T00:05:54.956Z</time>
      </trkpt>
      <trkpt lat="42.522502" lon="-8.645325">
        <ele>62.387107</ele>
        <time>2026-08-10T00:06:24.293Z</time>
      </trkpt>
      <trkpt lat="42.522836" lon="-8.645584">
        <ele>64.253191</ele>
        <time>2026-08-10T00:07:11.655Z</time>
      </trkpt>
      <trkpt lat="42.523305" lon="-8.645760">
        <ele>66.613608</ele>
        <time>2026-08-10T00:08:10.981Z</time>
      </trkpt>
      <trkpt lat="42.523423" lon="-8.645960">
        <ele>67.322646</ele>
        <time>2026-08-10T00:08:33.010Z</time>
      </trkpt>
      <trkpt lat="42.523430" lon="-8.646244">
        <ele>67.406473</ele>
        <time>2026-08-10T00:08:56.830Z</time>
      </trkpt>
      <trkpt lat="42.523370" lon="-8.646594">
        <ele>67.512479</ele>
        <time>2026-08-10T00:09:26.136Z</time>
      </trkpt>
      <trkpt lat="42.523384" lon="-8.646685">
        <ele>67.539903</ele>
        <time>2026-08-10T00:09:33.572Z</time>
      </trkpt>
      <trkpt lat="42.523417" lon="-8.646736">
        <ele>67.559923</ele>
        <time>2026-08-10T00:09:38.891Z</time>
      </trkpt>
      <trkpt lat="42.523884" lon="-8.646426">
        <ele>67.768020</ele>
        <time>2026-08-10T00:10:31.823Z</time>
      </trkpt>
      <trkpt lat="42.524507" lon="-8.646561">
        <ele>68.020549</ele>
        <time>2026-08-10T00:11:38.766Z</time>
      </trkpt>
      <trkpt lat="42.524544" lon="-8.646147">
        <ele>67.118687</ele>
        <time>2026-08-10T00:12:12.293Z</time>
      </trkpt>
      <trkpt lat="42.524598" lon="-8.646042">
        <ele>66.832755</ele>
        <time>2026-08-10T00:12:22.604Z</time>
      </trkpt>
      <trkpt lat="42.525233" lon="-8.645627">
        <ele>64.697049</ele>
        <time>2026-08-10T00:13:38.530Z</time>
      </trkpt>
      <trkpt lat="42.525457" lon="-8.645452">
        <ele>63.913829</ele>
        <time>2026-08-10T00:14:05.763Z</time>
      </trkpt>
      <trkpt lat="42.525659" lon="-8.645268">
        <ele>63.176609</ele>
        <time>2026-08-10T00:14:31.153Z</time>
      </trkpt>
      <trkpt lat="42.525782" lon="-8.645070">
        <ele>62.598319</ele>
        <time>2026-08-10T00:14:50.878Z</time>
      </trkpt>
      <trkpt lat="42.526109" lon="-8.644818">
        <ele>61.716852</ele>
        <time>2026-08-10T00:15:29.861Z</time>
      </trkpt>
      <trkpt lat="42.526476" lon="-8.644701">
        <ele>60.838878</ele>
        <time>2026-08-10T00:16:09.036Z</time>
      </trkpt>
      <trkpt lat="42.526546" lon="-8.644931">
        <ele>60.411790</ele>
        <time>2026-08-10T00:16:28.052Z</time>
      </trkpt>
      <trkpt lat="42.526614" lon="-8.645013">
        <ele>60.199926</ele>
        <time>2026-08-10T00:16:37.544Z</time>
      </trkpt>
      <trkpt lat="42.526707" lon="-8.645032">
        <ele>59.980898</ele>
        <time>2026-08-10T00:16:47.384Z</time>
      </trkpt>
      <trkpt lat="42.527090" lon="-8.645000">
        <ele>59.087245</ele>
        <time>2026-08-10T00:17:27.584Z</time>
      </trkpt>
      <trkpt lat="42.527367" lon="-8.645039">
        <ele>58.438680</ele>
        <time>2026-08-10T00:17:57.241Z</time>
      </trkpt>
      <trkpt lat="42.528185" lon="-8.645230">
        <ele>55.828227</ele>
        <time>2026-08-10T00:19:26.859Z</time>
      </trkpt>
      <trkpt lat="42.528323" lon="-8.645336">
        <ele>55.325803</ele>
        <time>2026-08-10T00:19:43.793Z</time>
      </trkpt>
      <trkpt lat="42.528415" lon="-8.645515">
        <ele>54.816249</ele>
        <time>2026-08-10T00:20:00.923Z</time>
      </trkpt>
      <trkpt lat="42.528461" lon="-8.645778">
        <ele>54.185112</ele>
        <time>2026-08-10T00:20:22.151Z</time>
      </trkpt>
      <trkpt lat="42.528480" lon="-8.646080">
        <ele>53.477409</ele>
        <time>2026-08-10T00:20:45.794Z</time>
      </trkpt>
      <trkpt lat="42.528542" lon="-8.646246">
        <ele>53.042879</ele>
        <time>2026-08-10T00:21:00.300Z</time>
      </trkpt>
      <trkpt lat="42.528582" lon="-8.646281">
        <ele>52.892081</ele>
        <time>2026-08-10T00:21:05.422Z</time>
      </trkpt>
      <trkpt lat="42.528736" lon="-8.646359">
        <ele>52.462896</ele>
        <time>2026-08-10T00:21:22.758Z</time>
      </trkpt>
      <trkpt lat="42.529398" lon="-8.646579">
        <ele>50.931640</ele>
        <time>2026-08-10T00:22:34.083Z</time>
      </trkpt>
      <trkpt lat="42.529863" lon="-8.646585">
        <ele>49.886887</ele>
        <time>2026-08-10T00:23:22.489Z</time>
      </trkpt>
      <trkpt lat="42.530088" lon="-8.646632">
        <ele>49.375429</ele>
        <time>2026-08-10T00:23:46.273Z</time>
      </trkpt>
      <trkpt lat="42.530335" lon="-8.646687">
        <ele>48.813078</ele>
        <time>2026-08-10T00:24:12.459Z</time>
      </trkpt>
      <trkpt lat="42.530631" lon="-8.646658">
        <ele>48.129082</ele>
        <time>2026-08-10T00:24:43.577Z</time>
      </trkpt>
      <trkpt lat="42.531165" lon="-8.646444">
        <ele>46.834889</ele>
        <time>2026-08-10T00:25:42.221Z</time>
      </trkpt>
      <trkpt lat="42.531828" lon="-8.646241">
        <ele>45.255110</ele>
        <time>2026-08-10T00:26:53.634Z</time>
      </trkpt>
      <trkpt lat="42.532163" lon="-8.646241">
        <ele>44.476454</ele>
        <time>2026-08-10T00:27:28.673Z</time>
      </trkpt>
      <trkpt lat="42.532666" lon="-8.646163">
        <ele>43.627070</ele>
        <time>2026-08-10T00:28:21.322Z</time>
      </trkpt>
      <trkpt lat="42.533297" lon="-8.645696">
        <ele>42.425964</ele>
        <time>2026-08-10T00:29:35.782Z</time>
      </trkpt>
      <trkpt lat="42.533446" lon="-8.645634">
        <ele>42.165523</ele>
        <time>2026-08-10T00:29:51.843Z</time>
      </trkpt>
      <trkpt lat="42.534069" lon="-8.645487">
        <ele>41.255011</ele>
        <time>2026-08-10T00:30:56.916Z</time>
      </trkpt>
      <trkpt lat="42.534678" lon="-8.645450">
        <ele>40.661842</ele>
        <time>2026-08-10T00:31:59.112Z</time>
      </trkpt>
      <trkpt lat="42.535076" lon="-8.645491">
        <ele>40.273462</ele>
        <time>2026-08-10T00:32:39.719Z</time>
      </trkpt>
      <trkpt lat="42.535178" lon="-8.645611">
        <ele>40.142111</ele>
        <time>2026-08-10T00:32:53.506Z</time>
      </trkpt>
      <trkpt lat="42.535656" lon="-8.645499">
        <ele>39.647885</ele>
        <time>2026-08-10T00:33:42.808Z</time>
      </trkpt>
      <trkpt lat="42.535983" lon="-8.645480">
        <ele>39.145779</ele>
        <time>2026-08-10T00:34:16.187Z</time>
      </trkpt>
      <trkpt lat="42.536215" lon="-8.645377">
        <ele>38.771310</ele>
        <time>2026-08-10T00:34:41.176Z</time>
      </trkpt>
      <trkpt lat="42.536535" lon="-8.645222">
        <ele>38.250072</ele>
        <time>2026-08-10T00:35:16.002Z</time>
      </trkpt>
      <trkpt lat="42.536717" lon="-8.645196">
        <ele>37.969326</ele>
        <time>2026-08-10T00:35:34.928Z</time>
      </trkpt>
      <trkpt lat="42.536811" lon="-8.645209">
        <ele>37.824375</ele>
        <time>2026-08-10T00:35:44.851Z</time>
      </trkpt>
      <trkpt lat="42.536974" lon="-8.645286">
        <ele>37.559604</ele>
        <time>2026-08-10T00:36:02.845Z</time>
      </trkpt>
      <trkpt lat="42.537139" lon="-8.645442">
        <ele>37.251112</ele>
        <time>2026-08-10T00:36:23.930Z</time>
      </trkpt>
      <trkpt lat="42.537213" lon="-8.645459">
        <ele>37.135975</ele>
        <time>2026-08-10T00:36:31.756Z</time>
      </trkpt>
      <trkpt lat="42.537424" lon="-8.645427">
        <ele>36.793443</ele>
        <time>2026-08-10T00:36:54.088Z</time>
      </trkpt>
      <trkpt lat="42.537628" lon="-8.645379">
        <ele>36.437417</ele>
        <time>2026-08-10T00:37:15.862Z</time>
      </trkpt>
      <trkpt lat="42.537898" lon="-8.645270">
        <ele>35.953026</ele>
        <time>2026-08-10T00:37:45.582Z</time>
      </trkpt>
      <trkpt lat="42.538784" lon="-8.644704">
        <ele>34.269139</ele>
        <time>2026-08-10T00:39:27.295Z</time>
      </trkpt>
      <trkpt lat="42.538957" lon="-8.644375">
        <ele>33.888205</ele>
        <time>2026-08-10T00:39:57.564Z</time>
      </trkpt>
      <trkpt lat="42.539181" lon="-8.644093">
        <ele>34.055609</ele>
        <time>2026-08-10T00:40:28.218Z</time>
      </trkpt>
      <trkpt lat="42.539275" lon="-8.644034">
        <ele>34.112353</ele>
        <time>2026-08-10T00:40:38.687Z</time>
      </trkpt>
      <trkpt lat="42.539951" lon="-8.643782">
        <ele>34.496457</ele>
        <time>2026-08-10T00:41:50.983Z</time>
      </trkpt>
      <trkpt lat="42.540645" lon="-8.643520">
        <ele>34.958419</ele>
        <time>2026-08-10T00:43:05.662Z</time>
      </trkpt>
      <trkpt lat="42.541332" lon="-8.643245">
        <ele>35.888133</ele>
        <time>2026-08-10T00:44:21.315Z</time>
      </trkpt>
      <trkpt lat="42.541488" lon="-8.643120">
        <ele>36.123279</ele>
        <time>2026-08-10T00:44:40.411Z</time>
      </trkpt>
      <trkpt lat="42.541601" lon="-8.642991">
        <ele>36.314941</ele>
        <time>2026-08-10T00:44:55.850Z</time>
      </trkpt>
      <trkpt lat="42.541665" lon="-8.642931">
        <ele>36.415905</ele>
        <time>2026-08-10T00:45:04.164Z</time>
      </trkpt>
      <trkpt lat="42.541953" lon="-8.642874">
        <ele>36.793688</ele>
        <time>2026-08-10T00:45:34.581Z</time>
      </trkpt>
      <trkpt lat="42.542581" lon="-8.642631">
        <ele>37.683337</ele>
        <time>2026-08-10T00:46:42.211Z</time>
      </trkpt>
      <trkpt lat="42.542816" lon="-8.642610">
        <ele>38.016672</ele>
        <time>2026-08-10T00:47:06.554Z</time>
      </trkpt>
      <trkpt lat="42.543063" lon="-8.642769">
        <ele>38.403599</ele>
        <time>2026-08-10T00:47:34.727Z</time>
      </trkpt>
      <trkpt lat="42.543374" lon="-8.642912">
        <ele>38.868357</ele>
        <time>2026-08-10T00:48:09.202Z</time>
      </trkpt>
      <trkpt lat="42.543594" lon="-8.642960">
        <ele>39.183739</ele>
        <time>2026-08-10T00:48:32.704Z</time>
      </trkpt>
      <trkpt lat="42.543792" lon="-8.642891">
        <ele>39.473075</ele>
        <time>2026-08-10T00:48:54.201Z</time>
      </trkpt>
      <trkpt lat="42.544191" lon="-8.642572">
        <ele>41.302775</ele>
        <time>2026-08-10T00:49:44.099Z</time>
      </trkpt>
      <trkpt lat="42.544467" lon="-8.642423">
        <ele>42.938957</ele>
        <time>2026-08-10T00:50:17.442Z</time>
      </trkpt>
      <trkpt lat="42.544779" lon="-8.642299">
        <ele>44.729764</ele>
        <time>2026-08-10T00:50:54.759Z</time>
      </trkpt>
      <trkpt lat="42.545684" lon="-8.641871">
        <ele>50.100637</ele>
        <time>2026-08-10T00:52:55.595Z</time>
      </trkpt>
      <trkpt lat="42.545810" lon="-8.641667">
        <ele>51.442801</ele>
        <time>2026-08-10T00:53:21.543Z</time>
      </trkpt>
      <trkpt lat="42.545792" lon="-8.641407">
        <ele>52.759452</ele>
        <time>2026-08-10T00:53:47.082Z</time>
      </trkpt>
      <trkpt lat="42.545759" lon="-8.640927">
        <ele>55.190047</ele>
        <time>2026-08-10T00:54:33.402Z</time>
      </trkpt>
      <trkpt lat="42.545421" lon="-8.640422">
        <ele>58.629987</ele>
        <time>2026-08-10T00:55:36.779Z</time>
      </trkpt>
      <trkpt lat="42.545384" lon="-8.640286">
        <ele>59.360938</ele>
        <time>2026-08-10T00:55:49.848Z</time>
      </trkpt>
      <trkpt lat="42.545375" lon="-8.640042">
        <ele>60.592694</ele>
        <time>2026-08-10T00:56:10.826Z</time>
      </trkpt>
      <trkpt lat="42.545435" lon="-8.639613">
        <ele>62.129471</ele>
        <time>2026-08-10T00:56:46.136Z</time>
      </trkpt>
      <trkpt lat="42.545475" lon="-8.639070">
        <ele>62.741772</ele>
        <time>2026-08-10T00:57:28.066Z</time>
      </trkpt>
      <trkpt lat="42.545391" lon="-8.638982">
        <ele>62.903374</ele>
        <time>2026-08-10T00:57:39.060Z</time>
      </trkpt>
      <trkpt lat="42.545334" lon="-8.638625">
        <ele>63.313239</ele>
        <time>2026-08-10T00:58:06.970Z</time>
      </trkpt>
      <trkpt lat="42.545291" lon="-8.638524">
        <ele>63.444125</ele>
        <time>2026-08-10T00:58:16.008Z</time>
      </trkpt>
      <trkpt lat="42.545116" lon="-8.638280">
        <ele>63.826207</ele>
        <time>2026-08-10T00:58:42.580Z</time>
      </trkpt>
      <trkpt lat="42.545082" lon="-8.638140">
        <ele>63.991606</ele>
        <time>2026-08-10T00:58:53.949Z</time>
      </trkpt>
      <trkpt lat="42.545081" lon="-8.637949">
        <ele>64.205921</ele>
        <time>2026-08-10T00:59:08.609Z</time>
      </trkpt>
      <trkpt lat="42.545104" lon="-8.637836">
        <ele>64.337461</ele>
        <time>2026-08-10T00:59:17.437Z</time>
      </trkpt>
      <trkpt lat="42.544944" lon="-8.637251">
        <ele>64.354725</ele>
        <time>2026-08-10T01:00:03.902Z</time>
      </trkpt>
      <trkpt lat="42.545016" lon="-8.636972">
        <ele>64.055775</ele>
        <time>2026-08-10T01:00:25.824Z</time>
      </trkpt>
      <trkpt lat="42.544944" lon="-8.637251">
        <ele>63.756824</ele>
        <time>2026-08-10T01:00:47.683Z</time>
      </trkpt>
      <trkpt lat="42.545104" lon="-8.637836">
        <ele>63.125786</ele>
        <time>2026-08-10T01:01:33.998Z</time>
      </trkpt>
      <trkpt lat="42.545081" lon="-8.637949">
        <ele>63.007233</ele>
        <time>2026-08-10T01:01:42.875Z</time>
      </trkpt>
      <trkpt lat="42.545082" lon="-8.638140">
        <ele>62.814077</ele>
        <time>2026-08-10T01:01:57.675Z</time>
      </trkpt>
      <trkpt lat="42.545116" lon="-8.638280">
        <ele>62.665007</ele>
        <time>2026-08-10T01:02:09.235Z</time>
      </trkpt>
      <trkpt lat="42.545291" lon="-8.638524">
        <ele>62.320648</ele>
        <time>2026-08-10T01:02:36.443Z</time>
      </trkpt>
      <trkpt lat="42.545334" lon="-8.638625">
        <ele>62.182390</ele>
        <time>2026-08-10T01:02:45.850Z</time>
      </trkpt>
      <trkpt lat="42.545391" lon="-8.638982">
        <ele>60.731418</ele>
        <time>2026-08-10T01:03:15.335Z</time>
      </trkpt>
      <trkpt lat="42.545475" lon="-8.639070">
        <ele>60.159326</ele>
        <time>2026-08-10T01:03:27.022Z</time>
      </trkpt>
      <trkpt lat="42.546221" lon="-8.638990">
        <ele>56.124739</ele>
        <time>2026-08-10T01:04:49.463Z</time>
      </trkpt>
      <trkpt lat="42.546502" lon="-8.639039">
        <ele>54.597279</ele>
        <time>2026-08-10T01:05:21.419Z</time>
      </trkpt>
      <trkpt lat="42.546901" lon="-8.639452">
        <ele>51.805843</ele>
        <time>2026-08-10T01:06:18.787Z</time>
      </trkpt>
      <trkpt lat="42.547391" lon="-8.640015">
        <ele>47.864122</ele>
        <time>2026-08-10T01:07:31.454Z</time>
      </trkpt>
      <trkpt lat="42.547936" lon="-8.640036">
        <ele>44.516502</ele>
        <time>2026-08-10T01:08:32.887Z</time>
      </trkpt>
      <trkpt lat="42.548292" lon="-8.639983">
        <ele>42.317572</ele>
        <time>2026-08-10T01:09:13.208Z</time>
      </trkpt>
      <trkpt lat="42.549408" lon="-8.639577">
        <ele>37.547104</ele>
        <time>2026-08-10T01:11:19.900Z</time>
      </trkpt>
      <trkpt lat="42.549974" lon="-8.639342">
        <ele>35.265075</ele>
        <time>2026-08-10T01:12:22.684Z</time>
      </trkpt>
      <trkpt lat="42.550982" lon="-8.639042">
        <ele>33.258201</ele>
        <time>2026-08-10T01:14:09.706Z</time>
      </trkpt>
      <trkpt lat="42.551063" lon="-8.638997">
        <ele>33.125644</ele>
        <time>2026-08-10T01:14:18.765Z</time>
      </trkpt>
      <trkpt lat="42.551502" lon="-8.638888">
        <ele>32.449716</ele>
        <time>2026-08-10T01:15:04.495Z</time>
      </trkpt>
      <trkpt lat="42.552861" lon="-8.638667">
        <ele>30.677545</ele>
        <time>2026-08-10T01:17:24.149Z</time>
      </trkpt>
      <trkpt lat="42.553730" lon="-8.638499">
        <ele>29.621095</ele>
        <time>2026-08-10T01:18:54.509Z</time>
      </trkpt>
      <trkpt lat="42.554008" lon="-8.638420">
        <ele>29.212777</ele>
        <time>2026-08-10T01:19:24.072Z</time>
      </trkpt>
      <trkpt lat="42.554947" lon="-8.637934">
        <ele>27.768076</ele>
        <time>2026-08-10T01:21:08.145Z</time>
      </trkpt>
      <trkpt lat="42.555056" lon="-8.637850">
        <ele>27.587888</ele>
        <time>2026-08-10T01:21:21.020Z</time>
      </trkpt>
      <trkpt lat="42.556103" lon="-8.637750">
        <ele>27.205734</ele>
        <time>2026-08-10T01:23:07.976Z</time>
      </trkpt>
      <trkpt lat="42.556617" lon="-8.637748">
        <ele>27.305472</ele>
        <time>2026-08-10T01:24:00.101Z</time>
      </trkpt>
      <trkpt lat="42.556733" lon="-8.637734">
        <ele>27.328070</ele>
        <time>2026-08-10T01:24:12.110Z</time>
      </trkpt>
      <trkpt lat="42.556762" lon="-8.637678">
        <ele>27.337854</ele>
        <time>2026-08-10T01:24:17.322Z</time>
      </trkpt>
      <trkpt lat="42.556985" lon="-8.637648">
        <ele>27.381337</ele>
        <time>2026-08-10T01:24:40.909Z</time>
      </trkpt>
      <trkpt lat="42.557234" lon="-8.637633">
        <ele>27.476485</ele>
        <time>2026-08-10T01:25:07.274Z</time>
      </trkpt>
      <trkpt lat="42.558182" lon="-8.637572">
        <ele>28.623113</ele>
        <time>2026-08-10T01:26:46.398Z</time>
      </trkpt>
      <trkpt lat="42.558381" lon="-8.637783">
        <ele>28.928176</ele>
        <time>2026-08-10T01:27:12.753Z</time>
      </trkpt>
      <trkpt lat="42.558736" lon="-8.637889">
        <ele>29.367326</ele>
        <time>2026-08-10T01:27:50.789Z</time>
      </trkpt>
      <trkpt lat="42.558880" lon="-8.637977">
        <ele>29.558116</ele>
        <time>2026-08-10T01:28:07.286Z</time>
      </trkpt>
      <trkpt lat="42.559618" lon="-8.638675">
        <ele>30.235474</ele>
        <time>2026-08-10T01:29:40.437Z</time>
      </trkpt>
      <trkpt lat="42.560163" lon="-8.639006">
        <ele>30.675881</ele>
        <time>2026-08-10T01:30:41.735Z</time>
      </trkpt>
      <trkpt lat="42.560176" lon="-8.639559">
        <ele>30.904734</ele>
        <time>2026-08-10T01:31:22.852Z</time>
      </trkpt>
      <trkpt lat="42.560224" lon="-8.639602">
        <ele>30.892728</ele>
        <time>2026-08-10T01:31:28.721Z</time>
      </trkpt>
      <trkpt lat="42.560316" lon="-8.639619">
        <ele>30.873344</ele>
        <time>2026-08-10T01:31:38.101Z</time>
      </trkpt>
      <trkpt lat="42.560934" lon="-8.639612">
        <ele>30.744318</ele>
        <time>2026-08-10T01:32:40.169Z</time>
      </trkpt>
      <trkpt lat="42.561106" lon="-8.639638">
        <ele>30.708187</ele>
        <time>2026-08-10T01:32:57.748Z</time>
      </trkpt>
      <trkpt lat="42.561177" lon="-8.639570">
        <ele>30.690048</ele>
        <time>2026-08-10T01:33:06.457Z</time>
      </trkpt>
      <trkpt lat="42.561375" lon="-8.639237">
        <ele>30.624239</ele>
        <time>2026-08-10T01:33:38.037Z</time>
      </trkpt>
      <trkpt lat="42.561402" lon="-8.639256">
        <ele>30.617890</ele>
        <time>2026-08-10T01:33:41.058Z</time>
      </trkpt>
      <trkpt lat="42.561493" lon="-8.639230">
        <ele>30.598475</ele>
        <time>2026-08-10T01:33:50.478Z</time>
      </trkpt>
      <trkpt lat="42.562157" lon="-8.639682">
        <ele>30.201755</ele>
        <time>2026-08-10T01:35:05.826Z</time>
      </trkpt>
      <trkpt lat="42.562214" lon="-8.639678">
        <ele>30.161513</ele>
        <time>2026-08-10T01:35:11.628Z</time>
      </trkpt>
      <trkpt lat="42.562334" lon="-8.639773">
        <ele>30.063574</ele>
        <time>2026-08-10T01:35:25.794Z</time>
      </trkpt>
      <trkpt lat="42.562289" lon="-8.639957">
        <ele>29.962893</ele>
        <time>2026-08-10T01:35:40.463Z</time>
      </trkpt>
      <trkpt lat="42.562294" lon="-8.640019">
        <ele>29.930503</ele>
        <time>2026-08-10T01:35:45.235Z</time>
      </trkpt>
      <trkpt lat="42.562353" lon="-8.640163">
        <ele>29.844932</ele>
        <time>2026-08-10T01:35:57.676Z</time>
      </trkpt>
      <trkpt lat="42.562313" lon="-8.640390">
        <ele>29.723724</ele>
        <time>2026-08-10T01:36:15.283Z</time>
      </trkpt>
      <trkpt lat="42.562330" lon="-8.640454">
        <ele>29.688394</ele>
        <time>2026-08-10T01:36:20.379Z</time>
      </trkpt>
      <trkpt lat="42.562776" lon="-8.640790">
        <ele>29.328774</ele>
        <time>2026-08-10T01:37:12.092Z</time>
      </trkpt>
      <trkpt lat="42.562969" lon="-8.640875">
        <ele>29.261646</ele>
        <time>2026-08-10T01:37:32.591Z</time>
      </trkpt>
      <trkpt lat="42.563327" lon="-8.641295">
        <ele>29.205799</ele>
        <time>2026-08-10T01:38:19.959Z</time>
      </trkpt>
      <trkpt lat="42.563698" lon="-8.641528">
        <ele>29.157549</ele>
        <time>2026-08-10T01:39:00.901Z</time>
      </trkpt>
      <trkpt lat="42.563929" lon="-8.641646">
        <ele>29.128416</ele>
        <time>2026-08-10T01:39:25.684Z</time>
      </trkpt>
      <trkpt lat="42.564248" lon="-8.641730">
        <ele>29.090061</ele>
        <time>2026-08-10T01:39:58.204Z</time>
      </trkpt>
      <trkpt lat="42.564468" lon="-8.641746">
        <ele>29.062553</ele>
        <time>2026-08-10T01:40:20.266Z</time>
      </trkpt>
      <trkpt lat="42.564642" lon="-8.641723">
        <ele>28.985722</ele>
        <time>2026-08-10T01:40:37.807Z</time>
      </trkpt>
      <trkpt lat="42.564679" lon="-8.641805">
        <ele>28.954595</ele>
        <time>2026-08-10T01:40:44.933Z</time>
      </trkpt>
      <trkpt lat="42.564725" lon="-8.641833">
        <ele>28.932440</ele>
        <time>2026-08-10T01:40:49.981Z</time>
      </trkpt>
      <trkpt lat="42.564977" lon="-8.641841">
        <ele>28.821661</ele>
        <time>2026-08-10T01:41:15.172Z</time>
      </trkpt>
      <trkpt lat="42.565306" lon="-8.641807">
        <ele>28.676654</ele>
        <time>2026-08-10T01:41:48.482Z</time>
      </trkpt>
      <trkpt lat="42.565896" lon="-8.641578">
        <ele>28.406975</ele>
        <time>2026-08-10T01:42:50.945Z</time>
      </trkpt>
      <trkpt lat="42.566414" lon="-8.641656">
        <ele>28.204840</ele>
        <time>2026-08-10T01:43:43.828Z</time>
      </trkpt>
      <trkpt lat="42.566454" lon="-8.641692">
        <ele>28.189649</ele>
        <time>2026-08-10T01:43:48.678Z</time>
      </trkpt>
      <trkpt lat="42.566533" lon="-8.641696">
        <ele>28.164623</ele>
        <time>2026-08-10T01:43:56.780Z</time>
      </trkpt>
      <trkpt lat="42.566693" lon="-8.641609">
        <ele>28.110065</ele>
        <time>2026-08-10T01:44:14.237Z</time>
      </trkpt>
      <trkpt lat="42.567281" lon="-8.641974">
        <ele>27.905402</ele>
        <time>2026-08-10T01:45:19.566Z</time>
      </trkpt>
      <trkpt lat="42.567917" lon="-8.642160">
        <ele>27.689779</ele>
        <time>2026-08-10T01:46:25.393Z</time>
      </trkpt>
      <trkpt lat="42.568309" lon="-8.642144">
        <ele>27.339674</ele>
        <time>2026-08-10T01:47:04.652Z</time>
      </trkpt>
      <trkpt lat="42.568489" lon="-8.642041">
        <ele>27.165298</ele>
        <time>2026-08-10T01:47:24.363Z</time>
      </trkpt>
      <trkpt lat="42.568615" lon="-8.642393">
        <ele>26.907983</ele>
        <time>2026-08-10T01:47:53.670Z</time>
      </trkpt>
      <trkpt lat="42.568811" lon="-8.642652">
        <ele>26.663828</ele>
        <time>2026-08-10T01:48:21.657Z</time>
      </trkpt>
      <trkpt lat="42.568925" lon="-8.642739">
        <ele>26.547085</ele>
        <time>2026-08-10T01:48:35.168Z</time>
      </trkpt>
      <trkpt lat="42.569391" lon="-8.642894">
        <ele>26.118777</ele>
        <time>2026-08-10T01:49:25.067Z</time>
      </trkpt>
      <trkpt lat="42.569457" lon="-8.642974">
        <ele>26.082631</ele>
        <time>2026-08-10T01:49:34.327Z</time>
      </trkpt>
      <trkpt lat="42.569814" lon="-8.643530">
        <ele>25.948045</ele>
        <time>2026-08-10T01:50:30.402Z</time>
      </trkpt>
      <trkpt lat="42.569900" lon="-8.643629">
        <ele>25.920113</ele>
        <time>2026-08-10T01:50:41.943Z</time>
      </trkpt>
      <trkpt lat="42.569982" lon="-8.643820">
        <ele>25.879776</ele>
        <time>2026-08-10T01:50:58.546Z</time>
      </trkpt>
      <trkpt lat="42.569996" lon="-8.644086">
        <ele>25.831120</ele>
        <time>2026-08-10T01:51:18.357Z</time>
      </trkpt>
      <trkpt lat="42.570033" lon="-8.644230">
        <ele>25.803294</ele>
        <time>2026-08-10T01:51:29.596Z</time>
      </trkpt>
      <trkpt lat="42.570183" lon="-8.644478">
        <ele>25.744741</ele>
        <time>2026-08-10T01:51:53.695Z</time>
      </trkpt>
      <trkpt lat="42.570346" lon="-8.644616">
        <ele>25.697153</ele>
        <time>2026-08-10T01:52:13.719Z</time>
      </trkpt>
      <trkpt lat="42.570582" lon="-8.644655">
        <ele>25.732366</ele>
        <time>2026-08-10T01:52:38.939Z</time>
      </trkpt>
      <trkpt lat="42.571025" lon="-8.644478">
        <ele>26.325056</ele>
        <time>2026-08-10T01:53:29.063Z</time>
      </trkpt>
      <trkpt lat="42.571199" lon="-8.644374">
        <ele>26.569061</ele>
        <time>2026-08-10T01:53:50.105Z</time>
      </trkpt>
      <trkpt lat="42.571315" lon="-8.644251">
        <ele>26.757961</ele>
        <time>2026-08-10T01:54:06.318Z</time>
      </trkpt>
      <trkpt lat="42.571399" lon="-8.644093">
        <ele>26.942154</ele>
        <time>2026-08-10T01:54:21.825Z</time>
      </trkpt>
      <trkpt lat="42.571497" lon="-8.643822">
        <ele>27.227521</ele>
        <time>2026-08-10T01:54:45.526Z</time>
      </trkpt>
      <trkpt lat="42.571724" lon="-8.643000">
        <ele>27.835224</ele>
        <time>2026-08-10T01:55:50.513Z</time>
      </trkpt>
      <trkpt lat="42.572156" lon="-8.643135">
        <ele>27.078108</ele>
        <time>2026-08-10T01:56:36.396Z</time>
      </trkpt>
      <trkpt lat="42.572596" lon="-8.643119">
        <ele>26.326346</ele>
        <time>2026-08-10T01:57:22.882Z</time>
      </trkpt>
      <trkpt lat="42.573684" lon="-8.643253">
        <ele>24.789615</ele>
        <time>2026-08-10T01:59:17.159Z</time>
      </trkpt>
      <trkpt lat="42.574266" lon="-8.643463">
        <ele>24.549142</ele>
        <time>2026-08-10T02:00:17.507Z</time>
      </trkpt>
      <trkpt lat="42.574356" lon="-8.643465">
        <ele>24.513198</ele>
        <time>2026-08-10T02:00:26.528Z</time>
      </trkpt>
      <trkpt lat="42.575109" lon="-8.643294">
        <ele>24.208330</ele>
        <time>2026-08-10T02:01:43.440Z</time>
      </trkpt>
      <trkpt lat="42.575351" lon="-8.643197">
        <ele>24.179731</ele>
        <time>2026-08-10T02:02:08.824Z</time>
      </trkpt>
      <trkpt lat="42.575482" lon="-8.643178">
        <ele>24.186223</ele>
        <time>2026-08-10T02:02:22.083Z</time>
      </trkpt>
      <trkpt lat="42.575900" lon="-8.643256">
        <ele>24.207012</ele>
        <time>2026-08-10T02:03:04.457Z</time>
      </trkpt>
      <trkpt lat="42.576237" lon="-8.643271">
        <ele>24.223626</ele>
        <time>2026-08-10T02:03:38.257Z</time>
      </trkpt>
      <trkpt lat="42.576881" lon="-8.643173">
        <ele>24.255556</ele>
        <time>2026-08-10T02:04:43.135Z</time>
      </trkpt>
      <trkpt lat="42.577280" lon="-8.643301">
        <ele>24.211162</ele>
        <time>2026-08-10T02:05:24.229Z</time>
      </trkpt>
      <trkpt lat="42.577919" lon="-8.643375">
        <ele>24.109593</ele>
        <time>2026-08-10T02:06:28.481Z</time>
      </trkpt>
      <trkpt lat="42.579805" lon="-8.643362">
        <ele>23.611746</ele>
        <time>2026-08-10T02:09:38.271Z</time>
      </trkpt>
      <trkpt lat="42.580199" lon="-8.643396">
        <ele>23.473605</ele>
        <time>2026-08-10T02:10:18.033Z</time>
      </trkpt>
      <trkpt lat="42.580347" lon="-8.643467">
        <ele>23.418683</ele>
        <time>2026-08-10T02:10:33.927Z</time>
      </trkpt>
      <trkpt lat="42.580633" lon="-8.643928">
        <ele>23.175196</ele>
        <time>2026-08-10T02:11:18.877Z</time>
      </trkpt>
      <trkpt lat="42.580894" lon="-8.644215">
        <ele>22.932620</ele>
        <time>2026-08-10T02:11:52.989Z</time>
      </trkpt>
      <trkpt lat="42.581275" lon="-8.644500">
        <ele>22.618429</ele>
        <time>2026-08-10T02:12:37.481Z</time>
      </trkpt>
      <trkpt lat="42.581789" lon="-8.644742">
        <ele>22.225476</ele>
        <time>2026-08-10T02:13:32.887Z</time>
      </trkpt>
      <trkpt lat="42.582013" lon="-8.644806">
        <ele>22.060133</ele>
        <time>2026-08-10T02:13:56.063Z</time>
      </trkpt>
      <trkpt lat="42.582182" lon="-8.644781">
        <ele>22.037679</ele>
        <time>2026-08-10T02:14:13.294Z</time>
      </trkpt>
      <trkpt lat="42.582600" lon="-8.644554">
        <ele>22.010022</ele>
        <time>2026-08-10T02:14:58.587Z</time>
      </trkpt>
      <trkpt lat="42.582858" lon="-8.644686">
        <ele>21.993083</ele>
        <time>2026-08-10T02:15:26.136Z</time>
      </trkpt>
      <trkpt lat="42.583084" lon="-8.644749">
        <ele>21.978909</ele>
        <time>2026-08-10T02:15:49.384Z</time>
      </trkpt>
      <trkpt lat="42.583441" lon="-8.644696">
        <ele>21.956845</ele>
        <time>2026-08-10T02:16:25.655Z</time>
      </trkpt>
      <trkpt lat="42.583638" lon="-8.644775">
        <ele>21.944226</ele>
        <time>2026-08-10T02:16:46.385Z</time>
      </trkpt>
      <trkpt lat="42.583866" lon="-8.644915">
        <ele>21.961876</ele>
        <time>2026-08-10T02:17:11.643Z</time>
      </trkpt>
      <trkpt lat="42.584000" lon="-8.645034">
        <ele>21.994498</ele>
        <time>2026-08-10T02:17:27.786Z</time>
      </trkpt>
      <trkpt lat="42.584612" lon="-8.645706">
        <ele>22.154851</ele>
        <time>2026-08-10T02:18:46.936Z</time>
      </trkpt>
      <trkpt lat="42.584830" lon="-8.645821">
        <ele>22.202502</ele>
        <time>2026-08-10T02:19:10.395Z</time>
      </trkpt>
      <trkpt lat="42.585374" lon="-8.645855">
        <ele>22.347952</ele>
        <time>2026-08-10T02:20:05.265Z</time>
      </trkpt>
      <trkpt lat="42.585718" lon="-8.645804">
        <ele>22.650573</ele>
        <time>2026-08-10T02:20:40.528Z</time>
      </trkpt>
      <trkpt lat="42.586130" lon="-8.645911">
        <ele>23.017402</ele>
        <time>2026-08-10T02:21:23.729Z</time>
      </trkpt>
      <trkpt lat="42.586346" lon="-8.645930">
        <ele>23.206693</ele>
        <time>2026-08-10T02:21:46.274Z</time>
      </trkpt>
      <trkpt lat="42.586611" lon="-8.645876">
        <ele>23.441034</ele>
        <time>2026-08-10T02:22:14.105Z</time>
      </trkpt>
      <trkpt lat="42.586739" lon="-8.645767">
        <ele>23.573154</ele>
        <time>2026-08-10T02:22:29.926Z</time>
      </trkpt>
      <trkpt lat="42.586849" lon="-8.645668">
        <ele>23.688553</ele>
        <time>2026-08-10T02:22:43.744Z</time>
      </trkpt>
      <trkpt lat="42.587224" lon="-8.645523">
        <ele>23.973806</ele>
        <time>2026-08-10T02:23:24.413Z</time>
      </trkpt>
      <trkpt lat="42.587742" lon="-8.645382">
        <ele>24.268207</ele>
        <time>2026-08-10T02:24:19.261Z</time>
      </trkpt>
      <trkpt lat="42.587984" lon="-8.645260">
        <ele>24.412053</ele>
        <time>2026-08-10T02:24:45.707Z</time>
      </trkpt>
      <trkpt lat="42.588086" lon="-8.645261">
        <ele>24.468895</ele>
        <time>2026-08-10T02:24:56.022Z</time>
      </trkpt>
      <trkpt lat="42.588301" lon="-8.645369">
        <ele>24.596638</ele>
        <time>2026-08-10T02:25:19.177Z</time>
      </trkpt>
      <trkpt lat="42.588564" lon="-8.645413">
        <ele>24.744305</ele>
        <time>2026-08-10T02:25:45.736Z</time>
      </trkpt>
      <trkpt lat="42.588945" lon="-8.645407">
        <ele>24.959803</ele>
        <time>2026-08-10T02:26:23.940Z</time>
      </trkpt>
      <trkpt lat="42.589406" lon="-8.645508">
        <ele>25.230533</ele>
        <time>2026-08-10T02:27:10.696Z</time>
      </trkpt>
      <trkpt lat="42.589499" lon="-8.645495">
        <ele>25.284737</ele>
        <time>2026-08-10T02:27:20.099Z</time>
      </trkpt>
      <trkpt lat="42.589632" lon="-8.645441">
        <ele>25.365219</ele>
        <time>2026-08-10T02:27:34.058Z</time>
      </trkpt>
      <trkpt lat="42.590247" lon="-8.645029">
        <ele>25.762789</ele>
        <time>2026-08-10T02:28:44.313Z</time>
      </trkpt>
      <trkpt lat="42.590765" lon="-8.644612">
        <ele>26.680516</ele>
        <time>2026-08-10T02:29:47.926Z</time>
      </trkpt>
      <trkpt lat="42.591346" lon="-8.644030">
        <ele>28.346128</ele>
        <time>2026-08-10T02:31:05.813Z</time>
      </trkpt>
      <trkpt lat="42.591563" lon="-8.643978">
        <ele>28.854531</ele>
        <time>2026-08-10T02:31:29.849Z</time>
      </trkpt>
      <trkpt lat="42.591712" lon="-8.643989">
        <ele>29.198818</ele>
        <time>2026-08-10T02:31:46.165Z</time>
      </trkpt>
      <trkpt lat="42.592081" lon="-8.644154">
        <ele>30.111179</ele>
        <time>2026-08-10T02:32:29.143Z</time>
      </trkpt>
      <trkpt lat="42.592594" lon="-8.644257">
        <ele>32.101748</ele>
        <time>2026-08-10T02:33:27.125Z</time>
      </trkpt>
      <trkpt lat="42.592660" lon="-8.644253">
        <ele>32.355344</ele>
        <time>2026-08-10T02:33:34.531Z</time>
      </trkpt>
      <trkpt lat="42.593096" lon="-8.644085">
        <ele>34.094982</ele>
        <time>2026-08-10T02:34:26.065Z</time>
      </trkpt>
      <trkpt lat="42.593830" lon="-8.643759">
        <ele>37.030660</ele>
        <time>2026-08-10T02:35:55.462Z</time>
      </trkpt>
      <trkpt lat="42.594470" lon="-8.643568">
        <ele>38.690918</ele>
        <time>2026-08-10T02:37:10.252Z</time>
      </trkpt>
      <trkpt lat="42.594707" lon="-8.643548">
        <ele>39.292568</ele>
        <time>2026-08-10T02:37:36.807Z</time>
      </trkpt>
      <trkpt lat="42.595229" lon="-8.643665">
        <ele>40.633055</ele>
        <time>2026-08-10T02:38:34.295Z</time>
      </trkpt>
      <trkpt lat="42.595715" lon="-8.643689">
        <ele>41.198626</ele>
        <time>2026-08-10T02:39:23.537Z</time>
      </trkpt>
      <trkpt lat="42.596247" lon="-8.643612">
        <ele>39.839328</ele>
        <time>2026-08-10T02:40:18.801Z</time>
      </trkpt>
      <trkpt lat="42.597372" lon="-8.643584">
        <ele>36.980572</ele>
        <time>2026-08-10T02:42:19.787Z</time>
      </trkpt>
      <trkpt lat="42.597976" lon="-8.643543">
        <ele>34.720932</ele>
        <time>2026-08-10T02:43:25.982Z</time>
      </trkpt>
      <trkpt lat="42.598161" lon="-8.643383">
        <ele>33.898385</ele>
        <time>2026-08-10T02:43:49.746Z</time>
      </trkpt>
      <trkpt lat="42.598307" lon="-8.643327">
        <ele>33.329387</ele>
        <time>2026-08-10T02:44:06.251Z</time>
      </trkpt>
      <trkpt lat="42.598643" lon="-8.643300">
        <ele>32.066979</ele>
        <time>2026-08-10T02:44:42.458Z</time>
      </trkpt>
      <trkpt lat="42.599007" lon="-8.643328">
        <ele>30.699569</ele>
        <time>2026-08-10T02:45:21.479Z</time>
      </trkpt>
      <trkpt lat="42.599529" lon="-8.643220">
        <ele>29.275491</ele>
        <time>2026-08-10T02:46:17.259Z</time>
      </trkpt>
      <trkpt lat="42.599623" lon="-8.643163">
        <ele>29.032844</ele>
        <time>2026-08-10T02:46:28.007Z</time>
      </trkpt>
      <trkpt lat="42.599727" lon="-8.643042">
        <ele>28.710079</ele>
        <time>2026-08-10T02:46:42.383Z</time>
      </trkpt>
      <trkpt lat="42.599772" lon="-8.642888">
        <ele>28.422584</ele>
        <time>2026-08-10T02:46:55.126Z</time>
      </trkpt>
      <trkpt lat="42.599808" lon="-8.642883">
        <ele>28.337283</ele>
        <time>2026-08-10T02:46:58.928Z</time>
      </trkpt>
      <trkpt lat="42.599943" lon="-8.642865">
        <ele>28.017533</ele>
        <time>2026-08-10T02:47:13.048Z</time>
      </trkpt>
      <trkpt lat="42.599949" lon="-8.642957">
        <ele>27.857276</ele>
        <time>2026-08-10T02:47:20.210Z</time>
      </trkpt>
      <trkpt lat="42.599989" lon="-8.642951">
        <ele>27.762415</ele>
        <time>2026-08-10T02:47:24.400Z</time>
      </trkpt>
      <trkpt lat="42.599987" lon="-8.642930">
        <ele>27.725674</ele>
        <time>2026-08-10T02:47:26.064Z</time>
      </trkpt>
      <trkpt lat="42.600044" lon="-8.642921">
        <ele>27.590409</ele>
        <time>2026-08-10T02:47:32.059Z</time>
      </trkpt>
      <trkpt lat="42.600239" lon="-8.642891">
        <ele>27.127818</ele>
        <time>2026-08-10T02:47:52.617Z</time>
      </trkpt>
      <trkpt lat="42.600346" lon="-8.642881">
        <ele>26.875002</ele>
        <time>2026-08-10T02:48:03.838Z</time>
      </trkpt>
      <trkpt lat="42.600383" lon="-8.643099">
        <ele>26.486823</ele>
        <time>2026-08-10T02:48:21.069Z</time>
      </trkpt>
      <trkpt lat="42.601270" lon="-8.642943">
        <ele>24.823929</ele>
        <time>2026-08-10T02:49:54.081Z</time>
      </trkpt>
      <trkpt lat="42.601346" lon="-8.643018">
        <ele>24.664209</ele>
        <time>2026-08-10T02:50:03.799Z</time>
      </trkpt>
      <trkpt lat="42.601456" lon="-8.642912">
        <ele>24.434899</ele>
        <time>2026-08-10T02:50:17.863Z</time>
      </trkpt>
      <trkpt lat="42.601549" lon="-8.642832">
        <ele>24.247734</ele>
        <time>2026-08-10T02:50:29.298Z</time>
      </trkpt>
      <trkpt lat="42.601801" lon="-8.642641">
        <ele>23.757078</ele>
        <time>2026-08-10T02:50:59.276Z</time>
      </trkpt>
      <trkpt lat="42.601987" lon="-8.642628">
        <ele>23.440398</ele>
        <time>2026-08-10T02:51:18.603Z</time>
      </trkpt>
      <trkpt lat="42.602059" lon="-8.642612">
        <ele>23.316347</ele>
        <time>2026-08-10T02:51:26.189Z</time>
      </trkpt>
      <trkpt lat="42.602373" lon="-8.642529">
        <ele>22.894854</ele>
        <time>2026-08-10T02:51:59.153Z</time>
      </trkpt>
      <trkpt lat="42.602500" lon="-8.642496">
        <ele>22.859201</ele>
        <time>2026-08-10T02:52:12.320Z</time>
      </trkpt>
      <trkpt lat="42.602672" lon="-8.642475">
        <ele>22.811584</ele>
        <time>2026-08-10T02:52:29.795Z</time>
      </trkpt>
      <trkpt lat="42.603268" lon="-8.642403">
        <ele>22.646599</ele>
        <time>2026-08-10T02:53:30.514Z</time>
      </trkpt>
      <trkpt lat="42.603295" lon="-8.642400">
        <ele>22.639129</ele>
        <time>2026-08-10T02:53:33.210Z</time>
      </trkpt>
      <trkpt lat="42.603496" lon="-8.642329">
        <ele>22.581864</ele>
        <time>2026-08-10T02:53:54.358Z</time>
      </trkpt>
      <trkpt lat="42.603581" lon="-8.642617">
        <ele>22.518889</ele>
        <time>2026-08-10T02:54:17.297Z</time>
      </trkpt>
      <trkpt lat="42.603663" lon="-8.642882">
        <ele>22.460546</ele>
        <time>2026-08-10T02:54:39.198Z</time>
      </trkpt>
      <trkpt lat="42.603710" lon="-8.643030">
        <ele>22.427833</ele>
        <time>2026-08-10T02:54:51.542Z</time>
      </trkpt>
      <trkpt lat="42.603868" lon="-8.643159">
        <ele>22.588433</ele>
        <time>2026-08-10T02:55:11.067Z</time>
      </trkpt>
      <trkpt lat="42.603941" lon="-8.643189">
        <ele>22.664912</ele>
        <time>2026-08-10T02:55:19.216Z</time>
      </trkpt>
      <trkpt lat="42.603989" lon="-8.643182">
        <ele>22.713322</ele>
        <time>2026-08-10T02:55:24.443Z</time>
      </trkpt>
      <trkpt lat="42.604036" lon="-8.643300">
        <ele>22.812352</ele>
        <time>2026-08-10T02:55:34.915Z</time>
      </trkpt>
      <trkpt lat="42.604178" lon="-8.643522">
        <ele>23.029436</ele>
        <time>2026-08-10T02:55:57.962Z</time>
      </trkpt>
      <trkpt lat="42.604445" lon="-8.643802">
        <ele>23.367662</ele>
        <time>2026-08-10T02:56:32.996Z</time>
      </trkpt>
      <trkpt lat="42.604539" lon="-8.643881">
        <ele>23.478500</ele>
        <time>2026-08-10T02:56:44.459Z</time>
      </trkpt>
      <trkpt lat="42.604806" lon="-8.644096">
        <ele>23.789737</ele>
        <time>2026-08-10T02:57:16.836Z</time>
      </trkpt>
      <trkpt lat="42.604988" lon="-8.644258">
        <ele>24.007923</ele>
        <time>2026-08-10T02:57:39.627Z</time>
      </trkpt>
      <trkpt lat="42.605780" lon="-8.644994">
        <ele>24.424969</ele>
        <time>2026-08-10T02:59:15.890Z</time>
      </trkpt>
      <trkpt lat="42.605940" lon="-8.645157">
        <ele>24.478541</ele>
        <time>2026-08-10T02:59:36.068Z</time>
      </trkpt>
      <trkpt lat="42.606010" lon="-8.645254">
        <ele>24.505325</ele>
        <time>2026-08-10T02:59:46.126Z</time>
      </trkpt>
      <trkpt lat="42.606202" lon="-8.645403">
        <ele>24.564557</ele>
        <time>2026-08-10T03:00:08.310Z</time>
      </trkpt>
      <trkpt lat="42.606300" lon="-8.645437">
        <ele>24.591652</ele>
        <time>2026-08-10T03:00:18.518Z</time>
      </trkpt>
      <trkpt lat="42.607102" lon="-8.645484">
        <ele>25.291026</ele>
        <time>2026-08-10T03:01:40.987Z</time>
      </trkpt>
      <trkpt lat="42.607589" lon="-8.645451">
        <ele>26.063126</ele>
        <time>2026-08-10T03:02:32.046Z</time>
      </trkpt>
      <trkpt lat="42.607698" lon="-8.645520">
        <ele>26.253536</ele>
        <time>2026-08-10T03:02:44.746Z</time>
      </trkpt>
      <trkpt lat="42.608022" lon="-8.645584">
        <ele>26.771968</ele>
        <time>2026-08-10T03:03:19.915Z</time>
      </trkpt>
      <trkpt lat="42.608186" lon="-8.645555">
        <ele>27.033844</ele>
        <time>2026-08-10T03:03:37.898Z</time>
      </trkpt>
      <trkpt lat="42.608247" lon="-8.645513">
        <ele>27.142129</ele>
        <time>2026-08-10T03:03:45.431Z</time>
      </trkpt>
      <trkpt lat="42.608259" lon="-8.645436">
        <ele>27.233856</ele>
        <time>2026-08-10T03:03:51.800Z</time>
      </trkpt>
      <trkpt lat="42.608238" lon="-8.645241">
        <ele>27.463532</ele>
        <time>2026-08-10T03:04:07.688Z</time>
      </trkpt>
      <trkpt lat="42.609457" lon="-8.644928">
        <ele>29.327888</ele>
        <time>2026-08-10T03:06:20.270Z</time>
      </trkpt>
      <trkpt lat="42.610123" lon="-8.644410">
        <ele>30.296491</ele>
        <time>2026-08-10T03:07:39.650Z</time>
      </trkpt>
      <trkpt lat="42.610248" lon="-8.644402">
        <ele>30.333410</ele>
        <time>2026-08-10T03:07:52.362Z</time>
      </trkpt>
      <trkpt lat="42.610496" lon="-8.644455">
        <ele>30.407477</ele>
        <time>2026-08-10T03:08:17.875Z</time>
      </trkpt>
      <trkpt lat="42.610951" lon="-8.644504">
        <ele>30.542136</ele>
        <time>2026-08-10T03:09:04.105Z</time>
      </trkpt>
      <trkpt lat="42.611552" lon="-8.644206">
        <ele>30.730884</ele>
        <time>2026-08-10T03:10:09.230Z</time>
      </trkpt>
      <trkpt lat="42.611874" lon="-8.644137">
        <ele>31.095430</ele>
        <time>2026-08-10T03:10:42.499Z</time>
      </trkpt>
      <trkpt lat="42.612157" lon="-8.644177">
        <ele>31.686521</ele>
        <time>2026-08-10T03:11:12.301Z</time>
      </trkpt>
      <trkpt lat="42.612582" lon="-8.644376">
        <ele>32.620390</ele>
        <time>2026-08-10T03:12:01.179Z</time>
      </trkpt>
      <trkpt lat="42.613191" lon="-8.644606">
        <ele>33.933518</ele>
        <time>2026-08-10T03:13:10.612Z</time>
      </trkpt>
      <trkpt lat="42.613604" lon="-8.644840">
        <ele>34.802101</ele>
        <time>2026-08-10T03:13:59.255Z</time>
      </trkpt>
      <trkpt lat="42.614046" lon="-8.644839">
        <ele>35.557438</ele>
        <time>2026-08-10T03:14:47.238Z</time>
      </trkpt>
      <trkpt lat="42.614198" lon="-8.644741">
        <ele>35.844948</ele>
        <time>2026-08-10T03:15:05.200Z</time>
      </trkpt>
      <trkpt lat="42.615231" lon="-8.644600">
        <ele>37.614760</ele>
        <time>2026-08-10T03:16:52.866Z</time>
      </trkpt>
      <trkpt lat="42.615735" lon="-8.644495">
        <ele>38.340675</ele>
        <time>2026-08-10T03:17:47.415Z</time>
      </trkpt>
      <trkpt lat="42.616082" lon="-8.644508">
        <ele>38.834877</ele>
        <time>2026-08-10T03:18:24.366Z</time>
      </trkpt>
      <trkpt lat="42.616338" lon="-8.644587">
        <ele>39.208617</ele>
        <time>2026-08-10T03:18:51.796Z</time>
      </trkpt>
      <trkpt lat="42.616422" lon="-8.644616">
        <ele>39.332004</ele>
        <time>2026-08-10T03:19:00.857Z</time>
      </trkpt>
      <trkpt lat="42.616822" lon="-8.644753">
        <ele>39.919283</ele>
        <time>2026-08-10T03:19:43.547Z</time>
      </trkpt>
      <trkpt lat="42.617036" lon="-8.644780">
        <ele>40.267072</ele>
        <time>2026-08-10T03:20:05.668Z</time>
      </trkpt>
      <trkpt lat="42.618093" lon="-8.644587">
        <ele>42.671609</ele>
        <time>2026-08-10T03:21:59.017Z</time>
      </trkpt>
      <trkpt lat="42.618356" lon="-8.644590">
        <ele>43.264592</ele>
        <time>2026-08-10T03:22:28.320Z</time>
      </trkpt>
      <trkpt lat="42.618631" lon="-8.644611">
        <ele>43.885588</ele>
        <time>2026-08-10T03:22:59.266Z</time>
      </trkpt>
      <trkpt lat="42.618833" lon="-8.644585">
        <ele>44.367059</ele>
        <time>2026-08-10T03:23:21.974Z</time>
      </trkpt>
      <trkpt lat="42.618932" lon="-8.644614">
        <ele>44.636230</ele>
        <time>2026-08-10T03:23:33.391Z</time>
      </trkpt>
      <trkpt lat="42.619114" lon="-8.644733">
        <ele>45.173038</ele>
        <time>2026-08-10T03:23:56.029Z</time>
      </trkpt>
      <trkpt lat="42.619389" lon="-8.644721">
        <ele>45.904323</ele>
        <time>2026-08-10T03:24:26.896Z</time>
      </trkpt>
      <trkpt lat="42.619522" lon="-8.644678">
        <ele>46.267683</ele>
        <time>2026-08-10T03:24:42.121Z</time>
      </trkpt>
      <trkpt lat="42.619879" lon="-8.644442">
        <ele>47.322847</ele>
        <time>2026-08-10T03:25:25.707Z</time>
      </trkpt>
      <trkpt lat="42.619983" lon="-8.644402">
        <ele>47.610120</ele>
        <time>2026-08-10T03:25:37.413Z</time>
      </trkpt>
      <trkpt lat="42.620134" lon="-8.644368">
        <ele>48.016927</ele>
        <time>2026-08-10T03:25:53.548Z</time>
      </trkpt>
      <trkpt lat="42.620373" lon="-8.644364">
        <ele>48.652201</ele>
        <time>2026-08-10T03:26:18.652Z</time>
      </trkpt>
      <trkpt lat="42.620912" lon="-8.644151">
        <ele>49.939287</ele>
        <time>2026-08-10T03:27:18.355Z</time>
      </trkpt>
      <trkpt lat="42.622096" lon="-8.643511">
        <ele>52.725226</ele>
        <time>2026-08-10T03:29:36.698Z</time>
      </trkpt>
      <trkpt lat="42.622751" lon="-8.643422">
        <ele>53.529360</ele>
        <time>2026-08-10T03:30:47.582Z</time>
      </trkpt>
      <trkpt lat="42.623106" lon="-8.643481">
        <ele>53.911640</ele>
        <time>2026-08-10T03:31:25.311Z</time>
      </trkpt>
      <trkpt lat="42.623620" lon="-8.643748">
        <ele>54.499810</ele>
        <time>2026-08-10T03:32:21.476Z</time>
      </trkpt>
      <trkpt lat="42.623811" lon="-8.643807">
        <ele>54.709174</ele>
        <time>2026-08-10T03:32:41.136Z</time>
      </trkpt>
      <trkpt lat="42.624271" lon="-8.643813">
        <ele>55.014005</ele>
        <time>2026-08-10T03:33:27.554Z</time>
      </trkpt>
      <trkpt lat="42.624927" lon="-8.643915">
        <ele>55.349747</ele>
        <time>2026-08-10T03:34:34.492Z</time>
      </trkpt>
      <trkpt lat="42.625583" lon="-8.643905">
        <ele>55.683334</ele>
        <time>2026-08-10T03:35:41.852Z</time>
      </trkpt>
      <trkpt lat="42.625806" lon="-8.644022">
        <ele>56.027714</ele>
        <time>2026-08-10T03:36:07.887Z</time>
      </trkpt>
      <trkpt lat="42.625974" lon="-8.644236">
        <ele>56.713691</ele>
        <time>2026-08-10T03:36:33.549Z</time>
      </trkpt>
      <trkpt lat="42.626267" lon="-8.644538">
        <ele>57.809234</ele>
        <time>2026-08-10T03:37:15.273Z</time>
      </trkpt>
      <trkpt lat="42.626524" lon="-8.644757">
        <ele>58.712940</ele>
        <time>2026-08-10T03:37:49.684Z</time>
      </trkpt>
      <trkpt lat="42.626621" lon="-8.644803">
        <ele>59.019010</ele>
        <time>2026-08-10T03:38:01.364Z</time>
      </trkpt>
      <trkpt lat="42.627417" lon="-8.644999">
        <ele>61.313180</ele>
        <time>2026-08-10T03:39:30.492Z</time>
      </trkpt>
      <trkpt lat="42.627702" lon="-8.645105">
        <ele>61.866012</ele>
        <time>2026-08-10T03:40:02.505Z</time>
      </trkpt>
      <trkpt lat="42.627898" lon="-8.645129">
        <ele>62.234207</ele>
        <time>2026-08-10T03:40:23.507Z</time>
      </trkpt>
      <trkpt lat="42.628955" lon="-8.645054">
        <ele>64.214515</ele>
        <time>2026-08-10T03:42:15.935Z</time>
      </trkpt>
      <trkpt lat="42.629578" lon="-8.645055">
        <ele>64.981162</ele>
        <time>2026-08-10T03:43:20.493Z</time>
      </trkpt>
      <trkpt lat="42.630179" lon="-8.644899">
        <ele>65.616978</ele>
        <time>2026-08-10T03:44:22.794Z</time>
      </trkpt>
      <trkpt lat="42.630358" lon="-8.644768">
        <ele>65.828236</ele>
        <time>2026-08-10T03:44:43.306Z</time>
      </trkpt>
      <trkpt lat="42.630412" lon="-8.644785">
        <ele>65.885835</ele>
        <time>2026-08-10T03:44:49.087Z</time>
      </trkpt>
      <trkpt lat="42.630667" lon="-8.644720">
        <ele>66.155438</ele>
        <time>2026-08-10T03:45:15.523Z</time>
      </trkpt>
      <trkpt lat="42.630990" lon="-8.644585">
        <ele>66.835873</ele>
        <time>2026-08-10T03:45:51.350Z</time>
      </trkpt>
      <trkpt lat="42.631279" lon="-8.644594">
        <ele>67.775312</ele>
        <time>2026-08-10T03:46:23.126Z</time>
      </trkpt>
      <trkpt lat="42.631630" lon="-8.644536">
        <ele>68.924392</ele>
        <time>2026-08-10T03:47:03.585Z</time>
      </trkpt>
      <trkpt lat="42.631844" lon="-8.644532">
        <ele>69.619915</ele>
        <time>2026-08-10T03:47:28.382Z</time>
      </trkpt>
      <trkpt lat="42.631902" lon="-8.644568">
        <ele>69.827127</ele>
        <time>2026-08-10T03:47:35.745Z</time>
      </trkpt>
      <trkpt lat="42.632100" lon="-8.644795">
        <ele>70.668918</ele>
        <time>2026-08-10T03:48:05.841Z</time>
      </trkpt>
      <trkpt lat="42.632335" lon="-8.645169">
        <ele>71.844865</ele>
        <time>2026-08-10T03:48:46.712Z</time>
      </trkpt>
      <trkpt lat="42.632390" lon="-8.645207">
        <ele>72.045371</ele>
        <time>2026-08-10T03:48:53.589Z</time>
      </trkpt>
      <trkpt lat="42.632873" lon="-8.645343">
        <ele>72.854728</ele>
        <time>2026-08-10T03:49:47.406Z</time>
      </trkpt>
      <trkpt lat="42.633041" lon="-8.645324">
        <ele>73.102996</ele>
        <time>2026-08-10T03:50:05.205Z</time>
      </trkpt>
      <trkpt lat="42.633357" lon="-8.645201">
        <ele>73.587075</ele>
        <time>2026-08-10T03:50:39.165Z</time>
      </trkpt>
      <trkpt lat="42.634034" lon="-8.644925">
        <ele>74.627972</ele>
        <time>2026-08-10T03:51:51.201Z</time>
      </trkpt>
      <trkpt lat="42.634448" lon="-8.644850">
        <ele>74.967001</ele>
        <time>2026-08-10T03:52:34.585Z</time>
      </trkpt>
      <trkpt lat="42.635189" lon="-8.644787">
        <ele>75.300384</ele>
        <time>2026-08-10T03:53:52.246Z</time>
      </trkpt>
      <trkpt lat="42.635822" lon="-8.644846">
        <ele>75.585289</ele>
        <time>2026-08-10T03:54:56.129Z</time>
      </trkpt>
      <trkpt lat="42.636957" lon="-8.644833">
        <ele>76.144026</ele>
        <time>2026-08-10T03:56:51.239Z</time>
      </trkpt>
      <trkpt lat="42.637281" lon="-8.644646">
        <ele>76.319653</ele>
        <time>2026-08-10T03:57:27.787Z</time>
      </trkpt>
      <trkpt lat="42.637420" lon="-8.644623">
        <ele>76.389519</ele>
        <time>2026-08-10T03:57:42.633Z</time>
      </trkpt>
      <trkpt lat="42.637830" lon="-8.644685">
        <ele>76.697906</ele>
        <time>2026-08-10T03:58:27.100Z</time>
      </trkpt>
      <trkpt lat="42.638245" lon="-8.644636">
        <ele>77.386213</ele>
        <time>2026-08-10T03:59:13.275Z</time>
      </trkpt>
      <trkpt lat="42.639193" lon="-8.644389">
        <ele>78.981153</ele>
        <time>2026-08-10T04:00:55.036Z</time>
      </trkpt>
      <trkpt lat="42.639435" lon="-8.644281">
        <ele>79.402019</ele>
        <time>2026-08-10T04:01:20.917Z</time>
      </trkpt>
      <trkpt lat="42.639614" lon="-8.644136">
        <ele>80.008277</ele>
        <time>2026-08-10T04:01:42.156Z</time>
      </trkpt>
      <trkpt lat="42.639918" lon="-8.643714">
        <ele>81.568239</ele>
        <time>2026-08-10T04:02:27.726Z</time>
      </trkpt>
      <trkpt lat="42.640068" lon="-8.643589">
        <ele>82.199920</ele>
        <time>2026-08-10T04:02:46.608Z</time>
      </trkpt>
      <trkpt lat="42.640462" lon="-8.643361">
        <ele>83.737330</ele>
        <time>2026-08-10T04:03:33.953Z</time>
      </trkpt>
      <trkpt lat="42.641308" lon="-8.643087">
        <ele>88.163027</ele>
        <time>2026-08-10T04:05:19.420Z</time>
      </trkpt>
      <trkpt lat="42.641786" lon="-8.642995">
        <ele>92.465918</ele>
        <time>2026-08-10T04:06:22.379Z</time>
      </trkpt>
      <trkpt lat="42.642056" lon="-8.643038">
        <ele>94.888878</ele>
        <time>2026-08-10T04:06:58.437Z</time>
      </trkpt>
      <trkpt lat="42.642177" lon="-8.643044">
        <ele>95.968065</ele>
        <time>2026-08-10T04:07:14.576Z</time>
      </trkpt>
      <trkpt lat="42.642589" lon="-8.643066">
        <ele>99.643043</ele>
        <time>2026-08-10T04:08:10.046Z</time>
      </trkpt>
      <trkpt lat="42.642652" lon="-8.643104">
        <ele>100.257349</ele>
        <time>2026-08-10T04:08:19.250Z</time>
      </trkpt>
      <trkpt lat="42.642853" lon="-8.643340">
        <ele>102.563915</ele>
        <time>2026-08-10T04:08:54.852Z</time>
      </trkpt>
      <trkpt lat="42.643074" lon="-8.643386">
        <ele>104.359440</ele>
        <time>2026-08-10T04:09:24.514Z</time>
      </trkpt>
      <trkpt lat="42.643458" lon="-8.643403">
        <ele>107.444963</ele>
        <time>2026-08-10T04:10:14.703Z</time>
      </trkpt>
      <trkpt lat="42.643704" lon="-8.643383">
        <ele>109.424109</ele>
        <time>2026-08-10T04:10:46.180Z</time>
      </trkpt>
      <trkpt lat="42.644232" lon="-8.643216">
        <ele>113.777704</ele>
        <time>2026-08-10T04:11:54.129Z</time>
      </trkpt>
      <trkpt lat="42.644502" lon="-8.643186">
        <ele>115.953293</ele>
        <time>2026-08-10T04:12:27.396Z</time>
      </trkpt>
      <trkpt lat="42.644743" lon="-8.643242">
        <ele>117.284030</ele>
        <time>2026-08-10T04:12:57.061Z</time>
      </trkpt>
      <trkpt lat="42.645151" lon="-8.643416">
        <ele>119.229818</ele>
        <time>2026-08-10T04:13:47.938Z</time>
      </trkpt>
      <trkpt lat="42.645384" lon="-8.643386">
        <ele>120.294816</ele>
        <time>2026-08-10T04:14:15.228Z</time>
      </trkpt>
      <trkpt lat="42.645496" lon="-8.643403">
        <ele>120.807632</ele>
        <time>2026-08-10T04:14:28.291Z</time>
      </trkpt>
      <trkpt lat="42.645837" lon="-8.643571">
        <ele>122.458080</ele>
        <time>2026-08-10T04:15:09.726Z</time>
      </trkpt>
      <trkpt lat="42.646364" lon="-8.643580">
        <ele>124.768514</ele>
        <time>2026-08-10T04:16:08.417Z</time>
      </trkpt>
      <trkpt lat="42.646931" lon="-8.643700">
        <ele>126.312935</ele>
        <time>2026-08-10T04:17:10.825Z</time>
      </trkpt>
      <trkpt lat="42.647087" lon="-8.643801">
        <ele>126.777977</ele>
        <time>2026-08-10T04:17:29.452Z</time>
      </trkpt>
      <trkpt lat="42.647419" lon="-8.644285">
        <ele>128.088128</ele>
        <time>2026-08-10T04:18:22.100Z</time>
      </trkpt>
      <trkpt lat="42.647803" lon="-8.644595">
        <ele>129.290107</ele>
        <time>2026-08-10T04:19:11.080Z</time>
      </trkpt>
      <trkpt lat="42.648075" lon="-8.644699">
        <ele>130.254297</ele>
        <time>2026-08-10T04:19:42.549Z</time>
      </trkpt>
      <trkpt lat="42.648313" lon="-8.644729">
        <ele>131.128209</ele>
        <time>2026-08-10T04:20:09.408Z</time>
      </trkpt>
      <trkpt lat="42.648775" lon="-8.644920">
        <ele>132.893752</ele>
        <time>2026-08-10T04:21:03.911Z</time>
      </trkpt>
      <trkpt lat="42.648980" lon="-8.644940">
        <ele>133.645204</ele>
        <time>2026-08-10T04:21:27.406Z</time>
      </trkpt>
      <trkpt lat="42.649235" lon="-8.645035">
        <ele>134.611910</ele>
        <time>2026-08-10T04:21:57.984Z</time>
      </trkpt>
      <trkpt lat="42.649365" lon="-8.645111">
        <ele>135.129297</ele>
        <time>2026-08-10T04:22:14.265Z</time>
      </trkpt>
      <trkpt lat="42.649437" lon="-8.645274">
        <ele>135.640610</ele>
        <time>2026-08-10T04:22:30.269Z</time>
      </trkpt>
      <trkpt lat="42.649311" lon="-8.645332">
        <ele>136.102789</ele>
        <time>2026-08-10T04:22:45.293Z</time>
      </trkpt>
      <trkpt lat="42.649347" lon="-8.645562">
        <ele>136.511747</ele>
        <time>2026-08-10T04:23:04.872Z</time>
      </trkpt>
      <trkpt lat="42.649387" lon="-8.645664">
        <ele>136.712777</ele>
        <time>2026-08-10T04:23:14.427Z</time>
      </trkpt>
      <trkpt lat="42.649512" lon="-8.645843">
        <ele>137.142043</ele>
        <time>2026-08-10T04:23:34.725Z</time>
      </trkpt>
      <trkpt lat="42.649580" lon="-8.646038">
        <ele>137.517358</ele>
        <time>2026-08-10T04:23:52.427Z</time>
      </trkpt>
      <trkpt lat="42.649747" lon="-8.646126">
        <ele>137.940852</ele>
        <time>2026-08-10T04:24:12.435Z</time>
      </trkpt>
      <trkpt lat="42.650052" lon="-8.646456">
        <ele>138.862518</ele>
        <time>2026-08-10T04:24:54.895Z</time>
      </trkpt>
      <trkpt lat="42.650217" lon="-8.646732">
        <ele>139.481071</ele>
        <time>2026-08-10T04:25:21.880Z</time>
      </trkpt>
      <trkpt lat="42.650264" lon="-8.646775">
        <ele>139.615022</ele>
        <time>2026-08-10T04:25:27.686Z</time>
      </trkpt>
      <trkpt lat="42.650369" lon="-8.646816">
        <ele>139.873332</ele>
        <time>2026-08-10T04:25:38.838Z</time>
      </trkpt>
      <trkpt lat="42.650528" lon="-8.646809">
        <ele>140.249487</ele>
        <time>2026-08-10T04:25:54.961Z</time>
      </trkpt>
      <trkpt lat="42.650647" lon="-8.646936">
        <ele>140.548118</ele>
        <time>2026-08-10T04:26:10.381Z</time>
      </trkpt>
      <trkpt lat="42.650739" lon="-8.646900">
        <ele>140.729271</ele>
        <time>2026-08-10T04:26:20.142Z</time>
      </trkpt>
      <trkpt lat="42.650777" lon="-8.646852">
        <ele>140.827419</ele>
        <time>2026-08-10T04:26:25.506Z</time>
      </trkpt>
      <trkpt lat="42.650945" lon="-8.646370">
        <ele>141.569746</ele>
        <time>2026-08-10T04:27:06.119Z</time>
      </trkpt>
      <trkpt lat="42.651159" lon="-8.646347">
        <ele>141.975948</ele>
        <time>2026-08-10T04:27:28.660Z</time>
      </trkpt>
      <trkpt lat="42.651462" lon="-8.646433">
        <ele>142.561656</ele>
        <time>2026-08-10T04:28:01.120Z</time>
      </trkpt>
      <trkpt lat="42.651638" lon="-8.646391">
        <ele>142.899780</ele>
        <time>2026-08-10T04:28:19.856Z</time>
      </trkpt>
      <trkpt lat="42.651716" lon="-8.646322">
        <ele>143.075864</ele>
        <time>2026-08-10T04:28:29.687Z</time>
      </trkpt>
      <trkpt lat="42.652051" lon="-8.645692">
        <ele>144.827248</ele>
        <time>2026-08-10T04:29:35.057Z</time>
      </trkpt>
      <trkpt lat="42.652298" lon="-8.645520">
        <ele>146.146074</ele>
        <time>2026-08-10T04:30:07.795Z</time>
      </trkpt>
      <trkpt lat="42.652543" lon="-8.645375">
        <ele>147.415921</ele>
        <time>2026-08-10T04:30:39.091Z</time>
      </trkpt>
      <trkpt lat="42.653165" lon="-8.644819">
        <ele>150.953476</ele>
        <time>2026-08-10T04:32:06.861Z</time>
      </trkpt>
      <trkpt lat="42.653516" lon="-8.644547">
        <ele>152.698498</ele>
        <time>2026-08-10T04:32:55.080Z</time>
      </trkpt>
      <trkpt lat="42.653638" lon="-8.644340">
        <ele>153.360079</ele>
        <time>2026-08-10T04:33:17.853Z</time>
      </trkpt>
      <trkpt lat="42.653748" lon="-8.644205">
        <ele>153.862582</ele>
        <time>2026-08-10T04:33:34.974Z</time>
      </trkpt>
      <trkpt lat="42.654074" lon="-8.644255">
        <ele>154.975094</ele>
        <time>2026-08-10T04:34:12.079Z</time>
      </trkpt>
      <trkpt lat="42.654182" lon="-8.644261">
        <ele>155.341639</ele>
        <time>2026-08-10T04:34:23.986Z</time>
      </trkpt>
      <trkpt lat="42.654241" lon="-8.644234">
        <ele>155.552742</ele>
        <time>2026-08-10T04:34:30.804Z</time>
      </trkpt>
      <trkpt lat="42.654662" lon="-8.643907">
        <ele>157.196915</ele>
        <time>2026-08-10T04:35:24.174Z</time>
      </trkpt>
      <trkpt lat="42.654728" lon="-8.643718">
        <ele>157.718717</ele>
        <time>2026-08-10T04:35:41.186Z</time>
      </trkpt>
      <trkpt lat="42.654735" lon="-8.643621">
        <ele>157.961796</ele>
        <time>2026-08-10T04:35:48.997Z</time>
      </trkpt>
      <trkpt lat="42.654748" lon="-8.643444">
        <ele>158.377097</ele>
        <time>2026-08-10T04:36:03.148Z</time>
      </trkpt>
      <trkpt lat="42.654782" lon="-8.643310">
        <ele>158.499689</ele>
        <time>2026-08-10T04:36:14.191Z</time>
      </trkpt>
      <trkpt lat="42.654917" lon="-8.643103">
        <ele>158.738960</ele>
        <time>2026-08-10T04:36:35.348Z</time>
      </trkpt>
      <trkpt lat="42.655066" lon="-8.643021">
        <ele>158.927982</ele>
        <time>2026-08-10T04:36:51.954Z</time>
      </trkpt>
      <trkpt lat="42.655162" lon="-8.643047">
        <ele>159.043090</ele>
        <time>2026-08-10T04:37:02.097Z</time>
      </trkpt>
      <trkpt lat="42.655401" lon="-8.643129">
        <ele>159.332947</ele>
        <time>2026-08-10T04:37:27.605Z</time>
      </trkpt>
      <trkpt lat="42.655450" lon="-8.643093">
        <ele>159.398441</ele>
        <time>2026-08-10T04:37:33.468Z</time>
      </trkpt>
      <trkpt lat="42.655488" lon="-8.642981">
        <ele>159.505113</ele>
        <time>2026-08-10T04:37:42.831Z</time>
      </trkpt>
      <trkpt lat="42.655544" lon="-8.642373">
        <ele>160.035038</ele>
        <time>2026-08-10T04:38:29.900Z</time>
      </trkpt>
      <trkpt lat="42.655754" lon="-8.642133">
        <ele>160.357626</ele>
        <time>2026-08-10T04:38:58.413Z</time>
      </trkpt>
      <trkpt lat="42.655829" lon="-8.642085">
        <ele>160.455102</ele>
        <time>2026-08-10T04:39:06.880Z</time>
      </trkpt>
      <trkpt lat="42.655957" lon="-8.642201">
        <ele>160.459469</ele>
        <time>2026-08-10T04:39:22.428Z</time>
      </trkpt>
      <trkpt lat="42.656142" lon="-8.642310">
        <ele>160.433084</ele>
        <time>2026-08-10T04:39:42.628Z</time>
      </trkpt>
      <trkpt lat="42.656590" lon="-8.642463">
        <ele>160.372637</ele>
        <time>2026-08-10T04:40:29.012Z</time>
      </trkpt>
      <trkpt lat="42.657000" lon="-8.642657">
        <ele>160.315828</ele>
        <time>2026-08-10T04:41:12.696Z</time>
      </trkpt>
      <trkpt lat="42.657228" lon="-8.642832">
        <ele>160.281566</ele>
        <time>2026-08-10T04:41:39.273Z</time>
      </trkpt>
      <trkpt lat="42.657300" lon="-8.642841">
        <ele>160.272104</ele>
        <time>2026-08-10T04:41:46.607Z</time>
      </trkpt>
      <trkpt lat="42.657551" lon="-8.642414">
        <ele>159.888917</ele>
        <time>2026-08-10T04:42:27.614Z</time>
      </trkpt>
      <trkpt lat="42.657635" lon="-8.642142">
        <ele>159.439171</ele>
        <time>2026-08-10T04:42:49.848Z</time>
      </trkpt>
      <trkpt lat="42.657955" lon="-8.641474">
        <ele>158.223800</ele>
        <time>2026-08-10T04:43:50.310Z</time>
      </trkpt>
      <trkpt lat="42.658071" lon="-8.640587">
        <ele>156.850351</ele>
        <time>2026-08-10T04:45:00.227Z</time>
      </trkpt>
      <trkpt lat="42.658125" lon="-8.640242">
        <ele>156.146169</ele>
        <time>2026-08-10T04:45:28.052Z</time>
      </trkpt>
      <trkpt lat="42.658169" lon="-8.640091">
        <ele>155.693077</ele>
        <time>2026-08-10T04:45:40.927Z</time>
      </trkpt>
      <trkpt lat="42.658231" lon="-8.640012">
        <ele>155.370776</ele>
        <time>2026-08-10T04:45:50.158Z</time>
      </trkpt>
      <trkpt lat="42.658532" lon="-8.639892">
        <ele>154.180941</ele>
        <time>2026-08-10T04:46:24.193Z</time>
      </trkpt>
      <trkpt lat="42.658616" lon="-8.639802">
        <ele>153.775280</ele>
        <time>2026-08-10T04:46:35.961Z</time>
      </trkpt>
      <trkpt lat="42.658650" lon="-8.639713">
        <ele>153.495506</ele>
        <time>2026-08-10T04:46:43.974Z</time>
      </trkpt>
      <trkpt lat="42.658681" lon="-8.639421">
        <ele>152.672503</ele>
        <time>2026-08-10T04:47:07.556Z</time>
      </trkpt>
      <trkpt lat="42.658647" lon="-8.639264">
        <ele>152.215944</ele>
        <time>2026-08-10T04:47:20.726Z</time>
      </trkpt>
      <trkpt lat="42.658576" lon="-8.639177">
        <ele>151.853404</ele>
        <time>2026-08-10T04:47:31.083Z</time>
      </trkpt>
      <trkpt lat="42.658385" lon="-8.639031">
        <ele>151.022261</ele>
        <time>2026-08-10T04:47:54.847Z</time>
      </trkpt>
      <trkpt lat="42.658246" lon="-8.638848">
        <ele>150.288357</ele>
        <time>2026-08-10T04:48:15.774Z</time>
      </trkpt>
      <trkpt lat="42.658072" lon="-8.638298">
        <ele>149.372811</ele>
        <time>2026-08-10T04:49:02.711Z</time>
      </trkpt>
      <trkpt lat="42.658026" lon="-8.638170">
        <ele>149.255087</ele>
        <time>2026-08-10T04:49:13.730Z</time>
      </trkpt>
      <trkpt lat="42.658019" lon="-8.638081">
        <ele>149.181124</ele>
        <time>2026-08-10T04:49:20.643Z</time>
      </trkpt>
      <trkpt lat="42.658036" lon="-8.638044">
        <ele>149.145073</ele>
        <time>2026-08-10T04:49:23.999Z</time>
      </trkpt>
      <trkpt lat="42.658250" lon="-8.637897">
        <ele>148.875676</ele>
        <time>2026-08-10T04:49:48.775Z</time>
      </trkpt>
      <trkpt lat="42.658408" lon="-8.637845">
        <ele>148.693016</ele>
        <time>2026-08-10T04:50:05.441Z</time>
      </trkpt>
      <trkpt lat="42.658395" lon="-8.637673">
        <ele>148.550139</ele>
        <time>2026-08-10T04:50:18.321Z</time>
      </trkpt>
      <trkpt lat="42.658436" lon="-8.637456">
        <ele>148.365003</ele>
        <time>2026-08-10T04:50:34.960Z</time>
      </trkpt>
      <trkpt lat="42.658476" lon="-8.636961">
        <ele>147.953510</ele>
        <time>2026-08-10T04:51:11.615Z</time>
      </trkpt>
      <trkpt lat="42.658725" lon="-8.636633">
        <ele>147.779092</ele>
        <time>2026-08-10T04:51:46.934Z</time>
      </trkpt>
      <trkpt lat="42.658774" lon="-8.636505">
        <ele>147.903068</ele>
        <time>2026-08-10T04:51:57.951Z</time>
      </trkpt>
      <trkpt lat="42.658951" lon="-8.635363">
        <ele>148.905747</ele>
        <time>2026-08-10T04:53:28.073Z</time>
      </trkpt>
      <trkpt lat="42.659208" lon="-8.635363">
        <ele>149.205986</ele>
        <time>2026-08-10T04:53:55.249Z</time>
      </trkpt>
      <trkpt lat="42.659434" lon="-8.635254">
        <ele>149.486125</ele>
        <time>2026-08-10T04:54:20.613Z</time>
      </trkpt>
      <trkpt lat="42.659560" lon="-8.635259">
        <ele>149.633387</ele>
        <time>2026-08-10T04:54:33.887Z</time>
      </trkpt>
      <trkpt lat="42.660252" lon="-8.635755">
        <ele>149.477956</ele>
        <time>2026-08-10T04:55:54.835Z</time>
      </trkpt>
      <trkpt lat="42.660479" lon="-8.635965">
        <ele>149.357044</ele>
        <time>2026-08-10T04:56:22.350Z</time>
      </trkpt>
      <trkpt lat="42.661046" lon="-8.636380">
        <ele>149.073463</ele>
        <time>2026-08-10T04:57:28.145Z</time>
      </trkpt>
      <trkpt lat="42.661146" lon="-8.636430">
        <ele>149.026540</ele>
        <time>2026-08-10T04:57:39.177Z</time>
      </trkpt>
      <trkpt lat="42.661405" lon="-8.636430">
        <ele>148.321682</ele>
        <time>2026-08-10T04:58:06.432Z</time>
      </trkpt>
      <trkpt lat="42.661497" lon="-8.636394">
        <ele>147.902658</ele>
        <time>2026-08-10T04:58:16.580Z</time>
      </trkpt>
      <trkpt lat="42.661610" lon="-8.636291">
        <ele>147.307226</ele>
        <time>2026-08-10T04:58:31.209Z</time>
      </trkpt>
      <trkpt lat="42.662006" lon="-8.635690">
        <ele>144.709854</ele>
        <time>2026-08-10T04:59:36.339Z</time>
      </trkpt>
      <trkpt lat="42.662154" lon="-8.635522">
        <ele>143.866031</ele>
        <time>2026-08-10T04:59:57.821Z</time>
      </trkpt>
      <trkpt lat="42.662562" lon="-8.635176">
        <ele>141.761424</ele>
        <time>2026-08-10T05:00:51.497Z</time>
      </trkpt>
      <trkpt lat="42.662945" lon="-8.634674">
        <ele>140.117729</ele>
        <time>2026-08-10T05:01:50.489Z</time>
      </trkpt>
      <trkpt lat="42.663737" lon="-8.634021">
        <ele>137.722887</ele>
        <time>2026-08-10T05:03:28.511Z</time>
      </trkpt>
      <trkpt lat="42.664001" lon="-8.633859">
        <ele>136.973992</ele>
        <time>2026-08-10T05:03:57.570Z</time>
      </trkpt>
      <trkpt lat="42.664800" lon="-8.633482">
        <ele>136.560040</ele>
        <time>2026-08-10T05:05:23.448Z</time>
      </trkpt>
      <trkpt lat="42.665250" lon="-8.633348">
        <ele>136.634900</ele>
        <time>2026-08-10T05:06:10.367Z</time>
      </trkpt>
      <trkpt lat="42.665839" lon="-8.633221">
        <ele>136.731812</ele>
        <time>2026-08-10T05:07:10.224Z</time>
      </trkpt>
      <trkpt lat="42.666610" lon="-8.633148">
        <ele>136.016485</ele>
        <time>2026-08-10T05:08:27.730Z</time>
      </trkpt>
      <trkpt lat="42.667117" lon="-8.633160">
        <ele>135.468409</ele>
        <time>2026-08-10T05:09:19.410Z</time>
      </trkpt>
      <trkpt lat="42.667212" lon="-8.633129">
        <ele>135.362814</ele>
        <time>2026-08-10T05:09:29.370Z</time>
      </trkpt>
      <trkpt lat="42.667248" lon="-8.633133">
        <ele>135.323774</ele>
        <time>2026-08-10T05:09:33.080Z</time>
      </trkpt>
      <trkpt lat="42.667291" lon="-8.633140">
        <ele>135.276965</ele>
        <time>2026-08-10T05:09:37.563Z</time>
      </trkpt>
      <trkpt lat="42.667202" lon="-8.633826">
        <ele>134.535913</ele>
        <time>2026-08-10T05:10:30.983Z</time>
      </trkpt>
      <trkpt lat="42.667377" lon="-8.633800">
        <ele>133.900333</ele>
        <time>2026-08-10T05:10:49.542Z</time>
      </trkpt>
      <trkpt lat="42.668099" lon="-8.633863">
        <ele>131.288261</ele>
        <time>2026-08-10T05:12:07.850Z</time>
      </trkpt>
      <trkpt lat="42.668800" lon="-8.633880">
        <ele>128.756966</ele>
        <time>2026-08-10T05:13:23.782Z</time>
      </trkpt>
      <trkpt lat="42.669829" lon="-8.633803">
        <ele>124.721667</ele>
        <time>2026-08-10T05:15:15.243Z</time>
      </trkpt>
      <trkpt lat="42.670135" lon="-8.633737">
        <ele>123.495579</ele>
        <time>2026-08-10T05:15:48.694Z</time>
      </trkpt>
      <trkpt lat="42.670779" lon="-8.633514">
        <ele>120.974865</ele>
        <time>2026-08-10T05:17:00.747Z</time>
      </trkpt>
      <trkpt lat="42.671373" lon="-8.633383">
        <ele>119.390763</ele>
        <time>2026-08-10T05:18:05.714Z</time>
      </trkpt>
      <trkpt lat="42.672168" lon="-8.633131">
        <ele>117.241875</ele>
        <time>2026-08-10T05:19:31.620Z</time>
      </trkpt>
      <trkpt lat="42.672408" lon="-8.633013">
        <ele>116.570073</ele>
        <time>2026-08-10T05:19:57.773Z</time>
      </trkpt>
      <trkpt lat="42.672622" lon="-8.633000">
        <ele>116.675477</ele>
        <time>2026-08-10T05:20:19.526Z</time>
      </trkpt>
      <trkpt lat="42.672850" lon="-8.633029">
        <ele>116.967888</ele>
        <time>2026-08-10T05:20:42.596Z</time>
      </trkpt>
      <trkpt lat="42.673044" lon="-8.633114">
        <ele>117.228149</ele>
        <time>2026-08-10T05:21:03.008Z</time>
      </trkpt>
      <trkpt lat="42.673204" lon="-8.633187">
        <ele>117.443647</ele>
        <time>2026-08-10T05:21:20.086Z</time>
      </trkpt>
      <trkpt lat="42.673600" lon="-8.633243">
        <ele>117.952037</ele>
        <time>2026-08-10T05:22:01.525Z</time>
      </trkpt>
      <trkpt lat="42.674031" lon="-8.633201">
        <ele>118.503805</ele>
        <time>2026-08-10T05:22:48.527Z</time>
      </trkpt>
      <trkpt lat="42.674265" lon="-8.633247">
        <ele>118.968773</ele>
        <time>2026-08-10T05:23:15.387Z</time>
      </trkpt>
      <trkpt lat="42.674539" lon="-8.633382">
        <ele>120.505355</ele>
        <time>2026-08-10T05:23:49.449Z</time>
      </trkpt>
      <trkpt lat="42.674738" lon="-8.633614">
        <ele>121.887313</ele>
        <time>2026-08-10T05:24:20.772Z</time>
      </trkpt>
      <trkpt lat="42.674774" lon="-8.633734">
        <ele>122.389736</ele>
        <time>2026-08-10T05:24:32.317Z</time>
      </trkpt>
      <trkpt lat="42.674824" lon="-8.634611">
        <ele>125.799674</ele>
        <time>2026-08-10T05:25:51.461Z</time>
      </trkpt>
      <trkpt lat="42.674938" lon="-8.635449">
        <ele>128.620583</ele>
        <time>2026-08-10T05:27:06.238Z</time>
      </trkpt>
      <trkpt lat="42.675202" lon="-8.636182">
        <ele>130.020937</ele>
        <time>2026-08-10T05:28:12.700Z</time>
      </trkpt>
      <trkpt lat="42.675464" lon="-8.637141">
        <ele>131.776152</ele>
        <time>2026-08-10T05:29:31.383Z</time>
      </trkpt>
      <trkpt lat="42.675522" lon="-8.637275">
        <ele>132.042929</ele>
        <time>2026-08-10T05:29:43.201Z</time>
      </trkpt>
      <trkpt lat="42.675616" lon="-8.637411">
        <ele>132.363173</ele>
        <time>2026-08-10T05:29:57.326Z</time>
      </trkpt>
      <trkpt lat="42.675978" lon="-8.637907">
        <ele>131.138176</ele>
        <time>2026-08-10T05:30:49.832Z</time>
      </trkpt>
      <trkpt lat="42.676277" lon="-8.638494">
        <ele>129.729870</ele>
        <time>2026-08-10T05:31:43.706Z</time>
      </trkpt>
      <trkpt lat="42.676392" lon="-8.638686">
        <ele>129.241482</ele>
        <time>2026-08-10T05:32:02.888Z</time>
      </trkpt>
      <trkpt lat="42.676632" lon="-8.638600">
        <ele>128.575744</ele>
        <time>2026-08-10T05:32:29.836Z</time>
      </trkpt>
      <trkpt lat="42.676742" lon="-8.638495">
        <ele>128.215274</ele>
        <time>2026-08-10T05:32:44.755Z</time>
      </trkpt>
      <trkpt lat="42.676892" lon="-8.638290">
        <ele>127.644899</ele>
        <time>2026-08-10T05:33:08.856Z</time>
      </trkpt>
      <trkpt lat="42.676939" lon="-8.638205">
        <ele>126.921636</ele>
        <time>2026-08-10T05:33:17.896Z</time>
      </trkpt>
      <trkpt lat="42.677021" lon="-8.637851">
        <ele>124.037935</ele>
        <time>2026-08-10T05:33:49.898Z</time>
      </trkpt>
      <trkpt lat="42.677152" lon="-8.637442">
        <ele>120.571727</ele>
        <time>2026-08-10T05:34:29.598Z</time>
      </trkpt>
      <trkpt lat="42.677287" lon="-8.637208">
        <ele>118.260710</ele>
        <time>2026-08-10T05:34:56.318Z</time>
      </trkpt>
      <trkpt lat="42.677380" lon="-8.637135">
        <ele>117.125965</ele>
        <time>2026-08-10T05:35:09.440Z</time>
      </trkpt>
      <trkpt lat="42.677496" lon="-8.637100">
        <ele>115.870268</ele>
        <time>2026-08-10T05:35:24.097Z</time>
      </trkpt>
      <trkpt lat="42.677932" lon="-8.637103">
        <ele>111.262520</ele>
        <time>2026-08-10T05:36:17.911Z</time>
      </trkpt>
      <trkpt lat="42.678377" lon="-8.636962">
        <ele>106.190809</ele>
        <time>2026-08-10T05:37:15.301Z</time>
      </trkpt>
      <trkpt lat="42.678571" lon="-8.636977">
        <ele>103.907097</ele>
        <time>2026-08-10T05:37:39.257Z</time>
      </trkpt>
      <trkpt lat="42.678661" lon="-8.637044">
        <ele>102.701299</ele>
        <time>2026-08-10T05:37:51.988Z</time>
      </trkpt>
      <trkpt lat="42.678857" lon="-8.637354">
        <ele>99.168529</ele>
        <time>2026-08-10T05:38:28.944Z</time>
      </trkpt>
      <trkpt lat="42.678923" lon="-8.637404">
        <ele>98.280659</ele>
        <time>2026-08-10T05:38:38.219Z</time>
      </trkpt>
      <trkpt lat="42.678973" lon="-8.637386">
        <ele>97.672790</ele>
        <time>2026-08-10T05:38:44.543Z</time>
      </trkpt>
      <trkpt lat="42.679067" lon="-8.637161">
        <ele>95.436771</ele>
        <time>2026-08-10T05:39:08.119Z</time>
      </trkpt>
      <trkpt lat="42.679178" lon="-8.637356">
        <ele>93.305921</ele>
        <time>2026-08-10T05:39:30.399Z</time>
      </trkpt>
      <trkpt lat="42.679267" lon="-8.637349">
        <ele>92.258180</ele>
        <time>2026-08-10T05:39:41.449Z</time>
      </trkpt>
      <trkpt lat="42.679408" lon="-8.637149">
        <ele>89.863983</ele>
        <time>2026-08-10T05:40:06.610Z</time>
      </trkpt>
      <trkpt lat="42.679913" lon="-8.636844">
        <ele>85.726089</ele>
        <time>2026-08-10T05:41:14.258Z</time>
      </trkpt>
      <trkpt lat="42.680385" lon="-8.636280">
        <ele>82.593062</ele>
        <time>2026-08-10T05:42:25.636Z</time>
      </trkpt>
      <trkpt lat="42.680512" lon="-8.636170">
        <ele>81.842232</ele>
        <time>2026-08-10T05:42:41.993Z</time>
      </trkpt>
      <trkpt lat="42.680642" lon="-8.636106">
        <ele>81.152781</ele>
        <time>2026-08-10T05:42:56.679Z</time>
      </trkpt>
      <trkpt lat="42.680893" lon="-8.636121">
        <ele>79.899857</ele>
        <time>2026-08-10T05:43:22.489Z</time>
      </trkpt>
      <trkpt lat="42.681116" lon="-8.636208">
        <ele>78.742941</ele>
        <time>2026-08-10T05:43:46.222Z</time>
      </trkpt>
      <trkpt lat="42.682003" lon="-8.636690">
        <ele>78.123034</ele>
        <time>2026-08-10T05:45:31.573Z</time>
      </trkpt>
      <trkpt lat="42.682539" lon="-8.637084">
        <ele>77.874024</ele>
        <time>2026-08-10T05:46:33.689Z</time>
      </trkpt>
      <trkpt lat="42.682608" lon="-8.637037">
        <ele>77.842484</ele>
        <time>2026-08-10T05:46:42.045Z</time>
      </trkpt>
      <trkpt lat="42.682927" lon="-8.637104">
        <ele>77.217425</ele>
        <time>2026-08-10T05:47:17.542Z</time>
      </trkpt>
      <trkpt lat="42.683049" lon="-8.637085">
        <ele>76.643295</ele>
        <time>2026-08-10T05:47:31.394Z</time>
      </trkpt>
      <trkpt lat="42.683537" lon="-8.636755">
        <ele>74.095316</ele>
        <time>2026-08-10T05:48:33.552Z</time>
      </trkpt>
      <trkpt lat="42.683873" lon="-8.636617">
        <ele>72.454328</ele>
        <time>2026-08-10T05:49:13.457Z</time>
      </trkpt>
      <trkpt lat="42.684226" lon="-8.636537">
        <ele>70.781149</ele>
        <time>2026-08-10T05:49:52.554Z</time>
      </trkpt>
      <trkpt lat="42.684609" lon="-8.636688">
        <ele>69.375490</ele>
        <time>2026-08-10T05:50:34.524Z</time>
      </trkpt>
      <trkpt lat="42.685002" lon="-8.636910">
        <ele>69.500659</ele>
        <time>2026-08-10T05:51:17.450Z</time>
      </trkpt>
      <trkpt lat="42.685184" lon="-8.636981">
        <ele>69.556352</ele>
        <time>2026-08-10T05:51:37.087Z</time>
      </trkpt>
      <trkpt lat="42.685416" lon="-8.637059">
        <ele>69.626646</ele>
        <time>2026-08-10T05:52:02.487Z</time>
      </trkpt>
      <trkpt lat="42.685797" lon="-8.637120">
        <ele>69.739489</ele>
        <time>2026-08-10T05:52:43.414Z</time>
      </trkpt>
      <trkpt lat="42.686291" lon="-8.637468">
        <ele>69.777790</ele>
        <time>2026-08-10T05:53:41.142Z</time>
      </trkpt>
      <trkpt lat="42.686574" lon="-8.637612">
        <ele>69.433615</ele>
        <time>2026-08-10T05:54:11.700Z</time>
      </trkpt>
      <trkpt lat="42.686682" lon="-8.637761">
        <ele>69.258402</ele>
        <time>2026-08-10T05:54:27.097Z</time>
      </trkpt>
      <trkpt lat="42.686759" lon="-8.637777">
        <ele>69.169674</ele>
        <time>2026-08-10T05:54:34.997Z</time>
      </trkpt>
      <trkpt lat="42.686872" lon="-8.637754">
        <ele>69.039524</ele>
        <time>2026-08-10T05:54:46.486Z</time>
      </trkpt>
      <trkpt lat="42.686996" lon="-8.637639">
        <ele>68.868577</ele>
        <time>2026-08-10T05:55:01.689Z</time>
      </trkpt>
      <trkpt lat="42.687081" lon="-8.637612">
        <ele>68.769149</ele>
        <time>2026-08-10T05:55:10.582Z</time>
      </trkpt>
      <trkpt lat="42.687963" lon="-8.637840">
        <ele>67.478401</ele>
        <time>2026-08-10T05:56:44.441Z</time>
      </trkpt>
      <trkpt lat="42.688170" lon="-8.637987">
        <ele>66.343704</ele>
        <time>2026-08-10T05:57:09.710Z</time>
      </trkpt>
      <trkpt lat="42.688277" lon="-8.638281">
        <ele>65.171883</ele>
        <time>2026-08-10T05:57:36.001Z</time>
      </trkpt>
      <trkpt lat="42.688400" lon="-8.638411">
        <ele>64.414998</ele>
        <time>2026-08-10T05:57:53.231Z</time>
      </trkpt>
      <trkpt lat="42.688547" lon="-8.638379">
        <ele>63.691577</ele>
        <time>2026-08-10T05:58:09.770Z</time>
      </trkpt>
      <trkpt lat="42.689059" lon="-8.638131">
        <ele>61.050568</ele>
        <time>2026-08-10T05:59:10.257Z</time>
      </trkpt>
      <trkpt lat="42.689551" lon="-8.638202">
        <ele>58.665932</ele>
        <time>2026-08-10T06:00:05.378Z</time>
      </trkpt>
      <trkpt lat="42.689619" lon="-8.638229">
        <ele>58.336981</ele>
        <time>2026-08-10T06:00:13.258Z</time>
      </trkpt>
      <trkpt lat="42.689679" lon="-8.638335">
        <ele>57.880314</ele>
        <time>2026-08-10T06:00:24.339Z</time>
      </trkpt>
      <trkpt lat="42.689743" lon="-8.638378">
        <ele>57.548845</ele>
        <time>2026-08-10T06:00:32.355Z</time>
      </trkpt>
      <trkpt lat="42.690055" lon="-8.638465">
        <ele>56.069862</ele>
        <time>2026-08-10T06:01:08.545Z</time>
      </trkpt>
      <trkpt lat="42.690185" lon="-8.638533">
        <ele>55.423087</ele>
        <time>2026-08-10T06:01:24.298Z</time>
      </trkpt>
      <trkpt lat="42.690339" lon="-8.638638">
        <ele>54.623161</ele>
        <time>2026-08-10T06:01:43.597Z</time>
      </trkpt>
      <trkpt lat="42.690481" lon="-8.638781">
        <ele>53.802748</ele>
        <time>2026-08-10T06:02:03.041Z</time>
      </trkpt>
      <trkpt lat="42.690704" lon="-8.638112">
        <ele>51.295402</ele>
        <time>2026-08-10T06:03:01.081Z</time>
      </trkpt>
      <trkpt lat="42.690908" lon="-8.637668">
        <ele>50.749106</ele>
        <time>2026-08-10T06:03:40.694Z</time>
      </trkpt>
      <trkpt lat="42.690944" lon="-8.637612">
        <ele>50.751879</ele>
        <time>2026-08-10T06:03:46.219Z</time>
      </trkpt>
      <trkpt lat="42.691013" lon="-8.637569">
        <ele>50.755727</ele>
        <time>2026-08-10T06:03:53.795Z</time>
      </trkpt>
      <trkpt lat="42.691187" lon="-8.637585">
        <ele>50.764569</ele>
        <time>2026-08-10T06:04:11.636Z</time>
      </trkpt>
      <trkpt lat="42.691520" lon="-8.637585">
        <ele>50.781454</ele>
        <time>2026-08-10T06:04:45.173Z</time>
      </trkpt>
      <trkpt lat="42.691867" lon="-8.637489">
        <ele>50.799408</ele>
        <time>2026-08-10T06:05:22.375Z</time>
      </trkpt>
      <trkpt lat="42.692006" lon="-8.637404">
        <ele>50.807135</ele>
        <time>2026-08-10T06:05:38.539Z</time>
      </trkpt>
      <trkpt lat="42.692361" lon="-8.637492">
        <ele>50.825431</ele>
        <time>2026-08-10T06:06:16.252Z</time>
      </trkpt>
      <trkpt lat="42.692676" lon="-8.637461">
        <ele>51.347492</ele>
        <time>2026-08-10T06:06:48.902Z</time>
      </trkpt>
      <trkpt lat="42.692867" lon="-8.637685">
        <ele>51.805163</ele>
        <time>2026-08-10T06:07:14.712Z</time>
      </trkpt>
      <trkpt lat="42.693213" lon="-8.637819">
        <ele>52.458086</ele>
        <time>2026-08-10T06:07:51.302Z</time>
      </trkpt>
      <trkpt lat="42.693393" lon="-8.637915">
        <ele>52.808983</ele>
        <time>2026-08-10T06:08:11.672Z</time>
      </trkpt>
      <trkpt lat="42.693523" lon="-8.637913">
        <ele>53.044943</ele>
        <time>2026-08-10T06:08:25.755Z</time>
      </trkpt>
      <trkpt lat="42.693617" lon="-8.637979">
        <ele>53.236928</ele>
        <time>2026-08-10T06:08:37.226Z</time>
      </trkpt>
      <trkpt lat="42.693930" lon="-8.638136">
        <ele>53.842387</ele>
        <time>2026-08-10T06:09:14.003Z</time>
      </trkpt>
      <trkpt lat="42.694505" lon="-8.638265">
        <ele>54.971765</ele>
        <time>2026-08-10T06:10:19.989Z</time>
      </trkpt>
      <trkpt lat="42.694958" lon="-8.638246">
        <ele>55.867244</ele>
        <time>2026-08-10T06:11:11.712Z</time>
      </trkpt>
      <trkpt lat="42.695541" lon="-8.638302">
        <ele>57.022023</ele>
        <time>2026-08-10T06:12:13.618Z</time>
      </trkpt>
      <trkpt lat="42.695692" lon="-8.638337">
        <ele>57.324672</ele>
        <time>2026-08-10T06:12:28.941Z</time>
      </trkpt>
      <trkpt lat="42.695776" lon="-8.638393">
        <ele>57.509495</ele>
        <time>2026-08-10T06:12:38.290Z</time>
      </trkpt>
      <trkpt lat="42.695830" lon="-8.638436">
        <ele>57.633119</ele>
        <time>2026-08-10T06:12:44.595Z</time>
      </trkpt>
      <trkpt lat="42.695908" lon="-8.638561">
        <ele>57.395522</ele>
        <time>2026-08-10T06:12:56.972Z</time>
      </trkpt>
      <trkpt lat="42.696134" lon="-8.638932">
        <ele>56.622625</ele>
        <time>2026-08-10T06:13:33.958Z</time>
      </trkpt>
      <trkpt lat="42.696632" lon="-8.639369">
        <ele>55.329381</ele>
        <time>2026-08-10T06:14:37.845Z</time>
      </trkpt>
      <trkpt lat="42.696512" lon="-8.639920">
        <ele>54.407621</ele>
        <time>2026-08-10T06:15:22.924Z</time>
      </trkpt>
      <trkpt lat="42.696560" lon="-8.640143">
        <ele>54.034917</ele>
        <time>2026-08-10T06:15:40.642Z</time>
      </trkpt>
      <trkpt lat="42.696635" lon="-8.640335">
        <ele>53.763392</ele>
        <time>2026-08-10T06:15:57.211Z</time>
      </trkpt>
      <trkpt lat="42.696741" lon="-8.640515">
        <ele>54.240721</ele>
        <time>2026-08-10T06:16:14.602Z</time>
      </trkpt>
      <trkpt lat="42.696825" lon="-8.640597">
        <ele>54.531823</ele>
        <time>2026-08-10T06:16:25.239Z</time>
      </trkpt>
      <trkpt lat="42.697074" lon="-8.640756">
        <ele>55.306320</ele>
        <time>2026-08-10T06:16:52.834Z</time>
      </trkpt>
      <trkpt lat="42.697351" lon="-8.640869">
        <ele>56.120589</ele>
        <time>2026-08-10T06:17:24.337Z</time>
      </trkpt>
      <trkpt lat="42.697688" lon="-8.640954">
        <ele>57.085668</ele>
        <time>2026-08-10T06:18:03.981Z</time>
      </trkpt>
      <trkpt lat="42.698348" lon="-8.640979">
        <ele>58.977652</ele>
        <time>2026-08-10T06:19:23.546Z</time>
      </trkpt>
      <trkpt lat="42.698587" lon="-8.640942">
        <ele>59.793754</ele>
        <time>2026-08-10T06:19:53.057Z</time>
      </trkpt>
      <trkpt lat="42.698958" lon="-8.640731">
        <ele>61.158000</ele>
        <time>2026-08-10T06:20:41.038Z</time>
      </trkpt>
      <trkpt lat="42.699233" lon="-8.640435">
        <ele>62.347636</ele>
        <time>2026-08-10T06:21:20.620Z</time>
      </trkpt>
      <trkpt lat="42.699372" lon="-8.640111">
        <ele>63.283079</ele>
        <time>2026-08-10T06:21:50.492Z</time>
      </trkpt>
      <trkpt lat="42.699402" lon="-8.640082">
        <ele>63.407932</ele>
        <time>2026-08-10T06:21:54.558Z</time>
      </trkpt>
      <trkpt lat="42.699780" lon="-8.640205">
        <ele>64.726559</ele>
        <time>2026-08-10T06:22:35.277Z</time>
      </trkpt>
      <trkpt lat="42.699939" lon="-8.640223">
        <ele>64.752965</ele>
        <time>2026-08-10T06:22:51.597Z</time>
      </trkpt>
      <trkpt lat="42.700056" lon="-8.640164">
        <ele>64.604257</ele>
        <time>2026-08-10T06:23:04.159Z</time>
      </trkpt>
      <trkpt lat="42.700534" lon="-8.640183">
        <ele>64.034335</ele>
        <time>2026-08-10T06:23:53.777Z</time>
      </trkpt>
      <trkpt lat="42.701035" lon="-8.640072">
        <ele>63.429383</ele>
        <time>2026-08-10T06:24:47.067Z</time>
      </trkpt>
      <trkpt lat="42.701175" lon="-8.640166">
        <ele>63.243324</ele>
        <time>2026-08-10T06:25:03.063Z</time>
      </trkpt>
      <trkpt lat="42.701350" lon="-8.640333">
        <ele>62.988583</ele>
        <time>2026-08-10T06:25:25.077Z</time>
      </trkpt>
      <trkpt lat="42.701366" lon="-8.640378">
        <ele>62.944799</ele>
        <time>2026-08-10T06:25:28.930Z</time>
      </trkpt>
      <trkpt lat="42.701363" lon="-8.640604">
        <ele>62.746825</ele>
        <time>2026-08-10T06:25:46.230Z</time>
      </trkpt>
      <trkpt lat="42.701386" lon="-8.640674">
        <ele>62.839982</ele>
        <time>2026-08-10T06:25:52.212Z</time>
      </trkpt>
      <trkpt lat="42.701459" lon="-8.640804">
        <ele>63.058247</ele>
        <time>2026-08-10T06:26:04.727Z</time>
      </trkpt>
      <trkpt lat="42.701585" lon="-8.640924">
        <ele>63.337438</ele>
        <time>2026-08-10T06:26:20.417Z</time>
      </trkpt>
      <trkpt lat="42.701622" lon="-8.641035">
        <ele>63.500041</ele>
        <time>2026-08-10T06:26:29.390Z</time>
      </trkpt>
      <trkpt lat="42.701628" lon="-8.641179">
        <ele>63.692457</ele>
        <time>2026-08-10T06:26:40.076Z</time>
      </trkpt>
      <trkpt lat="42.701600" lon="-8.641430">
        <ele>64.031148</ele>
        <time>2026-08-10T06:26:59.656Z</time>
      </trkpt>
      <trkpt lat="42.701462" lon="-8.641994">
        <ele>64.824178</ele>
        <time>2026-08-10T06:27:47.306Z</time>
      </trkpt>
      <trkpt lat="42.701542" lon="-8.642113">
        <ele>65.039339</ele>
        <time>2026-08-10T06:28:00.825Z</time>
      </trkpt>
      <trkpt lat="42.701871" lon="-8.642261">
        <ele>65.668375</ele>
        <time>2026-08-10T06:28:40.224Z</time>
      </trkpt>
      <trkpt lat="42.701998" lon="-8.642249">
        <ele>65.899477</ele>
        <time>2026-08-10T06:28:54.614Z</time>
      </trkpt>
      <trkpt lat="42.702398" lon="-8.642108">
        <ele>66.527886</ele>
        <time>2026-08-10T06:29:41.824Z</time>
      </trkpt>
      <trkpt lat="42.702810" lon="-8.642120">
        <ele>67.134003</ele>
        <time>2026-08-10T06:30:29.391Z</time>
      </trkpt>
      <trkpt lat="42.703818" lon="-8.642251">
        <ele>68.623337</ele>
        <time>2026-08-10T06:32:12.711Z</time>
      </trkpt>
      <trkpt lat="42.705540" lon="-8.642428">
        <ele>61.867100</ele>
        <time>2026-08-10T06:35:19.821Z</time>
      </trkpt>
      <trkpt lat="42.705634" lon="-8.642620">
        <ele>60.873740</ele>
        <time>2026-08-10T06:35:39.041Z</time>
      </trkpt>
      <trkpt lat="42.705719" lon="-8.642701">
        <ele>60.031486</ele>
        <time>2026-08-10T06:35:50.871Z</time>
      </trkpt>
      <trkpt lat="42.705871" lon="-8.643024">
        <ele>57.743779</ele>
        <time>2026-08-10T06:36:23.339Z</time>
      </trkpt>
      <trkpt lat="42.705936" lon="-8.643260">
        <ele>56.240540</ele>
        <time>2026-08-10T06:36:44.790Z</time>
      </trkpt>
      <trkpt lat="42.706016" lon="-8.644179">
        <ele>50.720867</ele>
        <time>2026-08-10T06:38:05.013Z</time>
      </trkpt>
      <trkpt lat="42.706057" lon="-8.644293">
        <ele>49.963850</ele>
        <time>2026-08-10T06:38:16.061Z</time>
      </trkpt>
      <trkpt lat="42.706177" lon="-8.644457">
        <ele>48.583455</ele>
        <time>2026-08-10T06:38:36.244Z</time>
      </trkpt>
      <trkpt lat="42.706460" lon="-8.644642">
        <ele>46.093199</ele>
        <time>2026-08-10T06:39:13.515Z</time>
      </trkpt>
      <trkpt lat="42.706525" lon="-8.644753">
        <ele>45.303433</ele>
        <time>2026-08-10T06:39:25.811Z</time>
      </trkpt>
      <trkpt lat="42.706458" lon="-8.645372">
        <ele>41.821955</ele>
        <time>2026-08-10T06:40:19.617Z</time>
      </trkpt>
      <trkpt lat="42.706480" lon="-8.645544">
        <ele>40.850501</ele>
        <time>2026-08-10T06:40:34.596Z</time>
      </trkpt>
      <trkpt lat="42.706594" lon="-8.645884">
        <ele>38.771000</ele>
        <time>2026-08-10T06:41:06.356Z</time>
      </trkpt>
      <trkpt lat="42.706694" lon="-8.646279">
        <ele>36.446318</ele>
        <time>2026-08-10T06:41:41.667Z</time>
      </trkpt>
      <trkpt lat="42.706766" lon="-8.646890">
        <ele>33.172622</ele>
        <time>2026-08-10T06:42:32.941Z</time>
      </trkpt>
      <trkpt lat="42.706734" lon="-8.647487">
        <ele>31.875902</ele>
        <time>2026-08-10T06:43:21.151Z</time>
      </trkpt>
      <trkpt lat="42.707266" lon="-8.647473">
        <ele>30.307265</ele>
        <time>2026-08-10T06:44:18.067Z</time>
      </trkpt>
      <trkpt lat="42.707321" lon="-8.647502">
        <ele>30.133379</ele>
        <time>2026-08-10T06:44:24.262Z</time>
      </trkpt>
      <trkpt lat="42.707346" lon="-8.647598">
        <ele>29.912742</ele>
        <time>2026-08-10T06:44:32.122Z</time>
      </trkpt>
      <trkpt lat="42.707609" lon="-8.647530">
        <ele>29.123544</ele>
        <time>2026-08-10T06:44:59.932Z</time>
      </trkpt>
      <trkpt lat="42.708553" lon="-8.647287">
        <ele>28.089599</ele>
        <time>2026-08-10T06:46:36.494Z</time>
      </trkpt>
      <trkpt lat="42.709167" lon="-8.647151">
        <ele>28.210622</ele>
        <time>2026-08-10T06:47:39.785Z</time>
      </trkpt>
      <trkpt lat="42.709639" lon="-8.647289">
        <ele>28.304542</ele>
        <time>2026-08-10T06:48:29.069Z</time>
      </trkpt>
      <trkpt lat="42.710343" lon="-8.647270">
        <ele>28.610601</ele>
        <time>2026-08-10T06:49:41.044Z</time>
      </trkpt>
      <trkpt lat="42.711361" lon="-8.647089">
        <ele>29.108271</ele>
        <time>2026-08-10T06:51:25.620Z</time>
      </trkpt>
      <trkpt lat="42.711421" lon="-8.647064">
        <ele>29.138689</ele>
        <time>2026-08-10T06:51:32.020Z</time>
      </trkpt>
      <trkpt lat="42.711839" lon="-8.647073">
        <ele>29.037996</ele>
        <time>2026-08-10T06:52:14.579Z</time>
      </trkpt>
      <trkpt lat="42.711855" lon="-8.647076">
        <ele>29.029012</ele>
        <time>2026-08-10T06:52:16.250Z</time>
      </trkpt>
      <trkpt lat="42.712712" lon="-8.647229">
        <ele>28.548241</ele>
        <time>2026-08-10T06:53:43.199Z</time>
      </trkpt>
      <trkpt lat="42.713217" lon="-8.647370">
        <ele>28.261496</ele>
        <time>2026-08-10T06:54:36.252Z</time>
      </trkpt>
      <trkpt lat="42.714149" lon="-8.647859">
        <ele>27.213355</ele>
        <time>2026-08-10T06:56:19.974Z</time>
      </trkpt>
      <trkpt lat="42.714582" lon="-8.648071">
        <ele>26.702050</ele>
        <time>2026-08-10T06:57:07.127Z</time>
      </trkpt>
      <trkpt lat="42.714900" lon="-8.648183">
        <ele>26.337071</ele>
        <time>2026-08-10T06:57:40.375Z</time>
      </trkpt>
      <trkpt lat="42.715467" lon="-8.648308">
        <ele>26.326790</ele>
        <time>2026-08-10T06:58:38.187Z</time>
      </trkpt>
      <trkpt lat="42.716689" lon="-8.648601">
        <ele>26.671831</ele>
        <time>2026-08-10T07:00:44.860Z</time>
      </trkpt>
      <trkpt lat="42.716777" lon="-8.648628">
        <ele>26.696916</ele>
        <time>2026-08-10T07:00:53.904Z</time>
      </trkpt>
      <trkpt lat="42.717047" lon="-8.648672">
        <ele>26.610308</ele>
        <time>2026-08-10T07:01:21.267Z</time>
      </trkpt>
      <trkpt lat="42.717699" lon="-8.648590">
        <ele>26.377989</ele>
        <time>2026-08-10T07:02:26.806Z</time>
      </trkpt>
      <trkpt lat="42.718144" lon="-8.648784">
        <ele>26.212198</ele>
        <time>2026-08-10T07:03:14.032Z</time>
      </trkpt>
      <trkpt lat="42.718277" lon="-8.648796">
        <ele>26.164905</ele>
        <time>2026-08-10T07:03:27.670Z</time>
      </trkpt>
      <trkpt lat="42.718497" lon="-8.649113">
        <ele>26.050833</ele>
        <time>2026-08-10T07:04:00.598Z</time>
      </trkpt>
      <trkpt lat="42.718594" lon="-8.649161">
        <ele>26.012976</ele>
        <time>2026-08-10T07:04:11.127Z</time>
      </trkpt>
      <trkpt lat="42.718807" lon="-8.649158">
        <ele>25.934847</ele>
        <time>2026-08-10T07:04:32.933Z</time>
      </trkpt>
      <trkpt lat="42.718852" lon="-8.649204">
        <ele>25.914205</ele>
        <time>2026-08-10T07:04:38.770Z</time>
      </trkpt>
      <trkpt lat="42.719246" lon="-8.649095">
        <ele>25.766737</ele>
        <time>2026-08-10T07:05:19.531Z</time>
      </trkpt>
      <trkpt lat="42.719570" lon="-8.648952">
        <ele>25.641808</ele>
        <time>2026-08-10T07:05:53.856Z</time>
      </trkpt>
      <trkpt lat="42.719631" lon="-8.648951">
        <ele>25.619432</ele>
        <time>2026-08-10T07:05:59.998Z</time>
      </trkpt>
      <trkpt lat="42.719705" lon="-8.649052">
        <ele>25.580995</ele>
        <time>2026-08-10T07:06:10.717Z</time>
      </trkpt>
      <trkpt lat="42.719754" lon="-8.649150">
        <ele>25.549051</ele>
        <time>2026-08-10T07:06:19.562Z</time>
      </trkpt>
      <trkpt lat="42.719820" lon="-8.649407">
        <ele>25.475689</ele>
        <time>2026-08-10T07:06:39.943Z</time>
      </trkpt>
      <trkpt lat="42.719879" lon="-8.649509">
        <ele>25.440706</ele>
        <time>2026-08-10T07:06:49.529Z</time>
      </trkpt>
      <trkpt lat="42.719999" lon="-8.649568">
        <ele>25.456672</ele>
        <time>2026-08-10T07:07:02.619Z</time>
      </trkpt>
      <trkpt lat="42.720203" lon="-8.649523">
        <ele>25.883798</ele>
        <time>2026-08-10T07:07:24.320Z</time>
      </trkpt>
      <trkpt lat="42.720248" lon="-8.649600">
        <ele>26.033196</ele>
        <time>2026-08-10T07:07:31.999Z</time>
      </trkpt>
      <trkpt lat="42.720630" lon="-8.650023">
        <ele>27.050971</ele>
        <time>2026-08-10T07:08:25.190Z</time>
      </trkpt>
      <trkpt lat="42.720783" lon="-8.650183">
        <ele>27.449740</ele>
        <time>2026-08-10T07:08:46.592Z</time>
      </trkpt>
      <trkpt lat="42.720878" lon="-8.650231">
        <ele>27.659176</ele>
        <time>2026-08-10T07:08:57.853Z</time>
      </trkpt>
      <trkpt lat="42.720967" lon="-8.650233">
        <ele>27.843145</ele>
        <time>2026-08-10T07:09:07.937Z</time>
      </trkpt>
      <trkpt lat="42.721916" lon="-8.649863">
        <ele>28.582883</ele>
        <time>2026-08-10T07:10:55.837Z</time>
      </trkpt>
      <trkpt lat="42.721967" lon="-8.649843">
        <ele>28.505512</ele>
        <time>2026-08-10T07:11:01.534Z</time>
      </trkpt>
      <trkpt lat="42.722158" lon="-8.649808">
        <ele>28.224565</ele>
        <time>2026-08-10T07:11:21.309Z</time>
      </trkpt>
      <trkpt lat="42.722607" lon="-8.650101">
        <ele>27.498692</ele>
        <time>2026-08-10T07:12:12.625Z</time>
      </trkpt>
      <trkpt lat="42.723046" lon="-8.650251">
        <ele>26.838873</ele>
        <time>2026-08-10T07:13:02.034Z</time>
      </trkpt>
      <trkpt lat="42.723292" lon="-8.650467">
        <ele>26.221718</ele>
        <time>2026-08-10T07:13:34.525Z</time>
      </trkpt>
      <trkpt lat="42.723386" lon="-8.650517">
        <ele>25.751249</ele>
        <time>2026-08-10T07:13:45.625Z</time>
      </trkpt>
      <trkpt lat="42.723704" lon="-8.650572">
        <ele>24.256908</ele>
        <time>2026-08-10T07:14:20.817Z</time>
      </trkpt>
      <trkpt lat="42.723934" lon="-8.650496">
        <ele>23.153577</ele>
        <time>2026-08-10T07:14:46.815Z</time>
      </trkpt>
      <trkpt lat="42.724108" lon="-8.650575">
        <ele>22.298511</ele>
        <time>2026-08-10T07:15:06.925Z</time>
      </trkpt>
      <trkpt lat="42.724296" lon="-8.650535">
        <ele>21.411469</ele>
        <time>2026-08-10T07:15:27.576Z</time>
      </trkpt>
      <trkpt lat="42.724335" lon="-8.650533">
        <ele>21.229534</ele>
        <time>2026-08-10T07:15:31.800Z</time>
      </trkpt>
      <trkpt lat="42.724574" lon="-8.650502">
        <ele>20.110340</ele>
        <time>2026-08-10T07:15:57.861Z</time>
      </trkpt>
      <trkpt lat="42.724951" lon="-8.650429">
        <ele>18.335185</ele>
        <time>2026-08-10T07:16:39.214Z</time>
      </trkpt>
      <trkpt lat="42.725128" lon="-8.650450">
        <ele>17.367084</ele>
        <time>2026-08-10T07:16:58.962Z</time>
      </trkpt>
      <trkpt lat="42.725282" lon="-8.650431">
        <ele>16.480181</ele>
        <time>2026-08-10T07:17:15.987Z</time>
      </trkpt>
      <trkpt lat="42.725433" lon="-8.650537">
        <ele>15.505725</ele>
        <time>2026-08-10T07:17:35.032Z</time>
      </trkpt>
      <trkpt lat="42.725707" lon="-8.650553">
        <ele>13.932724</ele>
        <time>2026-08-10T07:18:05.995Z</time>
      </trkpt>
      <trkpt lat="42.725848" lon="-8.650698">
        <ele>12.919173</ele>
        <time>2026-08-10T07:18:26.013Z</time>
      </trkpt>
      <trkpt lat="42.726092" lon="-8.650850">
        <ele>11.380106</ele>
        <time>2026-08-10T07:18:56.452Z</time>
      </trkpt>
      <trkpt lat="42.726114" lon="-8.650940">
        <ele>10.980456</ele>
        <time>2026-08-10T07:19:04.364Z</time>
      </trkpt>
      <trkpt lat="42.725871" lon="-8.651616">
        <ele>7.809466</ele>
        <time>2026-08-10T07:20:06.891Z</time>
      </trkpt>
      <trkpt lat="42.725733" lon="-8.652392">
        <ele>6.187462</ele>
        <time>2026-08-10T07:21:10.562Z</time>
      </trkpt>
      <trkpt lat="42.725620" lon="-8.652395">
        <ele>5.876084</ele>
        <time>2026-08-10T07:21:22.387Z</time>
      </trkpt>
      <trkpt lat="42.725519" lon="-8.652402">
        <ele>5.597465</ele>
        <time>2026-08-10T07:21:32.844Z</time>
      </trkpt>
      <trkpt lat="42.725440" lon="-8.652388">
        <ele>5.377980</ele>
        <time>2026-08-10T07:21:41.149Z</time>
      </trkpt>
      <trkpt lat="42.725428" lon="-8.652489">
        <ele>5.170911</ele>
        <time>2026-08-10T07:21:48.936Z</time>
      </trkpt>
      <trkpt lat="42.725455" lon="-8.652739">
        <ele>4.659500</ele>
        <time>2026-08-10T07:22:08.305Z</time>
      </trkpt>
      <trkpt lat="42.725545" lon="-8.653084">
        <ele>3.918541</ele>
        <time>2026-08-10T07:22:36.165Z</time>
      </trkpt>
      <trkpt lat="42.725557" lon="-8.653505">
        <ele>3.065844</ele>
        <time>2026-08-10T07:23:08.012Z</time>
      </trkpt>
      <trkpt lat="42.725541" lon="-8.653544">
        <ele>2.975438</ele>
        <time>2026-08-10T07:23:11.384Z</time>
      </trkpt>
      <trkpt lat="42.725495" lon="-8.653540">
        <ele>2.848448</ele>
        <time>2026-08-10T07:23:16.134Z</time>
      </trkpt>
      <trkpt lat="42.725491" lon="-8.653566">
        <ele>2.834153</ele>
        <time>2026-08-10T07:23:18.119Z</time>
      </trkpt>
      <trkpt lat="42.725484" lon="-8.653633">
        <ele>2.810540</ele>
        <time>2026-08-10T07:23:23.193Z</time>
      </trkpt>
      <trkpt lat="42.725471" lon="-8.653809">
        <ele>2.748822</ele>
        <time>2026-08-10T07:23:36.537Z</time>
      </trkpt>
      <trkpt lat="42.725435" lon="-8.653826">
        <ele>2.730724</ele>
        <time>2026-08-10T07:23:40.496Z</time>
      </trkpt>
      <trkpt lat="42.725433" lon="-8.653849">
        <ele>2.722643</ele>
        <time>2026-08-10T07:23:42.218Z</time>
      </trkpt>
      <trkpt lat="42.725431" lon="-8.653901">
        <ele>2.704474</ele>
        <time>2026-08-10T07:23:46.135Z</time>
      </trkpt>
      <trkpt lat="42.725546" lon="-8.653936">
        <ele>2.648505</ele>
        <time>2026-08-10T07:23:58.231Z</time>
      </trkpt>
      <trkpt lat="42.725564" lon="-8.653988">
        <ele>2.628448</ele>
        <time>2026-08-10T07:24:02.531Z</time>
      </trkpt>
      <trkpt lat="42.725430" lon="-8.655468">
        <ele>2.108150</ele>
        <time>2026-08-10T07:25:53.382Z</time>
      </trkpt>
      <trkpt lat="42.725419" lon="-8.655498">
        <ele>2.096451</ele>
        <time>2026-08-10T07:25:55.930Z</time>
      </trkpt>
      <trkpt lat="42.725201" lon="-8.655463">
        <ele>1.992192</ele>
        <time>2026-08-10T07:26:18.340Z</time>
      </trkpt>
      <trkpt lat="42.725195" lon="-8.655530">
        <ele>2.018932</ele>
        <time>2026-08-10T07:26:23.450Z</time>
      </trkpt>
      <trkpt lat="42.725187" lon="-8.655616">
        <ele>2.066908</ele>
        <time>2026-08-10T07:26:30.037Z</time>
      </trkpt>
      <trkpt lat="42.725366" lon="-8.655643">
        <ele>2.202587</ele>
        <time>2026-08-10T07:26:48.560Z</time>
      </trkpt>
      <trkpt lat="42.725432" lon="-8.655714">
        <ele>2.265962</ele>
        <time>2026-08-10T07:26:57.260Z</time>
      </trkpt>
      <trkpt lat="42.725480" lon="-8.655873">
        <ele>2.361099</ele>
        <time>2026-08-10T07:27:10.323Z</time>
      </trkpt>
      <trkpt lat="42.725456" lon="-8.655985">
        <ele>2.425668</ele>
        <time>2026-08-10T07:27:19.293Z</time>
      </trkpt>
      <trkpt lat="42.725390" lon="-8.656067">
        <ele>2.492987</ele>
        <time>2026-08-10T07:27:28.625Z</time>
      </trkpt>
      <trkpt lat="42.725412" lon="-8.656108">
        <ele>2.521086</ele>
        <time>2026-08-10T07:27:32.565Z</time>
      </trkpt>
      <trkpt lat="42.725450" lon="-8.656176">
        <ele>2.568372</ele>
        <time>2026-08-10T07:27:39.083Z</time>
      </trkpt>
      <trkpt lat="42.725610" lon="-8.656120">
        <ele>2.692832</ele>
        <time>2026-08-10T07:27:56.540Z</time>
      </trkpt>
      <trkpt lat="42.725648" lon="-8.656247">
        <ele>2.768725</ele>
        <time>2026-08-10T07:28:07.147Z</time>
      </trkpt>
      <trkpt lat="42.725723" lon="-8.656536">
        <ele>2.938355</ele>
        <time>2026-08-10T07:28:30.690Z</time>
      </trkpt>
      <trkpt lat="42.725758" lon="-8.656660">
        <ele>3.011872</ele>
        <time>2026-08-10T07:28:40.807Z</time>
      </trkpt>
      <trkpt lat="42.725964" lon="-8.657363">
        <ele>3.313368</ele>
        <time>2026-08-10T07:29:37.128Z</time>
      </trkpt>
      <trkpt lat="42.726008" lon="-8.657621">
        <ele>3.263559</ele>
        <time>2026-08-10T07:29:56.608Z</time>
      </trkpt>
      <trkpt lat="42.726360" lon="-8.658409">
        <ele>3.090124</ele>
        <time>2026-08-10T07:31:04.714Z</time>
      </trkpt>
      <trkpt lat="42.726443" lon="-8.658444">
        <ele>3.067881</ele>
        <time>2026-08-10T07:31:13.578Z</time>
      </trkpt>
      <trkpt lat="42.726695" lon="-8.658431">
        <ele>3.003323</ele>
        <time>2026-08-10T07:31:39.112Z</time>
      </trkpt>
      <trkpt lat="42.726729" lon="-8.658470">
        <ele>2.991942</ele>
        <time>2026-08-10T07:31:43.659Z</time>
      </trkpt>
      <trkpt lat="42.726835" lon="-8.659043">
        <ele>2.879338</ele>
        <time>2026-08-10T07:32:27.634Z</time>
      </trkpt>
      <trkpt lat="42.726900" lon="-8.659659">
        <ele>2.669390</ele>
        <time>2026-08-10T07:33:13.856Z</time>
      </trkpt>
      <trkpt lat="42.726912" lon="-8.659716">
        <ele>2.649386</ele>
        <time>2026-08-10T07:33:18.267Z</time>
      </trkpt>
      <trkpt lat="42.726955" lon="-8.659772">
        <ele>2.622057</ele>
        <time>2026-08-10T07:33:24.347Z</time>
      </trkpt>
      <trkpt lat="42.727043" lon="-8.659801">
        <ele>2.580476</ele>
        <time>2026-08-10T07:33:33.554Z</time>
      </trkpt>
      <trkpt lat="42.727110" lon="-8.659853">
        <ele>2.545057</ele>
        <time>2026-08-10T07:33:41.402Z</time>
      </trkpt>
      <trkpt lat="42.727179" lon="-8.660002">
        <ele>2.485636</ele>
        <time>2026-08-10T07:33:54.533Z</time>
      </trkpt>
      <trkpt lat="42.727251" lon="-8.660362">
        <ele>2.359766</ele>
        <time>2026-08-10T07:34:22.241Z</time>
      </trkpt>
      <trkpt lat="42.727239" lon="-8.660543">
        <ele>2.298455</ele>
        <time>2026-08-10T07:34:35.719Z</time>
      </trkpt>
      <trkpt lat="42.727099" lon="-8.660855">
        <ele>2.175116</ele>
        <time>2026-08-10T07:35:02.737Z</time>
      </trkpt>
      <trkpt lat="42.727064" lon="-8.660998">
        <ele>2.124266</ele>
        <time>2026-08-10T07:35:13.867Z</time>
      </trkpt>
      <trkpt lat="42.727082" lon="-8.661335">
        <ele>2.054578</ele>
        <time>2026-08-10T07:35:38.786Z</time>
      </trkpt>
      <trkpt lat="42.727686" lon="-8.661163">
        <ele>2.041793</ele>
        <time>2026-08-10T07:36:40.743Z</time>
      </trkpt>
      <trkpt lat="42.728455" lon="-8.661029">
        <ele>2.025731</ele>
        <time>2026-08-10T07:37:58.605Z</time>
      </trkpt>
      <trkpt lat="42.729711" lon="-8.660928">
        <ele>2.177313</ele>
        <time>2026-08-10T07:40:04.998Z</time>
      </trkpt>
      <trkpt lat="42.730105" lon="-8.660912">
        <ele>2.242631</ele>
        <time>2026-08-10T07:40:44.810Z</time>
      </trkpt>
      <trkpt lat="42.730936" lon="-8.660966">
        <ele>2.419403</ele>
        <time>2026-08-10T07:42:08.787Z</time>
      </trkpt>
      <trkpt lat="42.731183" lon="-8.661004">
        <ele>2.486020</ele>
        <time>2026-08-10T07:42:33.880Z</time>
      </trkpt>
      <trkpt lat="42.732258" lon="-8.661297">
        <ele>2.779836</ele>
        <time>2026-08-10T07:44:24.929Z</time>
      </trkpt>
      <trkpt lat="42.732387" lon="-8.661325">
        <ele>2.808534</ele>
        <time>2026-08-10T07:44:38.041Z</time>
      </trkpt>
      <trkpt lat="42.732672" lon="-8.661382">
        <ele>2.854007</ele>
        <time>2026-08-10T07:45:06.919Z</time>
      </trkpt>
      <trkpt lat="42.733074" lon="-8.661460">
        <ele>2.918107</ele>
        <time>2026-08-10T07:45:47.600Z</time>
      </trkpt>
      <trkpt lat="42.733715" lon="-8.661572">
        <ele>3.020123</ele>
        <time>2026-08-10T07:46:52.532Z</time>
      </trkpt>
      <trkpt lat="42.734022" lon="-8.661606">
        <ele>3.068746</ele>
        <time>2026-08-10T07:47:23.501Z</time>
      </trkpt>
      <trkpt lat="42.734119" lon="-8.661612">
        <ele>3.086302</ele>
        <time>2026-08-10T07:47:33.210Z</time>
      </trkpt>
      <trkpt lat="42.734200" lon="-8.661618">
        <ele>3.142794</ele>
        <time>2026-08-10T07:47:41.306Z</time>
      </trkpt>
      <trkpt lat="42.734983" lon="-8.661640">
        <ele>3.688189</ele>
        <time>2026-08-10T07:49:01.035Z</time>
      </trkpt>
      <trkpt lat="42.735319" lon="-8.661461">
        <ele>3.939454</ele>
        <time>2026-08-10T07:49:37.966Z</time>
      </trkpt>
      <trkpt lat="42.735416" lon="-8.661389">
        <ele>4.016391</ele>
        <time>2026-08-10T07:49:49.324Z</time>
      </trkpt>
      <trkpt lat="42.735521" lon="-8.661359">
        <ele>4.091106</ele>
        <time>2026-08-10T07:50:00.529Z</time>
      </trkpt>
      <trkpt lat="42.735664" lon="-8.661349">
        <ele>4.190822</ele>
        <time>2026-08-10T07:50:15.267Z</time>
      </trkpt>
      <trkpt lat="42.735891" lon="-8.661348">
        <ele>4.365281</ele>
        <time>2026-08-10T07:50:39.039Z</time>
      </trkpt>
      <trkpt lat="42.736034" lon="-8.661352">
        <ele>4.591192</ele>
        <time>2026-08-10T07:50:54.142Z</time>
      </trkpt>
      <trkpt lat="42.736235" lon="-8.661361">
        <ele>4.908837</ele>
        <time>2026-08-10T07:51:15.404Z</time>
      </trkpt>
      <trkpt lat="42.736370" lon="-8.661364">
        <ele>5.122094</ele>
        <time>2026-08-10T07:51:29.905Z</time>
      </trkpt>
      <trkpt lat="42.736461" lon="-8.661366">
        <ele>5.265844</ele>
        <time>2026-08-10T07:51:39.658Z</time>
      </trkpt>
      <trkpt lat="42.736578" lon="-8.661368">
        <ele>5.450657</ele>
        <time>2026-08-10T07:51:52.065Z</time>
      </trkpt>
      <trkpt lat="42.736653" lon="-8.661370">
        <ele>5.569139</ele>
        <time>2026-08-10T07:52:00.051Z</time>
      </trkpt>
      <trkpt lat="42.736712" lon="-8.661309">
        <ele>5.686152</ele>
        <time>2026-08-10T07:52:08.051Z</time>
      </trkpt>
      <trkpt lat="42.736804" lon="-8.661391">
        <ele>5.859831</ele>
        <time>2026-08-10T07:52:19.735Z</time>
      </trkpt>
      <trkpt lat="42.737175" lon="-8.661419">
        <ele>6.446713</ele>
        <time>2026-08-10T07:52:59.372Z</time>
      </trkpt>
      <trkpt lat="42.737722" lon="-8.661438">
        <ele>7.230718</ele>
        <time>2026-08-10T07:53:56.708Z</time>
      </trkpt>
      <trkpt lat="42.738192" lon="-8.661453">
        <ele>7.528838</ele>
        <time>2026-08-10T07:54:46.370Z</time>
      </trkpt>
      <trkpt lat="42.738546" lon="-8.661468">
        <ele>7.753427</ele>
        <time>2026-08-10T07:55:22.654Z</time>
      </trkpt>
      <trkpt lat="42.738650" lon="-8.661469">
        <ele>7.819377</ele>
        <time>2026-08-10T07:55:33.185Z</time>
      </trkpt>
      <trkpt lat="42.738871" lon="-8.661473">
        <ele>7.959531</ele>
        <time>2026-08-10T07:55:55.327Z</time>
      </trkpt>
      <trkpt lat="42.738968" lon="-8.661525">
        <ele>8.025637</ele>
        <time>2026-08-10T07:56:05.836Z</time>
      </trkpt>
      <trkpt lat="42.739038" lon="-8.661438">
        <ele>8.085738</ele>
        <time>2026-08-10T07:56:15.376Z</time>
      </trkpt>
      <trkpt lat="42.739031" lon="-8.661337">
        <ele>8.132986</ele>
        <time>2026-08-10T07:56:22.818Z</time>
      </trkpt>
      <trkpt lat="42.739274" lon="-8.661314">
        <ele>8.287450</ele>
        <time>2026-08-10T07:56:47.399Z</time>
      </trkpt>
      <trkpt lat="42.739431" lon="-8.661317">
        <ele>8.200450</ele>
        <time>2026-08-10T07:57:03.404Z</time>
      </trkpt>
      <trkpt lat="42.739504" lon="-8.661313">
        <ele>8.122528</ele>
        <time>2026-08-10T07:57:10.943Z</time>
      </trkpt>
      <trkpt lat="42.739575" lon="-8.661310">
        <ele>8.046766</ele>
        <time>2026-08-10T07:57:18.301Z</time>
      </trkpt>
      <trkpt lat="42.739771" lon="-8.661281">
        <ele>7.836489</ele>
        <time>2026-08-10T07:57:38.199Z</time>
      </trkpt>
      <trkpt lat="42.739787" lon="-8.660841">
        <ele>7.491402</ele>
        <time>2026-08-10T07:58:11.054Z</time>
      </trkpt>
      <trkpt lat="42.739838" lon="-8.660725">
        <ele>7.385499</ele>
        <time>2026-08-10T07:58:21.335Z</time>
      </trkpt>
      <trkpt lat="42.739937" lon="-8.660635">
        <ele>7.258538</ele>
        <time>2026-08-10T07:58:33.710Z</time>
      </trkpt>
      <trkpt lat="42.739980" lon="-8.660556">
        <ele>7.181513</ele>
        <time>2026-08-10T07:58:41.290Z</time>
      </trkpt>
      <trkpt lat="42.739946" lon="-8.660227">
        <ele>6.921259</ele>
        <time>2026-08-10T07:59:06.820Z</time>
      </trkpt>
      <trkpt lat="42.740296" lon="-8.660097">
        <ele>6.534323</ele>
        <time>2026-08-10T07:59:44.283Z</time>
      </trkpt>
      <trkpt lat="42.740629" lon="-8.659871">
        <ele>6.096938</ele>
        <time>2026-08-10T08:00:22.864Z</time>
      </trkpt>
      <trkpt lat="42.740912" lon="-8.659657">
        <ele>5.698166</ele>
        <time>2026-08-10T08:00:56.612Z</time>
      </trkpt>
      <trkpt lat="42.740948" lon="-8.659636">
        <ele>5.649921</ele>
        <time>2026-08-10T08:01:00.739Z</time>
      </trkpt>
      <trkpt lat="42.741238" lon="-8.659477">
        <ele>5.264806</ele>
        <time>2026-08-10T08:01:33.272Z</time>
      </trkpt>
      <trkpt lat="42.741689" lon="-8.659306">
        <ele>4.688098</ele>
        <time>2026-08-10T08:02:20.905Z</time>
      </trkpt>
      <trkpt lat="42.741840" lon="-8.659199">
        <ele>4.478405</ele>
        <time>2026-08-10T08:02:38.027Z</time>
      </trkpt>
      <trkpt lat="42.742201" lon="-8.658824">
        <ele>4.197542</ele>
        <time>2026-08-10T08:03:24.046Z</time>
      </trkpt>
      <trkpt lat="42.742505" lon="-8.658542">
        <ele>4.221771</ele>
        <time>2026-08-10T08:04:01.001Z</time>
      </trkpt>
      <trkpt lat="42.742891" lon="-8.658236">
        <ele>4.251191</ele>
        <time>2026-08-10T08:04:46.182Z</time>
      </trkpt>
      <trkpt lat="42.743052" lon="-8.658059">
        <ele>4.264821</ele>
        <time>2026-08-10T08:05:07.058Z</time>
      </trkpt>
      <trkpt lat="42.743287" lon="-8.657741">
        <ele>4.286643</ele>
        <time>2026-08-10T08:05:40.576Z</time>
      </trkpt>
      <trkpt lat="42.743478" lon="-8.657549">
        <ele>4.307796</ele>
        <time>2026-08-10T08:06:04.651Z</time>
      </trkpt>
      <trkpt lat="42.743661" lon="-8.657454">
        <ele>4.498200</ele>
        <time>2026-08-10T08:06:24.483Z</time>
      </trkpt>
      <trkpt lat="42.744153" lon="-8.657253">
        <ele>4.997588</ele>
        <time>2026-08-10T08:07:17.699Z</time>
      </trkpt>
      <trkpt lat="42.744362" lon="-8.657100">
        <ele>5.228281</ele>
        <time>2026-08-10T08:07:42.268Z</time>
      </trkpt>
      <trkpt lat="42.744602" lon="-8.656527">
        <ele>5.699249</ele>
        <time>2026-08-10T08:08:32.248Z</time>
      </trkpt>
      <trkpt lat="42.744591" lon="-8.656408">
        <ele>5.784882</ele>
        <time>2026-08-10T08:08:41.308Z</time>
      </trkpt>
      <trkpt lat="42.744721" lon="-8.656341">
        <ele>5.920019</ele>
        <time>2026-08-10T08:08:55.809Z</time>
      </trkpt>
      <trkpt lat="42.744703" lon="-8.656281">
        <ele>5.966293</ele>
        <time>2026-08-10T08:09:00.806Z</time>
      </trkpt>
      <trkpt lat="42.744765" lon="-8.656249">
        <ele>6.030755</ele>
        <time>2026-08-10T08:09:07.769Z</time>
      </trkpt>
      <trkpt lat="42.744934" lon="-8.655874">
        <ele>6.734123</ele>
        <time>2026-08-10T08:09:41.932Z</time>
      </trkpt>
      <trkpt lat="42.745092" lon="-8.655666">
        <ele>7.230299</ele>
        <time>2026-08-10T08:10:05.364Z</time>
      </trkpt>
      <trkpt lat="42.745323" lon="-8.655252">
        <ele>8.092384</ele>
        <time>2026-08-10T08:10:46.439Z</time>
      </trkpt>
      <trkpt lat="42.745427" lon="-8.655081">
        <ele>8.460515</ele>
        <time>2026-08-10T08:11:04.330Z</time>
      </trkpt>
      <trkpt lat="42.745565" lon="-8.654727">
        <ele>9.125030</ele>
        <time>2026-08-10T08:11:36.927Z</time>
      </trkpt>
      <trkpt lat="42.745621" lon="-8.654020">
        <ele>10.339753</ele>
        <time>2026-08-10T08:12:34.596Z</time>
      </trkpt>
      <trkpt lat="42.745659" lon="-8.653905">
        <ele>10.587580</ele>
        <time>2026-08-10T08:12:44.636Z</time>
      </trkpt>
      <trkpt lat="42.745849" lon="-8.653543">
        <ele>11.462016</ele>
        <time>2026-08-10T08:13:20.339Z</time>
      </trkpt>
      <trkpt lat="42.746020" lon="-8.653350">
        <ele>12.056379</ele>
        <time>2026-08-10T08:13:44.588Z</time>
      </trkpt>
      <trkpt lat="42.746503" lon="-8.652988">
        <ele>13.531769</ele>
        <time>2026-08-10T08:14:44.773Z</time>
      </trkpt>
      <trkpt lat="42.746825" lon="-8.652795">
        <ele>14.473245</ele>
        <time>2026-08-10T08:15:23.304Z</time>
      </trkpt>
      <trkpt lat="42.747079" lon="-8.652767">
        <ele>15.035305</ele>
        <time>2026-08-10T08:15:51.192Z</time>
      </trkpt>
      <trkpt lat="42.747417" lon="-8.652812">
        <ele>15.471383</ele>
        <time>2026-08-10T08:16:28.958Z</time>
      </trkpt>
      <trkpt lat="42.748297" lon="-8.652316">
        <ele>16.694312</ele>
        <time>2026-08-10T08:18:12.020Z</time>
      </trkpt>
      <trkpt lat="42.748415" lon="-8.652281">
        <ele>16.849382</ele>
        <time>2026-08-10T08:18:24.165Z</time>
      </trkpt>
      <trkpt lat="42.748834" lon="-8.652345">
        <ele>16.945205</ele>
        <time>2026-08-10T08:19:07.889Z</time>
      </trkpt>
      <trkpt lat="42.748868" lon="-8.653411">
        <ele>15.087043</ele>
        <time>2026-08-10T08:20:31.890Z</time>
      </trkpt>
      <trkpt lat="42.748911" lon="-8.653748">
        <ele>14.491373</ele>
        <time>2026-08-10T08:20:59.073Z</time>
      </trkpt>
      <trkpt lat="42.748909" lon="-8.654447">
        <ele>13.274073</ele>
        <time>2026-08-10T08:21:53.492Z</time>
      </trkpt>
      <trkpt lat="42.748942" lon="-8.654526">
        <ele>13.115796</ele>
        <time>2026-08-10T08:22:00.443Z</time>
      </trkpt>
      <trkpt lat="42.748974" lon="-8.654525">
        <ele>13.039888</ele>
        <time>2026-08-10T08:22:03.664Z</time>
      </trkpt>
      <trkpt lat="42.749633" lon="-8.654286">
        <ele>13.412834</ele>
        <time>2026-08-10T08:23:13.024Z</time>
      </trkpt>
      <trkpt lat="42.751333" lon="-8.653645">
        <ele>14.252827</ele>
        <time>2026-08-10T08:26:18.530Z</time>
      </trkpt>
      <trkpt lat="42.751737" lon="-8.653529">
        <ele>14.292320</ele>
        <time>2026-08-10T08:26:59.937Z</time>
      </trkpt>
      <trkpt lat="42.751799" lon="-8.653541">
        <ele>14.298310</ele>
        <time>2026-08-10T08:27:06.177Z</time>
      </trkpt>
      <trkpt lat="42.751826" lon="-8.653619">
        <ele>14.304367</ele>
        <time>2026-08-10T08:27:12.633Z</time>
      </trkpt>
      <trkpt lat="42.752057" lon="-8.653479">
        <ele>14.328552</ele>
        <time>2026-08-10T08:27:38.263Z</time>
      </trkpt>
      <trkpt lat="42.753115" lon="-8.653027">
        <ele>14.047457</ele>
        <time>2026-08-10T08:29:32.139Z</time>
      </trkpt>
      <trkpt lat="42.753808" lon="-8.652770">
        <ele>13.729503</ele>
        <time>2026-08-10T08:30:44.899Z</time>
      </trkpt>
      <trkpt lat="42.753832" lon="-8.652771">
        <ele>13.718874</ele>
        <time>2026-08-10T08:30:47.300Z</time>
      </trkpt>
      <trkpt lat="42.753852" lon="-8.652816">
        <ele>13.701776</ele>
        <time>2026-08-10T08:30:51.202Z</time>
      </trkpt>
      <trkpt lat="42.754016" lon="-8.652915">
        <ele>13.622362</ele>
        <time>2026-08-10T08:31:09.533Z</time>
      </trkpt>
      <trkpt lat="42.754136" lon="-8.652913">
        <ele>13.570676</ele>
        <time>2026-08-10T08:31:21.890Z</time>
      </trkpt>
      <trkpt lat="42.754187" lon="-8.652880">
        <ele>13.648355</ele>
        <time>2026-08-10T08:31:27.760Z</time>
      </trkpt>
      <trkpt lat="42.754184" lon="-8.652778">
        <ele>13.751474</ele>
        <time>2026-08-10T08:31:35.642Z</time>
      </trkpt>
      <trkpt lat="42.754223" lon="-8.652700">
        <ele>13.846800</ele>
        <time>2026-08-10T08:31:42.824Z</time>
      </trkpt>
      <trkpt lat="42.754302" lon="-8.652618">
        <ele>13.983451</ele>
        <time>2026-08-10T08:31:53.200Z</time>
      </trkpt>
      <trkpt lat="42.754777" lon="-8.652404">
        <ele>14.671752</ele>
        <time>2026-08-10T08:32:45.746Z</time>
      </trkpt>
      <trkpt lat="42.755654" lon="-8.652068">
        <ele>15.925102</ele>
        <time>2026-08-10T08:34:22.468Z</time>
      </trkpt>
      <trkpt lat="42.755804" lon="-8.652049">
        <ele>16.144211</ele>
        <time>2026-08-10T08:34:38.472Z</time>
      </trkpt>
      <trkpt lat="42.755926" lon="-8.652145">
        <ele>16.364080</ele>
        <time>2026-08-10T08:34:53.406Z</time>
      </trkpt>
      <trkpt lat="42.755989" lon="-8.652272">
        <ele>16.539690</ele>
        <time>2026-08-10T08:35:05.212Z</time>
      </trkpt>
      <trkpt lat="42.756018" lon="-8.652436">
        <ele>16.732970</ele>
        <time>2026-08-10T08:35:18.280Z</time>
      </trkpt>
      <trkpt lat="42.756045" lon="-8.652431">
        <ele>16.775490</ele>
        <time>2026-08-10T08:35:21.181Z</time>
      </trkpt>
      <trkpt lat="42.756074" lon="-8.652425">
        <ele>16.821263</ele>
        <time>2026-08-10T08:35:24.272Z</time>
      </trkpt>
      <trkpt lat="42.756117" lon="-8.652417">
        <ele>16.888986</ele>
        <time>2026-08-10T08:35:28.875Z</time>
      </trkpt>
      <trkpt lat="42.756271" lon="-8.652263">
        <ele>17.187120</ele>
        <time>2026-08-10T08:35:49.026Z</time>
      </trkpt>
      <trkpt lat="42.756231" lon="-8.652124">
        <ele>17.358178</ele>
        <time>2026-08-10T08:36:00.628Z</time>
      </trkpt>
      <trkpt lat="42.756341" lon="-8.652059">
        <ele>17.545289</ele>
        <time>2026-08-10T08:36:13.249Z</time>
      </trkpt>
      <trkpt lat="42.756468" lon="-8.651980">
        <ele>17.763161</ele>
        <time>2026-08-10T08:36:28.022Z</time>
      </trkpt>
      <trkpt lat="42.756590" lon="-8.651905">
        <ele>17.972034</ele>
        <time>2026-08-10T08:36:42.100Z</time>
      </trkpt>
      <trkpt lat="42.756807" lon="-8.651777">
        <ele>18.341050</ele>
        <time>2026-08-10T08:37:07.064Z</time>
      </trkpt>
      <trkpt lat="42.757400" lon="-8.651555">
        <ele>19.260783</ele>
        <time>2026-08-10T08:38:12.120Z</time>
      </trkpt>
      <trkpt lat="42.757527" lon="-8.651473">
        <ele>19.460634</ele>
        <time>2026-08-10T08:38:26.972Z</time>
      </trkpt>
      <trkpt lat="42.757537" lon="-8.651500">
        <ele>19.492206</ele>
        <time>2026-08-10T08:38:29.298Z</time>
      </trkpt>
      <trkpt lat="42.757970" lon="-8.651424">
        <ele>20.112995</ele>
        <time>2026-08-10T08:39:15.154Z</time>
      </trkpt>
      <trkpt lat="42.758754" lon="-8.651317">
        <ele>21.233374</ele>
        <time>2026-08-10T08:40:38.788Z</time>
      </trkpt>
      <trkpt lat="42.758828" lon="-8.651265">
        <ele>21.351776</ele>
        <time>2026-08-10T08:40:47.668Z</time>
      </trkpt>
      <trkpt lat="42.758893" lon="-8.651303">
        <ele>21.343351</ele>
        <time>2026-08-10T08:40:55.326Z</time>
      </trkpt>
      <trkpt lat="42.758971" lon="-8.651298">
        <ele>21.179560</ele>
        <time>2026-08-10T08:41:03.449Z</time>
      </trkpt>
      <trkpt lat="42.759459" lon="-8.651279">
        <ele>20.155526</ele>
        <time>2026-08-10T08:41:52.669Z</time>
      </trkpt>
      <trkpt lat="42.759955" lon="-8.651317">
        <ele>19.113486</ele>
        <time>2026-08-10T08:42:44.382Z</time>
      </trkpt>
      <trkpt lat="42.760019" lon="-8.652324">
        <ele>17.494796</ele>
        <time>2026-08-10T08:44:05.286Z</time>
      </trkpt>
      <trkpt lat="42.760102" lon="-8.653450">
        <ele>14.377102</ele>
        <time>2026-08-10T08:45:38.204Z</time>
      </trkpt>
      <trkpt lat="42.760518" lon="-8.653511">
        <ele>12.807114</ele>
        <time>2026-08-10T08:46:23.444Z</time>
      </trkpt>
      <trkpt lat="42.761279" lon="-8.653620">
        <ele>10.865666</ele>
        <time>2026-08-10T08:47:42.521Z</time>
      </trkpt>
      <trkpt lat="42.762093" lon="-8.653806">
        <ele>10.798004</ele>
        <time>2026-08-10T08:49:06.553Z</time>
      </trkpt>
      <trkpt lat="42.762520" lon="-8.653769">
        <ele>10.762930</ele>
        <time>2026-08-10T08:49:49.876Z</time>
      </trkpt>
      <trkpt lat="42.762767" lon="-8.653715">
        <ele>10.742422</ele>
        <time>2026-08-10T08:50:15.249Z</time>
      </trkpt>
      <trkpt lat="42.762845" lon="-8.653673">
        <ele>10.723243</ele>
        <time>2026-08-10T08:50:23.806Z</time>
      </trkpt>
      <trkpt lat="42.762890" lon="-8.653652">
        <ele>10.705396</ele>
        <time>2026-08-10T08:50:28.615Z</time>
      </trkpt>
      <trkpt lat="42.763190" lon="-8.654168">
        <ele>10.524093</ele>
        <time>2026-08-10T08:51:17.040Z</time>
      </trkpt>
      <trkpt lat="42.763258" lon="-8.654241">
        <ele>10.491608</ele>
        <time>2026-08-10T08:51:25.792Z</time>
      </trkpt>
      <trkpt lat="42.763401" lon="-8.654400">
        <ele>10.422350</ele>
        <time>2026-08-10T08:51:44.420Z</time>
      </trkpt>
      <trkpt lat="42.763796" lon="-8.654475">
        <ele>10.272717</ele>
        <time>2026-08-10T08:52:24.916Z</time>
      </trkpt>
      <trkpt lat="42.764032" lon="-8.654631">
        <ele>10.174297</ele>
        <time>2026-08-10T08:52:51.700Z</time>
      </trkpt>
      <trkpt lat="42.764138" lon="-8.654661">
        <ele>10.133678</ele>
        <time>2026-08-10T08:53:02.631Z</time>
      </trkpt>
      <trkpt lat="42.764187" lon="-8.654844">
        <ele>10.080023</ele>
        <time>2026-08-10T08:53:17.097Z</time>
      </trkpt>
      <trkpt lat="42.764255" lon="-8.654837">
        <ele>10.077829</ele>
        <time>2026-08-10T08:53:24.088Z</time>
      </trkpt>
      <trkpt lat="42.764407" lon="-8.654882">
        <ele>10.159945</ele>
        <time>2026-08-10T08:53:39.844Z</time>
      </trkpt>
      <trkpt lat="42.764505" lon="-8.654955">
        <ele>10.218912</ele>
        <time>2026-08-10T08:53:51.112Z</time>
      </trkpt>
      <trkpt lat="42.764566" lon="-8.654991">
        <ele>10.254007</ele>
        <time>2026-08-10T08:53:57.808Z</time>
      </trkpt>
      <trkpt lat="42.764705" lon="-8.655252">
        <ele>10.378974</ele>
        <time>2026-08-10T08:54:21.738Z</time>
      </trkpt>
      <trkpt lat="42.764830" lon="-8.655371">
        <ele>10.459483</ele>
        <time>2026-08-10T08:54:37.055Z</time>
      </trkpt>
      <trkpt lat="42.764986" lon="-8.655424">
        <ele>10.544360</ele>
        <time>2026-08-10T08:54:53.286Z</time>
      </trkpt>
      <trkpt lat="42.765291" lon="-8.655362">
        <ele>10.707156</ele>
        <time>2026-08-10T08:55:25.219Z</time>
      </trkpt>
      <trkpt lat="42.765337" lon="-8.655323">
        <ele>10.735760</ele>
        <time>2026-08-10T08:55:30.857Z</time>
      </trkpt>
      <trkpt lat="42.765346" lon="-8.655150">
        <ele>10.802976</ele>
        <time>2026-08-10T08:55:44.200Z</time>
      </trkpt>
      <trkpt lat="42.765371" lon="-8.655119">
        <ele>10.820824</ele>
        <time>2026-08-10T08:55:47.776Z</time>
      </trkpt>
      <trkpt lat="42.765607" lon="-8.655041">
        <ele>10.949026</ele>
        <time>2026-08-10T08:56:13.575Z</time>
      </trkpt>
      <trkpt lat="42.765664" lon="-8.654661">
        <ele>11.123513</ele>
        <time>2026-08-10T08:56:44.322Z</time>
      </trkpt>
      <trkpt lat="42.765849" lon="-8.654200">
        <ele>11.384585</ele>
        <time>2026-08-10T08:57:25.185Z</time>
      </trkpt>
      <trkpt lat="42.766404" lon="-8.654148">
        <ele>11.761139</ele>
        <time>2026-08-10T08:58:22.757Z</time>
      </trkpt>
      <trkpt lat="42.766531" lon="-8.654240">
        <ele>11.858503</ele>
        <time>2026-08-10T08:58:37.238Z</time>
      </trkpt>
      <trkpt lat="42.766546" lon="-8.654283">
        <ele>11.882160</ele>
        <time>2026-08-10T08:58:40.806Z</time>
      </trkpt>
      <trkpt lat="42.766486" lon="-8.654493">
        <ele>11.994136</ele>
        <time>2026-08-10T08:58:57.389Z</time>
      </trkpt>
      <trkpt lat="42.766501" lon="-8.654652">
        <ele>12.073795</ele>
        <time>2026-08-10T08:59:09.275Z</time>
      </trkpt>
      <trkpt lat="42.766553" lon="-8.654806">
        <ele>12.158027</ele>
        <time>2026-08-10T08:59:21.843Z</time>
      </trkpt>
      <trkpt lat="42.766683" lon="-8.655073">
        <ele>12.254956</ele>
        <time>2026-08-10T08:59:45.800Z</time>
      </trkpt>
      <trkpt lat="42.766979" lon="-8.655484">
        <ele>12.334096</ele>
        <time>2026-08-10T09:00:28.994Z</time>
      </trkpt>
      <trkpt lat="42.768469" lon="-8.654324">
        <ele>13.126159</ele>
        <time>2026-08-10T09:03:24.382Z</time>
      </trkpt>
      <trkpt lat="42.769438" lon="-8.653604">
        <ele>14.444484</ele>
        <time>2026-08-10T09:05:20.370Z</time>
      </trkpt>
      <trkpt lat="42.769597" lon="-8.653451">
        <ele>14.676992</ele>
        <time>2026-08-10T09:05:40.909Z</time>
      </trkpt>
      <trkpt lat="42.769830" lon="-8.653143">
        <ele>15.333922</ele>
        <time>2026-08-10T09:06:15.058Z</time>
      </trkpt>
      <trkpt lat="42.769881" lon="-8.653105">
        <ele>15.456958</ele>
        <time>2026-08-10T09:06:21.249Z</time>
      </trkpt>
      <trkpt lat="42.769909" lon="-8.653117">
        <ele>15.519085</ele>
        <time>2026-08-10T09:06:24.381Z</time>
      </trkpt>
      <trkpt lat="42.769997" lon="-8.653236">
        <ele>15.781529</ele>
        <time>2026-08-10T09:06:37.523Z</time>
      </trkpt>
      <trkpt lat="42.770256" lon="-8.653643">
        <ele>16.618426</ele>
        <time>2026-08-10T09:07:20.031Z</time>
      </trkpt>
      <trkpt lat="42.770302" lon="-8.653641">
        <ele>16.715837</ele>
        <time>2026-08-10T09:07:25.018Z</time>
      </trkpt>
      <trkpt lat="42.770427" lon="-8.653697">
        <ele>16.994346</ele>
        <time>2026-08-10T09:07:39.317Z</time>
      </trkpt>
      <trkpt lat="42.770460" lon="-8.653764">
        <ele>17.119706</ele>
        <time>2026-08-10T09:07:45.719Z</time>
      </trkpt>
      <trkpt lat="42.770451" lon="-8.653867">
        <ele>17.280868</ele>
        <time>2026-08-10T09:07:53.968Z</time>
      </trkpt>
      <trkpt lat="42.770378" lon="-8.654045">
        <ele>17.597664</ele>
        <time>2026-08-10T09:08:10.184Z</time>
      </trkpt>
      <trkpt lat="42.770396" lon="-8.654231">
        <ele>17.889156</ele>
        <time>2026-08-10T09:08:25.064Z</time>
      </trkpt>
      <trkpt lat="42.770682" lon="-8.654381">
        <ele>18.539914</ele>
        <time>2026-08-10T09:08:58.438Z</time>
      </trkpt>
      <trkpt lat="42.770887" lon="-8.654500">
        <ele>19.079184</ele>
        <time>2026-08-10T09:09:22.805Z</time>
      </trkpt>
      <trkpt lat="42.771145" lon="-8.654585">
        <ele>19.721551</ele>
        <time>2026-08-10T09:09:51.851Z</time>
      </trkpt>
      <trkpt lat="42.771234" lon="-8.654588">
        <ele>19.937000</ele>
        <time>2026-08-10T09:10:01.661Z</time>
      </trkpt>
      <trkpt lat="42.771262" lon="-8.654531">
        <ele>20.058839</ele>
        <time>2026-08-10T09:10:07.197Z</time>
      </trkpt>
      <trkpt lat="42.771244" lon="-8.654207">
        <ele>20.636062</ele>
        <time>2026-08-10T09:10:33.406Z</time>
      </trkpt>
      <trkpt lat="42.771282" lon="-8.654131">
        <ele>20.799418</ele>
        <time>2026-08-10T09:10:40.822Z</time>
      </trkpt>
      <trkpt lat="42.773857" lon="-8.653579">
        <ele>26.417215</ele>
        <time>2026-08-10T09:15:21.784Z</time>
      </trkpt>
      <trkpt lat="42.773962" lon="-8.654109">
        <ele>26.814926</ele>
        <time>2026-08-10T09:16:03.827Z</time>
      </trkpt>
      <trkpt lat="42.775978" lon="-8.653787">
        <ele>27.533616</ele>
        <time>2026-08-10T09:19:31.339Z</time>
      </trkpt>
      <trkpt lat="42.776098" lon="-8.653770">
        <ele>27.431254</ele>
        <time>2026-08-10T09:19:43.542Z</time>
      </trkpt>
      <trkpt lat="42.776328" lon="-8.653738">
        <ele>27.235095</ele>
        <time>2026-08-10T09:20:06.938Z</time>
      </trkpt>
      <trkpt lat="42.776824" lon="-8.653608">
        <ele>26.806548</ele>
        <time>2026-08-10T09:20:59.454Z</time>
      </trkpt>
      <trkpt lat="42.777241" lon="-8.653744">
        <ele>26.456705</ele>
        <time>2026-08-10T09:21:44.270Z</time>
      </trkpt>
      <trkpt lat="42.777269" lon="-8.653696">
        <ele>26.427341</ele>
        <time>2026-08-10T09:21:48.931Z</time>
      </trkpt>
      <trkpt lat="42.777312" lon="-8.653679">
        <ele>26.398127</ele>
        <time>2026-08-10T09:21:53.634Z</time>
      </trkpt>
      <trkpt lat="42.777430" lon="-8.653678">
        <ele>26.321131</ele>
        <time>2026-08-10T09:22:06.064Z</time>
      </trkpt>
      <trkpt lat="42.777577" lon="-8.653782">
        <ele>26.213053</ele>
        <time>2026-08-10T09:22:23.502Z</time>
      </trkpt>
      <trkpt lat="42.777981" lon="-8.653487">
        <ele>25.913973</ele>
        <time>2026-08-10T09:23:10.945Z</time>
      </trkpt>
      <trkpt lat="42.778105" lon="-8.653460">
        <ele>25.832037</ele>
        <time>2026-08-10T09:23:23.798Z</time>
      </trkpt>
      <trkpt lat="42.778151" lon="-8.653454">
        <ele>25.801885</ele>
        <time>2026-08-10T09:23:28.532Z</time>
      </trkpt>
      <trkpt lat="42.778374" lon="-8.653567">
        <ele>25.646641</ele>
        <time>2026-08-10T09:23:52.469Z</time>
      </trkpt>
      <trkpt lat="42.778737" lon="-8.653537">
        <ele>25.409352</ele>
        <time>2026-08-10T09:24:30.091Z</time>
      </trkpt>
      <trkpt lat="42.779116" lon="-8.653004">
        <ele>26.093670</ele>
        <time>2026-08-10T09:25:28.602Z</time>
      </trkpt>
      <trkpt lat="42.779654" lon="-8.652356">
        <ele>27.392547</ele>
        <time>2026-08-10T09:26:46.529Z</time>
      </trkpt>
      <trkpt lat="42.779696" lon="-8.652272">
        <ele>27.527483</ele>
        <time>2026-08-10T09:26:54.715Z</time>
      </trkpt>
      <trkpt lat="42.779730" lon="-8.652185">
        <ele>27.658337</ele>
        <time>2026-08-10T09:27:02.351Z</time>
      </trkpt>
      <trkpt lat="42.780001" lon="-8.651895">
        <ele>28.281640</ele>
        <time>2026-08-10T09:27:38.849Z</time>
      </trkpt>
      <trkpt lat="42.780047" lon="-8.651714">
        <ele>28.535932</ele>
        <time>2026-08-10T09:27:53.594Z</time>
      </trkpt>
      <trkpt lat="42.780073" lon="-8.651415">
        <ele>28.772692</ele>
        <time>2026-08-10T09:28:16.579Z</time>
      </trkpt>
      <trkpt lat="42.780203" lon="-8.651118">
        <ele>29.019658</ele>
        <time>2026-08-10T09:28:42.689Z</time>
      </trkpt>
      <trkpt lat="42.780684" lon="-8.651000">
        <ele>29.495219</ele>
        <time>2026-08-10T09:29:32.673Z</time>
      </trkpt>
      <trkpt lat="42.780672" lon="-8.650933">
        <ele>29.544473</ele>
        <time>2026-08-10T09:29:37.887Z</time>
      </trkpt>
      <trkpt lat="42.780664" lon="-8.650871">
        <ele>29.589431</ele>
        <time>2026-08-10T09:29:42.686Z</time>
      </trkpt>
      <trkpt lat="42.782476" lon="-8.650445">
        <ele>31.994934</ele>
        <time>2026-08-10T09:32:53.645Z</time>
      </trkpt>
      <trkpt lat="42.782476" lon="-8.650414">
        <ele>32.030122</ele>
        <time>2026-08-10T09:32:55.996Z</time>
      </trkpt>
      <trkpt lat="42.782631" lon="-8.650373">
        <ele>32.274322</ele>
        <time>2026-08-10T09:33:12.484Z</time>
      </trkpt>
      <trkpt lat="42.782914" lon="-8.650310">
        <ele>32.717816</ele>
        <time>2026-08-10T09:33:42.385Z</time>
      </trkpt>
      <trkpt lat="42.782927" lon="-8.650337">
        <ele>32.754470</ele>
        <time>2026-08-10T09:33:44.866Z</time>
      </trkpt>
      <trkpt lat="42.783148" lon="-8.650272">
        <ele>33.104144</ele>
        <time>2026-08-10T09:34:08.857Z</time>
      </trkpt>
      <trkpt lat="42.783879" lon="-8.650073">
        <ele>36.474507</ele>
        <time>2026-08-10T09:35:34.428Z</time>
      </trkpt>
      <trkpt lat="42.783913" lon="-8.650066">
        <ele>36.630939</ele>
        <time>2026-08-10T09:35:38.370Z</time>
      </trkpt>
      <trkpt lat="42.784064" lon="-8.650033">
        <ele>37.326664</ele>
        <time>2026-08-10T09:35:56.181Z</time>
      </trkpt>
      <trkpt lat="42.784057" lon="-8.649956">
        <ele>37.585718</ele>
        <time>2026-08-10T09:36:02.831Z</time>
      </trkpt>
      <trkpt lat="42.784157" lon="-8.649945">
        <ele>38.042128</ele>
        <time>2026-08-10T09:36:14.393Z</time>
      </trkpt>
      <trkpt lat="42.784149" lon="-8.649821">
        <ele>38.457737</ele>
        <time>2026-08-10T09:36:25.078Z</time>
      </trkpt>
      <trkpt lat="42.784360" lon="-8.649704">
        <ele>39.494083</ele>
        <time>2026-08-10T09:36:51.586Z</time>
      </trkpt>
      <trkpt lat="42.784359" lon="-8.649620">
        <ele>39.774579</ele>
        <time>2026-08-10T09:36:59.150Z</time>
      </trkpt>
      <trkpt lat="42.784591" lon="-8.649443">
        <ele>40.984204</ele>
        <time>2026-08-10T09:37:31.316Z</time>
      </trkpt>
      <trkpt lat="42.784681" lon="-8.649353">
        <ele>41.455505</ele>
        <time>2026-08-10T09:37:45.074Z</time>
      </trkpt>
      <trkpt lat="42.784893" lon="-8.649025">
        <ele>42.640531</ele>
        <time>2026-08-10T09:38:24.860Z</time>
      </trkpt>
      <trkpt lat="42.785055" lon="-8.648878">
        <ele>43.359585</ele>
        <time>2026-08-10T09:38:48.422Z</time>
      </trkpt>
      <trkpt lat="42.785164" lon="-8.648820">
        <ele>43.791886</ele>
        <time>2026-08-10T09:39:02.104Z</time>
      </trkpt>
      <trkpt lat="42.785335" lon="-8.648686">
        <ele>44.520643</ele>
        <time>2026-08-10T09:39:24.628Z</time>
      </trkpt>
      <trkpt lat="42.785596" lon="-8.648368">
        <ele>45.814129</ele>
        <time>2026-08-10T09:40:03.197Z</time>
      </trkpt>
      <trkpt lat="42.786022" lon="-8.647796">
        <ele>47.955391</ele>
        <time>2026-08-10T09:41:06.731Z</time>
      </trkpt>
      <trkpt lat="42.786323" lon="-8.647821">
        <ele>48.134611</ele>
        <time>2026-08-10T09:41:37.798Z</time>
      </trkpt>
      <trkpt lat="42.786475" lon="-8.647951">
        <ele>48.241267</ele>
        <time>2026-08-10T09:41:55.965Z</time>
      </trkpt>
      <trkpt lat="42.786743" lon="-8.647987">
        <ele>48.401315</ele>
        <time>2026-08-10T09:42:22.996Z</time>
      </trkpt>
      <trkpt lat="42.786943" lon="-8.648140">
        <ele>48.537629</ele>
        <time>2026-08-10T09:42:46.189Z</time>
      </trkpt>
      <trkpt lat="42.787426" lon="-8.647780">
        <ele>48.864819</ele>
        <time>2026-08-10T09:43:41.654Z</time>
      </trkpt>
      <trkpt lat="42.787492" lon="-8.647756">
        <ele>48.905416</ele>
        <time>2026-08-10T09:43:48.687Z</time>
      </trkpt>
      <trkpt lat="42.788110" lon="-8.647736">
        <ele>49.502153</ele>
        <time>2026-08-10T09:44:53.552Z</time>
      </trkpt>
      <trkpt lat="42.788034" lon="-8.647223">
        <ele>49.930570</ele>
        <time>2026-08-10T09:45:33.422Z</time>
      </trkpt>
      <trkpt lat="42.789903" lon="-8.646619">
        <ele>53.609091</ele>
        <time>2026-08-10T09:48:54.165Z</time>
      </trkpt>
      <trkpt lat="42.789931" lon="-8.646530">
        <ele>53.803688</ele>
        <time>2026-08-10T09:49:02.314Z</time>
      </trkpt>
      <trkpt lat="42.789851" lon="-8.646168">
        <ele>54.563433</ele>
        <time>2026-08-10T09:49:34.598Z</time>
      </trkpt>
      <trkpt lat="42.789848" lon="-8.646068">
        <ele>54.764561</ele>
        <time>2026-08-10T09:49:43.109Z</time>
      </trkpt>
      <trkpt lat="42.789858" lon="-8.645960">
        <ele>54.983318</ele>
        <time>2026-08-10T09:49:52.251Z</time>
      </trkpt>
      <trkpt lat="42.790002" lon="-8.645494">
        <ele>55.988932</ele>
        <time>2026-08-10T09:50:34.807Z</time>
      </trkpt>
      <trkpt lat="42.790041" lon="-8.645230">
        <ele>56.429359</ele>
        <time>2026-08-10T09:50:57.627Z</time>
      </trkpt>
      <trkpt lat="42.790048" lon="-8.644927">
        <ele>56.925154</ele>
        <time>2026-08-10T09:51:23.164Z</time>
      </trkpt>
      <trkpt lat="42.790117" lon="-8.644913">
        <ele>57.080625</ele>
        <time>2026-08-10T09:51:31.057Z</time>
      </trkpt>
      <trkpt lat="42.790198" lon="-8.644947">
        <ele>57.269514</ele>
        <time>2026-08-10T09:51:40.684Z</time>
      </trkpt>
      <trkpt lat="42.790364" lon="-8.644956">
        <ele>57.639759</ele>
        <time>2026-08-10T09:51:59.224Z</time>
      </trkpt>
      <trkpt lat="42.790542" lon="-8.644873">
        <ele>58.059037</ele>
        <time>2026-08-10T09:52:19.776Z</time>
      </trkpt>
      <trkpt lat="42.790645" lon="-8.644857">
        <ele>58.290073</ele>
        <time>2026-08-10T09:52:30.856Z</time>
      </trkpt>
      <trkpt lat="42.791554" lon="-8.644834">
        <ele>60.037724</ele>
        <time>2026-08-10T09:54:02.791Z</time>
      </trkpt>
      <trkpt lat="42.791990" lon="-8.644600">
        <ele>60.284467</ele>
        <time>2026-08-10T09:54:50.333Z</time>
      </trkpt>
      <trkpt lat="42.792503" lon="-8.643841">
        <ele>60.683188</ele>
        <time>2026-08-10T09:56:07.709Z</time>
      </trkpt>
      <trkpt lat="42.792980" lon="-8.643323">
        <ele>60.511939</ele>
        <time>2026-08-10T09:57:10.896Z</time>
      </trkpt>
      <trkpt lat="42.793435" lon="-8.642704">
        <ele>59.273432</ele>
        <time>2026-08-10T09:58:15.345Z</time>
      </trkpt>
      <trkpt lat="42.793536" lon="-8.642727">
        <ele>59.076171</ele>
        <time>2026-08-10T09:58:25.768Z</time>
      </trkpt>
      <trkpt lat="42.793598" lon="-8.642666">
        <ele>58.928861</ele>
        <time>2026-08-10T09:58:33.507Z</time>
      </trkpt>
      <trkpt lat="42.793817" lon="-8.642434">
        <ele>58.394511</ele>
        <time>2026-08-10T09:59:02.330Z</time>
      </trkpt>
      <trkpt lat="42.794276" lon="-8.641840">
        <ele>56.591175</ele>
        <time>2026-08-10T10:00:12.419Z</time>
      </trkpt>
      <trkpt lat="42.794435" lon="-8.641682">
        <ele>55.356230</ele>
        <time>2026-08-10T10:00:35.010Z</time>
      </trkpt>
      <trkpt lat="42.794541" lon="-8.641675">
        <ele>54.690225</ele>
        <time>2026-08-10T10:00:47.283Z</time>
      </trkpt>
      <trkpt lat="42.794649" lon="-8.641725">
        <ele>53.974405</ele>
        <time>2026-08-10T10:01:00.442Z</time>
      </trkpt>
      <trkpt lat="42.794939" lon="-8.641967">
        <ele>51.840353</ele>
        <time>2026-08-10T10:01:39.963Z</time>
      </trkpt>
      <trkpt lat="42.795283" lon="-8.642263">
        <ele>49.287193</ele>
        <time>2026-08-10T10:02:27.061Z</time>
      </trkpt>
      <trkpt lat="42.795544" lon="-8.642371">
        <ele>47.575393</ele>
        <time>2026-08-10T10:02:58.108Z</time>
      </trkpt>
      <trkpt lat="42.795802" lon="-8.641932">
        <ele>46.059449</ele>
        <time>2026-08-10T10:03:42.846Z</time>
      </trkpt>
      <trkpt lat="42.796070" lon="-8.641571">
        <ele>45.883042</ele>
        <time>2026-08-10T10:04:21.966Z</time>
      </trkpt>
      <trkpt lat="42.796164" lon="-8.641361">
        <ele>45.798541</ele>
        <time>2026-08-10T10:04:40.370Z</time>
      </trkpt>
      <trkpt lat="42.796208" lon="-8.640908">
        <ele>45.641572</ele>
        <time>2026-08-10T10:05:15.160Z</time>
      </trkpt>
      <trkpt lat="42.796327" lon="-8.640440">
        <ele>45.471428</ele>
        <time>2026-08-10T10:05:55.151Z</time>
      </trkpt>
      <trkpt lat="42.796423" lon="-8.640284">
        <ele>45.401489</ele>
        <time>2026-08-10T10:06:11.226Z</time>
      </trkpt>
      <trkpt lat="42.796494" lon="-8.640215">
        <ele>45.360665</ele>
        <time>2026-08-10T10:06:20.394Z</time>
      </trkpt>
      <trkpt lat="42.796470" lon="-8.639917">
        <ele>45.166849</ele>
        <time>2026-08-10T10:06:43.557Z</time>
      </trkpt>
      <trkpt lat="42.796368" lon="-8.639538">
        <ele>44.756245</ele>
        <time>2026-08-10T10:07:13.454Z</time>
      </trkpt>
      <trkpt lat="42.796447" lon="-8.639207">
        <ele>44.402212</ele>
        <time>2026-08-10T10:07:39.465Z</time>
      </trkpt>
      <trkpt lat="42.796478" lon="-8.639148">
        <ele>44.328402</ele>
        <time>2026-08-10T10:07:44.950Z</time>
      </trkpt>
      <trkpt lat="42.796540" lon="-8.639108">
        <ele>44.233316</ele>
        <time>2026-08-10T10:07:52.047Z</time>
      </trkpt>
      <trkpt lat="42.796780" lon="-8.639117">
        <ele>43.900509</ele>
        <time>2026-08-10T10:08:16.905Z</time>
      </trkpt>
      <trkpt lat="42.796991" lon="-8.638896">
        <ele>43.531627</ele>
        <time>2026-08-10T10:08:44.806Z</time>
      </trkpt>
      <trkpt lat="42.797285" lon="-8.638791">
        <ele>43.110332</ele>
        <time>2026-08-10T10:09:17.571Z</time>
      </trkpt>
      <trkpt lat="42.797507" lon="-8.638525">
        <ele>42.779527</ele>
        <time>2026-08-10T10:09:49.451Z</time>
      </trkpt>
      <trkpt lat="42.797845" lon="-8.638004">
        <ele>42.578925</ele>
        <time>2026-08-10T10:10:42.713Z</time>
      </trkpt>
      <trkpt lat="42.797872" lon="-8.638007">
        <ele>42.568276</ele>
        <time>2026-08-10T10:10:45.467Z</time>
      </trkpt>
      <trkpt lat="42.797924" lon="-8.638086">
        <ele>42.537663</ele>
        <time>2026-08-10T10:10:53.517Z</time>
      </trkpt>
      <trkpt lat="42.798061" lon="-8.637923">
        <ele>42.466170</ele>
        <time>2026-08-10T10:11:12.145Z</time>
      </trkpt>
      <trkpt lat="42.798187" lon="-8.637533">
        <ele>42.343251</ele>
        <time>2026-08-10T10:11:43.612Z</time>
      </trkpt>
      <trkpt lat="42.798395" lon="-8.637087">
        <ele>42.190816</ele>
        <time>2026-08-10T10:12:23.906Z</time>
      </trkpt>
      <trkpt lat="42.798775" lon="-8.636819">
        <ele>42.914243</ele>
        <time>2026-08-10T10:13:10.968Z</time>
      </trkpt>
      <trkpt lat="42.799222" lon="-8.636457">
        <ele>44.957527</ele>
        <time>2026-08-10T10:14:08.765Z</time>
      </trkpt>
      <trkpt lat="42.798919" lon="-8.635689">
        <ele>47.471774</ele>
        <time>2026-08-10T10:15:23.458Z</time>
      </trkpt>
      <trkpt lat="42.798909" lon="-8.635578">
        <ele>47.794232</ele>
        <time>2026-08-10T10:15:33.361Z</time>
      </trkpt>
      <trkpt lat="42.798935" lon="-8.635502">
        <ele>48.036017</ele>
        <time>2026-08-10T10:15:40.784Z</time>
      </trkpt>
      <trkpt lat="42.799327" lon="-8.634908">
        <ele>50.080666</ele>
        <time>2026-08-10T10:16:48.537Z</time>
      </trkpt>
      <trkpt lat="42.799470" lon="-8.634628">
        <ele>50.846240</ele>
        <time>2026-08-10T10:17:17.729Z</time>
      </trkpt>
      <trkpt lat="42.799506" lon="-8.634577">
        <ele>51.005052</ele>
        <time>2026-08-10T10:17:23.846Z</time>
      </trkpt>
      <trkpt lat="42.799685" lon="-8.634471">
        <ele>51.601960</ele>
        <time>2026-08-10T10:17:47.052Z</time>
      </trkpt>
      <trkpt lat="42.799691" lon="-8.634540">
        <ele>51.757886</ele>
        <time>2026-08-10T10:17:52.886Z</time>
      </trkpt>
      <trkpt lat="42.799655" lon="-8.634740">
        <ele>52.220011</ele>
        <time>2026-08-10T10:18:10.581Z</time>
      </trkpt>
      <trkpt lat="42.799806" lon="-8.634939">
        <ele>52.862436</ele>
        <time>2026-08-10T10:18:34.123Z</time>
      </trkpt>
      <trkpt lat="42.799949" lon="-8.634706">
        <ele>53.544108</ele>
        <time>2026-08-10T10:18:57.991Z</time>
      </trkpt>
      <trkpt lat="42.800227" lon="-8.634513">
        <ele>54.498311</ele>
        <time>2026-08-10T10:19:29.207Z</time>
      </trkpt>
      <trkpt lat="42.800330" lon="-8.634486">
        <ele>54.573957</ele>
        <time>2026-08-10T10:19:39.874Z</time>
      </trkpt>
      <trkpt lat="42.800401" lon="-8.634618">
        <ele>54.325596</ele>
        <time>2026-08-10T10:19:52.344Z</time>
      </trkpt>
      <trkpt lat="42.800330" lon="-8.634486">
        <ele>54.077234</ele>
        <time>2026-08-10T10:20:04.654Z</time>
      </trkpt>
      <trkpt lat="42.800227" lon="-8.634513">
        <ele>53.860310</ele>
        <time>2026-08-10T10:20:15.421Z</time>
      </trkpt>
      <trkpt lat="42.799949" lon="-8.634706">
        <ele>53.215068</ele>
        <time>2026-08-10T10:20:47.350Z</time>
      </trkpt>
      <trkpt lat="42.799806" lon="-8.634939">
        <ele>52.754116</ele>
        <time>2026-08-10T10:21:10.589Z</time>
      </trkpt>
      <trkpt lat="42.800114" lon="-8.635566">
        <ele>51.609119</ele>
        <time>2026-08-10T10:22:10.049Z</time>
      </trkpt>
      <trkpt lat="42.800227" lon="-8.635955">
        <ele>50.974247</ele>
        <time>2026-08-10T10:22:43.015Z</time>
      </trkpt>
      <trkpt lat="42.800354" lon="-8.636157">
        <ele>50.457988</ele>
        <time>2026-08-10T10:23:03.760Z</time>
      </trkpt>
      <trkpt lat="42.800794" lon="-8.636452">
        <ele>49.145258</ele>
        <time>2026-08-10T10:23:55.251Z</time>
      </trkpt>
      <trkpt lat="42.800926" lon="-8.636567">
        <ele>48.725854</ele>
        <time>2026-08-10T10:24:11.657Z</time>
      </trkpt>
      <trkpt lat="42.800966" lon="-8.636650">
        <ele>48.530800</ele>
        <time>2026-08-10T10:24:19.307Z</time>
      </trkpt>
      <trkpt lat="42.801010" lon="-8.636883">
        <ele>48.058218</ele>
        <time>2026-08-10T10:24:37.881Z</time>
      </trkpt>
      <trkpt lat="42.801137" lon="-8.637192">
        <ele>47.362533</ele>
        <time>2026-08-10T10:25:05.383Z</time>
      </trkpt>
      <trkpt lat="42.801232" lon="-8.637316">
        <ele>47.010392</ele>
        <time>2026-08-10T10:25:19.335Z</time>
      </trkpt>
      <trkpt lat="42.801637" lon="-8.637596">
        <ele>45.914191</ele>
        <time>2026-08-10T10:26:07.202Z</time>
      </trkpt>
      <trkpt lat="42.801959" lon="-8.637921">
        <ele>45.215141</ele>
        <time>2026-08-10T10:26:49.244Z</time>
      </trkpt>
      <trkpt lat="42.801979" lon="-8.637948">
        <ele>45.166028</ele>
        <time>2026-08-10T10:26:52.181Z</time>
      </trkpt>
      <trkpt lat="42.802052" lon="-8.637883">
        <ele>45.013898</ele>
        <time>2026-08-10T10:27:01.166Z</time>
      </trkpt>
      <trkpt lat="42.802174" lon="-8.637860">
        <ele>44.799023</ele>
        <time>2026-08-10T10:27:13.975Z</time>
      </trkpt>
      <trkpt lat="42.802493" lon="-8.637598">
        <ele>44.149239</ele>
        <time>2026-08-10T10:27:52.391Z</time>
      </trkpt>
      <trkpt lat="42.802527" lon="-8.637669">
        <ele>44.040710</ele>
        <time>2026-08-10T10:27:58.783Z</time>
      </trkpt>
      <trkpt lat="42.802556" lon="-8.637732">
        <ele>43.945509</ele>
        <time>2026-08-10T10:28:04.380Z</time>
      </trkpt>
      <trkpt lat="42.802585" lon="-8.637795">
        <ele>43.850308</ele>
        <time>2026-08-10T10:28:10.019Z</time>
      </trkpt>
      <trkpt lat="42.803771" lon="-8.636669">
        <ele>41.428584</ele>
        <time>2026-08-10T10:30:38.466Z</time>
      </trkpt>
      <trkpt lat="42.803993" lon="-8.637271">
        <ele>40.617727</ele>
        <time>2026-08-10T10:31:30.051Z</time>
      </trkpt>
      <trkpt lat="42.804443" lon="-8.638138">
        <ele>39.561358</ele>
        <time>2026-08-10T10:32:51.679Z</time>
      </trkpt>
      <trkpt lat="42.805053" lon="-8.637821">
        <ele>38.824990</ele>
        <time>2026-08-10T10:33:58.498Z</time>
      </trkpt>
      <trkpt lat="42.805253" lon="-8.637671">
        <ele>38.567501</ele>
        <time>2026-08-10T10:34:21.582Z</time>
      </trkpt>
      <trkpt lat="42.805948" lon="-8.637256">
        <ele>38.068187</ele>
        <time>2026-08-10T10:35:38.456Z</time>
      </trkpt>
      <trkpt lat="42.806528" lon="-8.637434">
        <ele>38.171202</ele>
        <time>2026-08-10T10:36:39.366Z</time>
      </trkpt>
      <trkpt lat="42.806757" lon="-8.637293">
        <ele>38.214743</ele>
        <time>2026-08-10T10:37:04.614Z</time>
      </trkpt>
      <trkpt lat="42.807008" lon="-8.636625">
        <ele>38.310151</ele>
        <time>2026-08-10T10:37:59.967Z</time>
      </trkpt>
      <trkpt lat="42.807362" lon="-8.636288">
        <ele>38.755352</ele>
        <time>2026-08-10T10:38:43.634Z</time>
      </trkpt>
      <trkpt lat="42.807387" lon="-8.636221">
        <ele>38.832192</ele>
        <time>2026-08-10T10:38:49.322Z</time>
      </trkpt>
      <trkpt lat="42.807410" lon="-8.635903">
        <ele>39.158842</ele>
        <time>2026-08-10T10:39:13.626Z</time>
      </trkpt>
      <trkpt lat="42.807892" lon="-8.634807">
        <ele>40.465098</ele>
        <time>2026-08-10T10:40:52.014Z</time>
      </trkpt>
      <trkpt lat="42.808012" lon="-8.634400">
        <ele>41.102474</ele>
        <time>2026-08-10T10:41:27.252Z</time>
      </trkpt>
      <trkpt lat="42.808209" lon="-8.633863">
        <ele>43.264362</ele>
        <time>2026-08-10T10:42:16.103Z</time>
      </trkpt>
      <trkpt lat="42.808432" lon="-8.633498">
        <ele>44.974708</ele>
        <time>2026-08-10T10:42:55.230Z</time>
      </trkpt>
      <trkpt lat="42.808518" lon="-8.633236">
        <ele>46.008229</ele>
        <time>2026-08-10T10:43:19.532Z</time>
      </trkpt>
      <trkpt lat="42.808570" lon="-8.633104">
        <ele>46.547717</ele>
        <time>2026-08-10T10:43:32.498Z</time>
      </trkpt>
      <trkpt lat="42.808836" lon="-8.632552">
        <ele>48.925757</ele>
        <time>2026-08-10T10:44:31.983Z</time>
      </trkpt>
      <trkpt lat="42.808980" lon="-8.632323">
        <ele>50.233447</ele>
        <time>2026-08-10T10:45:00.621Z</time>
      </trkpt>
      <trkpt lat="42.809207" lon="-8.632113">
        <ele>52.444555</ele>
        <time>2026-08-10T10:45:36.128Z</time>
      </trkpt>
      <trkpt lat="42.809353" lon="-8.631185">
        <ele>58.056330</ele>
        <time>2026-08-10T10:47:06.283Z</time>
      </trkpt>
      <trkpt lat="42.809406" lon="-8.631045">
        <ele>58.987829</ele>
        <time>2026-08-10T10:47:21.416Z</time>
      </trkpt>
      <trkpt lat="42.809480" lon="-8.630931">
        <ele>59.887860</ele>
        <time>2026-08-10T10:47:35.961Z</time>
      </trkpt>
      <trkpt lat="42.809521" lon="-8.630775">
        <ele>60.867648</ele>
        <time>2026-08-10T10:47:51.787Z</time>
      </trkpt>
      <trkpt lat="42.809368" lon="-8.630987">
        <ele>62.626018</ele>
        <time>2026-08-10T10:48:19.971Z</time>
      </trkpt>
      <trkpt lat="42.809156" lon="-8.631097">
        <ele>64.297988</ele>
        <time>2026-08-10T10:48:48.335Z</time>
      </trkpt>
      <trkpt lat="42.809331" lon="-8.630771">
        <ele>65.404818</ele>
        <time>2026-08-10T10:49:24.057Z</time>
      </trkpt>
      <trkpt lat="42.809467" lon="-8.630471">
        <ele>66.371091</ele>
        <time>2026-08-10T10:49:53.869Z</time>
      </trkpt>
      <trkpt lat="42.809601" lon="-8.629901">
        <ele>68.011108</ele>
        <time>2026-08-10T10:50:43.811Z</time>
      </trkpt>
      <trkpt lat="42.809800" lon="-8.628934">
        <ele>70.762932</ele>
        <time>2026-08-10T10:52:03.944Z</time>
      </trkpt>
      <trkpt lat="42.809848" lon="-8.628473">
        <ele>70.414650</ele>
        <time>2026-08-10T10:52:38.350Z</time>
      </trkpt>
      <trkpt lat="42.809844" lon="-8.628233">
        <ele>70.149885</ele>
        <time>2026-08-10T10:52:56.324Z</time>
      </trkpt>
      <trkpt lat="42.809805" lon="-8.627964">
        <ele>69.847466</ele>
        <time>2026-08-10T10:53:17.141Z</time>
      </trkpt>
      <trkpt lat="42.809491" lon="-8.627049">
        <ele>68.733355</ele>
        <time>2026-08-10T10:54:35.512Z</time>
      </trkpt>
      <trkpt lat="42.809413" lon="-8.626727">
        <ele>68.359359</ele>
        <time>2026-08-10T10:55:02.076Z</time>
      </trkpt>
      <trkpt lat="42.809392" lon="-8.626418">
        <ele>68.183112</ele>
        <time>2026-08-10T10:55:26.234Z</time>
      </trkpt>
      <trkpt lat="42.809408" lon="-8.626197">
        <ele>68.192943</ele>
        <time>2026-08-10T10:55:43.256Z</time>
      </trkpt>
      <trkpt lat="42.809500" lon="-8.625859">
        <ele>68.208903</ele>
        <time>2026-08-10T10:56:10.423Z</time>
      </trkpt>
      <trkpt lat="42.809750" lon="-8.625193">
        <ele>68.242022</ele>
        <time>2026-08-10T10:57:06.424Z</time>
      </trkpt>
      <trkpt lat="42.810021" lon="-8.624610">
        <ele>68.272576</ele>
        <time>2026-08-10T10:57:59.272Z</time>
      </trkpt>
      <trkpt lat="42.810174" lon="-8.624373">
        <ele>68.361997</ele>
        <time>2026-08-10T10:58:23.662Z</time>
      </trkpt>
      <trkpt lat="42.810423" lon="-8.624258">
        <ele>69.292951</ele>
        <time>2026-08-10T10:58:51.214Z</time>
      </trkpt>
      <trkpt lat="42.811384" lon="-8.623615">
        <ele>73.083731</ele>
        <time>2026-08-10T11:00:49.388Z</time>
      </trkpt>
      <trkpt lat="42.811487" lon="-8.623456">
        <ele>73.634750</ele>
        <time>2026-08-10T11:01:07.471Z</time>
      </trkpt>
      <trkpt lat="42.811668" lon="-8.622976">
        <ele>75.436338</ele>
        <time>2026-08-10T11:01:55.225Z</time>
      </trkpt>
      <trkpt lat="42.811878" lon="-8.622694">
        <ele>77.571000</ele>
        <time>2026-08-10T11:02:32.470Z</time>
      </trkpt>
      <trkpt lat="42.812227" lon="-8.622513">
        <ele>80.275013</ele>
        <time>2026-08-10T11:03:20.772Z</time>
      </trkpt>
      <trkpt lat="42.812433" lon="-8.622475">
        <ele>81.780359</ele>
        <time>2026-08-10T11:03:47.328Z</time>
      </trkpt>
      <trkpt lat="42.812864" lon="-8.622174">
        <ele>85.287198</ele>
        <time>2026-08-10T11:04:48.283Z</time>
      </trkpt>
      <trkpt lat="42.812982" lon="-8.622128">
        <ele>86.175948</ele>
        <time>2026-08-10T11:05:03.557Z</time>
      </trkpt>
      <trkpt lat="42.813033" lon="-8.622121">
        <ele>86.547132</ele>
        <time>2026-08-10T11:05:09.977Z</time>
      </trkpt>
      <trkpt lat="42.813343" lon="-8.621793">
        <ele>88.915703</ele>
        <time>2026-08-10T11:05:58.412Z</time>
      </trkpt>
      <trkpt lat="42.813435" lon="-8.621659">
        <ele>89.620842</ele>
        <time>2026-08-10T11:06:14.996Z</time>
      </trkpt>
      <trkpt lat="42.814039" lon="-8.620240">
        <ele>95.923947</ele>
        <time>2026-08-10T11:08:37.860Z</time>
      </trkpt>
      <trkpt lat="42.814114" lon="-8.620336">
        <ele>96.462772</ele>
        <time>2026-08-10T11:08:49.546Z</time>
      </trkpt>
      <trkpt lat="42.814203" lon="-8.620366">
        <ele>96.942940</ele>
        <time>2026-08-10T11:08:59.862Z</time>
      </trkpt>
      <trkpt lat="42.814327" lon="-8.620309">
        <ele>97.132478</ele>
        <time>2026-08-10T11:09:14.276Z</time>
      </trkpt>
      <trkpt lat="42.814409" lon="-8.620226">
        <ele>97.165895</ele>
        <time>2026-08-10T11:09:25.405Z</time>
      </trkpt>
      <trkpt lat="42.814463" lon="-8.620244">
        <ele>97.184084</ele>
        <time>2026-08-10T11:09:31.371Z</time>
      </trkpt>
      <trkpt lat="42.814671" lon="-8.620228">
        <ele>97.252249</ele>
        <time>2026-08-10T11:09:53.685Z</time>
      </trkpt>
      <trkpt lat="42.814709" lon="-8.620705">
        <ele>97.367409</ele>
        <time>2026-08-10T11:10:30.078Z</time>
      </trkpt>
      <trkpt lat="42.814735" lon="-8.621195">
        <ele>97.485323</ele>
        <time>2026-08-10T11:11:06.344Z</time>
      </trkpt>
      <trkpt lat="42.814970" lon="-8.621633">
        <ele>97.615567</ele>
        <time>2026-08-10T11:11:47.306Z</time>
      </trkpt>
      <trkpt lat="42.815028" lon="-8.621691">
        <ele>97.639103</ele>
        <time>2026-08-10T11:11:54.922Z</time>
      </trkpt>
      <trkpt lat="42.815384" lon="-8.621940">
        <ele>97.003149</ele>
        <time>2026-08-10T11:12:37.216Z</time>
      </trkpt>
      <trkpt lat="42.815540" lon="-8.622158">
        <ele>96.393301</ele>
        <time>2026-08-10T11:13:01.044Z</time>
      </trkpt>
      <trkpt lat="42.815633" lon="-8.622172">
        <ele>96.137883</ele>
        <time>2026-08-10T11:13:11.058Z</time>
      </trkpt>
      <trkpt lat="42.815754" lon="-8.622136">
        <ele>95.799798</ele>
        <time>2026-08-10T11:13:24.504Z</time>
      </trkpt>
      <trkpt lat="42.816004" lon="-8.622143">
        <ele>95.117196</ele>
        <time>2026-08-10T11:13:51.505Z</time>
      </trkpt>
      <trkpt lat="42.816096" lon="-8.622015">
        <ele>94.758351</ele>
        <time>2026-08-10T11:14:05.637Z</time>
      </trkpt>
      <trkpt lat="42.816273" lon="-8.621693">
        <ele>93.952616</ele>
        <time>2026-08-10T11:14:37.172Z</time>
      </trkpt>
      <trkpt lat="42.816361" lon="-8.621624">
        <ele>93.675490</ele>
        <time>2026-08-10T11:14:47.975Z</time>
      </trkpt>
      <trkpt lat="42.816647" lon="-8.621462">
        <ele>92.830047</ele>
        <time>2026-08-10T11:15:20.769Z</time>
      </trkpt>
      <trkpt lat="42.816851" lon="-8.621296">
        <ele>93.498217</ele>
        <time>2026-08-10T11:15:45.311Z</time>
      </trkpt>
      <trkpt lat="42.816929" lon="-8.621276">
        <ele>93.759857</ele>
        <time>2026-08-10T11:15:53.259Z</time>
      </trkpt>
      <trkpt lat="42.817042" lon="-8.621268">
        <ele>94.132870</ele>
        <time>2026-08-10T11:16:04.694Z</time>
      </trkpt>
      <trkpt lat="42.817729" lon="-8.621155">
        <ele>96.414029</ele>
        <time>2026-08-10T11:17:21.242Z</time>
      </trkpt>
      <trkpt lat="42.817931" lon="-8.621071">
        <ele>97.110223</ele>
        <time>2026-08-10T11:17:46.805Z</time>
      </trkpt>
      <trkpt lat="42.818044" lon="-8.620976">
        <ele>97.547870</ele>
        <time>2026-08-10T11:18:03.180Z</time>
      </trkpt>
      <trkpt lat="42.818325" lon="-8.620613">
        <ele>98.970807</ele>
        <time>2026-08-10T11:18:51.461Z</time>
      </trkpt>
      <trkpt lat="42.818661" lon="-8.620336">
        <ele>101.892795</ele>
        <time>2026-08-10T11:19:40.773Z</time>
      </trkpt>
      <trkpt lat="42.819045" lon="-8.619905">
        <ele>105.594200</ele>
        <time>2026-08-10T11:20:43.789Z</time>
      </trkpt>
      <trkpt lat="42.819232" lon="-8.619676">
        <ele>107.464744</ele>
        <time>2026-08-10T11:21:15.761Z</time>
      </trkpt>
      <trkpt lat="42.819330" lon="-8.619462">
        <ele>108.841807</ele>
        <time>2026-08-10T11:21:39.246Z</time>
      </trkpt>
      <trkpt lat="42.819339" lon="-8.619386">
        <ele>109.262018</ele>
        <time>2026-08-10T11:21:46.387Z</time>
      </trkpt>
      <trkpt lat="42.819341" lon="-8.619317">
        <ele>109.638942</ele>
        <time>2026-08-10T11:21:52.730Z</time>
      </trkpt>
      <trkpt lat="42.819470" lon="-8.619080">
        <ele>111.249855</ele>
        <time>2026-08-10T11:22:20.008Z</time>
      </trkpt>
      <trkpt lat="42.819747" lon="-8.618761">
        <ele>113.244868</ele>
        <time>2026-08-10T11:23:05.113Z</time>
      </trkpt>
      <trkpt lat="42.819977" lon="-8.618535">
        <ele>114.555240</ele>
        <time>2026-08-10T11:23:39.627Z</time>
      </trkpt>
      <trkpt lat="42.820462" lon="-8.618217">
        <ele>117.042630</ele>
        <time>2026-08-10T11:24:43.206Z</time>
      </trkpt>
      <trkpt lat="42.820598" lon="-8.618105">
        <ele>117.776986</ele>
        <time>2026-08-10T11:25:01.326Z</time>
      </trkpt>
      <trkpt lat="42.820641" lon="-8.618038">
        <ele>118.078797</ele>
        <time>2026-08-10T11:25:08.640Z</time>
      </trkpt>
      <trkpt lat="42.820739" lon="-8.617706">
        <ele>119.292033</ele>
        <time>2026-08-10T11:25:37.504Z</time>
      </trkpt>
      <trkpt lat="42.820798" lon="-8.617028">
        <ele>120.857131</ele>
        <time>2026-08-10T11:26:30.413Z</time>
      </trkpt>
      <trkpt lat="42.820870" lon="-8.616985">
        <ele>120.993789</ele>
        <time>2026-08-10T11:26:38.542Z</time>
      </trkpt>
      <trkpt lat="42.821123" lon="-8.616954">
        <ele>121.435412</ele>
        <time>2026-08-10T11:27:04.713Z</time>
      </trkpt>
      <trkpt lat="42.821378" lon="-8.617031">
        <ele>121.889483</ele>
        <time>2026-08-10T11:27:31.704Z</time>
      </trkpt>
      <trkpt lat="42.821362" lon="-8.616890">
        <ele>122.071422</ele>
        <time>2026-08-10T11:27:42.486Z</time>
      </trkpt>
      <trkpt lat="42.821308" lon="-8.616429">
        <ele>122.666729</ele>
        <time>2026-08-10T11:28:18.357Z</time>
      </trkpt>
      <trkpt lat="42.821230" lon="-8.615730">
        <ele>123.594492</ele>
        <time>2026-08-10T11:29:14.337Z</time>
      </trkpt>
      <trkpt lat="42.821153" lon="-8.615761">
        <ele>123.835175</ele>
        <time>2026-08-10T11:29:23.125Z</time>
      </trkpt>
      <trkpt lat="42.821438" lon="-8.615011">
        <ele>125.692454</ele>
        <time>2026-08-10T11:30:32.758Z</time>
      </trkpt>
      <trkpt lat="42.821568" lon="-8.614553">
        <ele>126.772279</ele>
        <time>2026-08-10T11:31:13.634Z</time>
      </trkpt>
      <trkpt lat="42.821576" lon="-8.614444">
        <ele>127.013144</ele>
        <time>2026-08-10T11:31:22.683Z</time>
      </trkpt>
      <trkpt lat="42.821543" lon="-8.614251">
        <ele>127.448889</ele>
        <time>2026-08-10T11:31:38.956Z</time>
      </trkpt>
      <trkpt lat="42.821483" lon="-8.613703">
        <ele>128.667180</ele>
        <time>2026-08-10T11:32:23.775Z</time>
      </trkpt>
      <trkpt lat="42.821722" lon="-8.613324">
        <ele>129.108109</ele>
        <time>2026-08-10T11:33:03.517Z</time>
      </trkpt>
      <trkpt lat="42.822637" lon="-8.612382">
        <ele>129.858987</ele>
        <time>2026-08-10T11:35:01.559Z</time>
      </trkpt>
      <trkpt lat="42.822736" lon="-8.612230">
        <ele>129.956631</ele>
        <time>2026-08-10T11:35:16.760Z</time>
      </trkpt>
      <trkpt lat="42.822902" lon="-8.611994">
        <ele>130.060308</ele>
        <time>2026-08-10T11:35:41.411Z</time>
      </trkpt>
      <trkpt lat="42.823318" lon="-8.611604">
        <ele>128.870310</ele>
        <time>2026-08-10T11:36:33.641Z</time>
      </trkpt>
      <trkpt lat="42.823386" lon="-8.611559">
        <ele>128.692144</ele>
        <time>2026-08-10T11:36:41.471Z</time>
      </trkpt>
      <trkpt lat="42.823671" lon="-8.611436">
        <ele>127.987516</ele>
        <time>2026-08-10T11:37:12.785Z</time>
      </trkpt>
      <trkpt lat="42.824438" lon="-8.610992">
        <ele>126.023414</ele>
        <time>2026-08-10T11:38:41.729Z</time>
      </trkpt>
      <trkpt lat="42.824553" lon="-8.610949">
        <ele>125.794955</ele>
        <time>2026-08-10T11:38:54.403Z</time>
      </trkpt>
      <trkpt lat="42.825036" lon="-8.610905">
        <ele>125.153599</ele>
        <time>2026-08-10T11:39:45.738Z</time>
      </trkpt>
      <trkpt lat="42.825329" lon="-8.610935">
        <ele>124.764309</ele>
        <time>2026-08-10T11:40:16.563Z</time>
      </trkpt>
      <trkpt lat="42.826021" lon="-8.611159">
        <ele>123.821991</ele>
        <time>2026-08-10T11:41:29.067Z</time>
      </trkpt>
      <trkpt lat="42.826107" lon="-8.611147">
        <ele>123.707454</ele>
        <time>2026-08-10T11:41:37.930Z</time>
      </trkpt>
      <trkpt lat="42.826145" lon="-8.611049">
        <ele>123.599736</ele>
        <time>2026-08-10T11:41:46.373Z</time>
      </trkpt>
      <trkpt lat="42.826232" lon="-8.610973">
        <ele>123.499091</ele>
        <time>2026-08-10T11:41:57.087Z</time>
      </trkpt>
      <trkpt lat="42.826392" lon="-8.610895">
        <ele>123.764977</ele>
        <time>2026-08-10T11:42:14.851Z</time>
      </trkpt>
      <trkpt lat="42.826540" lon="-8.610871">
        <ele>123.998197</ele>
        <time>2026-08-10T11:42:30.533Z</time>
      </trkpt>
      <trkpt lat="42.826756" lon="-8.610892">
        <ele>124.337048</ele>
        <time>2026-08-10T11:42:53.395Z</time>
      </trkpt>
      <trkpt lat="42.826923" lon="-8.610790">
        <ele>124.623386</ele>
        <time>2026-08-10T11:43:12.892Z</time>
      </trkpt>
      <trkpt lat="42.827106" lon="-8.610729">
        <ele>124.918174</ele>
        <time>2026-08-10T11:43:33.103Z</time>
      </trkpt>
      <trkpt lat="42.827216" lon="-8.610653">
        <ele>125.111136</ele>
        <time>2026-08-10T11:43:46.253Z</time>
      </trkpt>
      <trkpt lat="42.827375" lon="-8.610441">
        <ele>125.459122</ele>
        <time>2026-08-10T11:44:10.158Z</time>
      </trkpt>
      <trkpt lat="42.827923" lon="-8.610281">
        <ele>126.374125</ele>
        <time>2026-08-10T11:45:09.510Z</time>
      </trkpt>
      <trkpt lat="42.828030" lon="-8.610205">
        <ele>126.733528</ele>
        <time>2026-08-10T11:45:22.258Z</time>
      </trkpt>
      <trkpt lat="42.828171" lon="-8.610030">
        <ele>127.301511</ele>
        <time>2026-08-10T11:45:42.406Z</time>
      </trkpt>
      <trkpt lat="42.828258" lon="-8.609715">
        <ele>128.036891</ele>
        <time>2026-08-10T11:46:08.987Z</time>
      </trkpt>
      <trkpt lat="42.828290" lon="-8.609471">
        <ele>128.578426</ele>
        <time>2026-08-10T11:46:28.870Z</time>
      </trkpt>
      <trkpt lat="42.828276" lon="-8.609182">
        <ele>129.211194</ele>
        <time>2026-08-10T11:46:52.429Z</time>
      </trkpt>
      <trkpt lat="42.828202" lon="-8.608843">
        <ele>129.983935</ele>
        <time>2026-08-10T11:47:21.660Z</time>
      </trkpt>
      <trkpt lat="42.828217" lon="-8.608712">
        <ele>130.273604</ele>
        <time>2026-08-10T11:47:32.758Z</time>
      </trkpt>
      <trkpt lat="42.828671" lon="-8.608257">
        <ele>131.944118</ele>
        <time>2026-08-10T11:48:37.307Z</time>
      </trkpt>
      <trkpt lat="42.828746" lon="-8.608158">
        <ele>132.246835</ele>
        <time>2026-08-10T11:48:49.311Z</time>
      </trkpt>
      <trkpt lat="42.828846" lon="-8.607935">
        <ele>132.802745</ele>
        <time>2026-08-10T11:49:11.268Z</time>
      </trkpt>
      <trkpt lat="42.828863" lon="-8.607489">
        <ele>133.752577</ele>
        <time>2026-08-10T11:49:48.519Z</time>
      </trkpt>
      <trkpt lat="42.829018" lon="-8.606279">
        <ele>136.364960</ele>
        <time>2026-08-10T11:51:26.071Z</time>
      </trkpt>
      <trkpt lat="42.829046" lon="-8.606222">
        <ele>136.510869</ele>
        <time>2026-08-10T11:51:31.373Z</time>
      </trkpt>
      <trkpt lat="42.829178" lon="-8.606111">
        <ele>136.946138</ele>
        <time>2026-08-10T11:51:47.721Z</time>
      </trkpt>
      <trkpt lat="42.829342" lon="-8.605940">
        <ele>137.451294</ele>
        <time>2026-08-10T11:52:09.453Z</time>
      </trkpt>
      <trkpt lat="42.829550" lon="-8.605798">
        <ele>138.020459</ele>
        <time>2026-08-10T11:52:34.023Z</time>
      </trkpt>
      <trkpt lat="42.829957" lon="-8.605666">
        <ele>139.044097</ele>
        <time>2026-08-10T11:53:18.778Z</time>
      </trkpt>
      <trkpt lat="42.830624" lon="-8.605505">
        <ele>140.701501</ele>
        <time>2026-08-10T11:54:33.135Z</time>
      </trkpt>
      <trkpt lat="42.831392" lon="-8.605082">
        <ele>143.657530</ele>
        <time>2026-08-10T11:56:06.510Z</time>
      </trkpt>
      <trkpt lat="42.831492" lon="-8.604975">
        <ele>144.166641</ele>
        <time>2026-08-10T11:56:21.010Z</time>
      </trkpt>
      <trkpt lat="42.831807" lon="-8.604306">
        <ele>146.501813</ele>
        <time>2026-08-10T11:57:27.762Z</time>
      </trkpt>
      <trkpt lat="42.832664" lon="-8.602952">
        <ele>152.393602</ele>
        <time>2026-08-10T11:59:59.840Z</time>
      </trkpt>
      <trkpt lat="42.832965" lon="-8.602425">
        <ele>154.737179</ele>
        <time>2026-08-10T12:00:57.078Z</time>
      </trkpt>
      <trkpt lat="42.833059" lon="-8.602208">
        <ele>155.621413</ele>
        <time>2026-08-10T12:01:18.776Z</time>
      </trkpt>
      <trkpt lat="42.833179" lon="-8.601574">
        <ele>157.880305</ele>
        <time>2026-08-10T12:02:15.289Z</time>
      </trkpt>
      <trkpt lat="42.833481" lon="-8.601098">
        <ele>159.987842</ele>
        <time>2026-08-10T12:03:09.513Z</time>
      </trkpt>
      <trkpt lat="42.834064" lon="-8.600721">
        <ele>162.933939</ele>
        <time>2026-08-10T12:04:24.460Z</time>
      </trkpt>
      <trkpt lat="42.834552" lon="-8.600214">
        <ele>165.607222</ele>
        <time>2026-08-10T12:05:34.525Z</time>
      </trkpt>
      <trkpt lat="42.835163" lon="-8.599679">
        <ele>167.968758</ele>
        <time>2026-08-10T12:06:56.338Z</time>
      </trkpt>
      <trkpt lat="42.835523" lon="-8.599222">
        <ele>169.568373</ele>
        <time>2026-08-10T12:07:50.963Z</time>
      </trkpt>
      <trkpt lat="42.835627" lon="-8.599054">
        <ele>170.092722</ele>
        <time>2026-08-10T12:08:08.636Z</time>
      </trkpt>
      <trkpt lat="42.835717" lon="-8.598655">
        <ele>171.088312</ele>
        <time>2026-08-10T12:08:42.084Z</time>
      </trkpt>
      <trkpt lat="42.835773" lon="-8.598504">
        <ele>171.565639</ele>
        <time>2026-08-10T12:08:55.692Z</time>
      </trkpt>
      <trkpt lat="42.836234" lon="-8.597738">
        <ele>174.424809</ele>
        <time>2026-08-10T12:10:15.227Z</time>
      </trkpt>
      <trkpt lat="42.836407" lon="-8.596974">
        <ele>176.731869</ele>
        <time>2026-08-10T12:11:21.410Z</time>
      </trkpt>
      <trkpt lat="42.836565" lon="-8.595549">
        <ele>183.479131</ele>
        <time>2026-08-10T12:13:30.653Z</time>
      </trkpt>
      <trkpt lat="42.836557" lon="-8.595436">
        <ele>184.123966</ele>
        <time>2026-08-10T12:13:41.470Z</time>
      </trkpt>
      <trkpt lat="42.836421" lon="-8.594872">
        <ele>187.496306</ele>
        <time>2026-08-10T12:14:38.491Z</time>
      </trkpt>
      <trkpt lat="42.836379" lon="-8.594536">
        <ele>189.432354</ele>
        <time>2026-08-10T12:15:11.415Z</time>
      </trkpt>
      <trkpt lat="42.836469" lon="-8.593962">
        <ele>192.558026</ele>
        <time>2026-08-10T12:16:07.379Z</time>
      </trkpt>
      <trkpt lat="42.836472" lon="-8.593841">
        <ele>193.013373</ele>
        <time>2026-08-10T12:16:18.703Z</time>
      </trkpt>
      <trkpt lat="42.836423" lon="-8.593552">
        <ele>194.128994</ele>
        <time>2026-08-10T12:16:46.271Z</time>
      </trkpt>
      <trkpt lat="42.836447" lon="-8.593377">
        <ele>194.798590</ele>
        <time>2026-08-10T12:17:02.638Z</time>
      </trkpt>
      <trkpt lat="42.838336" lon="-8.593163">
        <ele>202.709734</ele>
        <time>2026-08-10T12:20:36.941Z</time>
      </trkpt>
      <trkpt lat="42.838419" lon="-8.593196">
        <ele>202.897911</ele>
        <time>2026-08-10T12:20:45.882Z</time>
      </trkpt>
      <trkpt lat="42.838408" lon="-8.593490">
        <ele>203.367753</ele>
        <time>2026-08-10T12:21:08.348Z</time>
      </trkpt>
      <trkpt lat="42.838344" lon="-8.593859">
        <ele>203.972937</ele>
        <time>2026-08-10T12:21:37.471Z</time>
      </trkpt>
      <trkpt lat="42.838170" lon="-8.594358">
        <ele>204.854818</ele>
        <time>2026-08-10T12:22:20.175Z</time>
      </trkpt>
      <trkpt lat="42.838178" lon="-8.594447">
        <ele>204.997928</ele>
        <time>2026-08-10T12:22:27.012Z</time>
      </trkpt>
      <trkpt lat="42.838267" lon="-8.594342">
        <ele>205.254072</ele>
        <time>2026-08-10T12:22:39.211Z</time>
      </trkpt>
      <trkpt lat="42.838753" lon="-8.593553">
        <ele>206.307931</ele>
        <time>2026-08-10T12:23:59.143Z</time>
      </trkpt>
      <trkpt lat="42.838703" lon="-8.593403">
        <ele>206.474360</ele>
        <time>2026-08-10T12:24:12.214Z</time>
      </trkpt>
      <trkpt lat="42.838733" lon="-8.593195">
        <ele>206.688478</ele>
        <time>2026-08-10T12:24:29.142Z</time>
      </trkpt>
      <trkpt lat="42.838679" lon="-8.592988">
        <ele>206.910398</ele>
        <time>2026-08-10T12:24:46.492Z</time>
      </trkpt>
      <trkpt lat="42.838638" lon="-8.592782">
        <ele>207.125999</ele>
        <time>2026-08-10T12:25:03.097Z</time>
      </trkpt>
      <trkpt lat="42.838637" lon="-8.592540">
        <ele>207.370437</ele>
        <time>2026-08-10T12:25:21.560Z</time>
      </trkpt>
      <trkpt lat="42.838706" lon="-8.592227">
        <ele>207.700564</ele>
        <time>2026-08-10T12:25:45.911Z</time>
      </trkpt>
      <trkpt lat="42.838850" lon="-8.591879">
        <ele>207.846371</ele>
        <time>2026-08-10T12:26:15.336Z</time>
      </trkpt>
      <trkpt lat="42.838853" lon="-8.591676">
        <ele>207.894553</ele>
        <time>2026-08-10T12:26:30.313Z</time>
      </trkpt>
      <trkpt lat="42.838923" lon="-8.591536">
        <ele>207.934764</ele>
        <time>2026-08-10T12:26:42.761Z</time>
      </trkpt>
      <trkpt lat="42.838943" lon="-8.591429">
        <ele>207.960968</ele>
        <time>2026-08-10T12:26:50.849Z</time>
      </trkpt>
      <trkpt lat="42.838929" lon="-8.591252">
        <ele>208.003214</ele>
        <time>2026-08-10T12:27:03.931Z</time>
      </trkpt>
      <trkpt lat="42.838958" lon="-8.591243">
        <ele>208.012839</ele>
        <time>2026-08-10T12:27:06.937Z</time>
      </trkpt>
      <trkpt lat="42.838991" lon="-8.591232">
        <ele>208.023833</ele>
        <time>2026-08-10T12:27:10.393Z</time>
      </trkpt>
      <trkpt lat="42.839017" lon="-8.591224">
        <ele>208.032458</ele>
        <time>2026-08-10T12:27:13.005Z</time>
      </trkpt>
      <trkpt lat="42.838861" lon="-8.590596">
        <ele>208.189803</ele>
        <time>2026-08-10T12:28:01.712Z</time>
      </trkpt>
      <trkpt lat="42.838849" lon="-8.590367">
        <ele>208.244284</ele>
        <time>2026-08-10T12:28:18.602Z</time>
      </trkpt>
      <trkpt lat="42.839656" lon="-8.588522">
        <ele>209.959348</ele>
        <time>2026-08-10T12:31:02.043Z</time>
      </trkpt>
      <trkpt lat="42.839880" lon="-8.588145">
        <ele>210.417335</ele>
        <time>2026-08-10T12:31:39.703Z</time>
      </trkpt>
      <trkpt lat="42.840010" lon="-8.587875">
        <ele>210.783706</ele>
        <time>2026-08-10T12:32:04.905Z</time>
      </trkpt>
      <trkpt lat="42.840563" lon="-8.586443">
        <ele>213.939563</ele>
        <time>2026-08-10T12:34:13.256Z</time>
      </trkpt>
      <trkpt lat="42.840807" lon="-8.585752">
        <ele>215.435044</ele>
        <time>2026-08-10T12:35:15.980Z</time>
      </trkpt>
      <trkpt lat="42.841017" lon="-8.585247">
        <ele>217.802360</ele>
        <time>2026-08-10T12:36:04.805Z</time>
      </trkpt>
      <trkpt lat="42.841064" lon="-8.585171">
        <ele>218.210135</ele>
        <time>2026-08-10T12:36:13.321Z</time>
      </trkpt>
      <trkpt lat="42.841105" lon="-8.585104">
        <ele>218.568060</ele>
        <time>2026-08-10T12:36:20.944Z</time>
      </trkpt>
      <trkpt lat="42.841380" lon="-8.584217">
        <ele>222.517895</ele>
        <time>2026-08-10T12:37:45.082Z</time>
      </trkpt>
      <trkpt lat="42.841635" lon="-8.583743">
        <ele>224.929118</ele>
        <time>2026-08-10T12:38:38.472Z</time>
      </trkpt>
      <trkpt lat="42.841662" lon="-8.583670">
        <ele>225.264457</ele>
        <time>2026-08-10T12:38:45.977Z</time>
      </trkpt>
      <trkpt lat="42.841706" lon="-8.583553">
        <ele>225.909226</ele>
        <time>2026-08-10T12:38:58.120Z</time>
      </trkpt>
      <trkpt lat="42.842002" lon="-8.583124">
        <ele>229.188244</ele>
        <time>2026-08-10T12:39:52.930Z</time>
      </trkpt>
      <trkpt lat="42.843190" lon="-8.582037">
        <ele>239.685070</ele>
        <time>2026-08-10T12:42:54.291Z</time>
      </trkpt>
      <trkpt lat="42.843219" lon="-8.581991">
        <ele>239.884122</ele>
        <time>2026-08-10T12:42:59.839Z</time>
      </trkpt>
      <trkpt lat="42.843260" lon="-8.581928">
        <ele>240.160512</ele>
        <time>2026-08-10T12:43:07.536Z</time>
      </trkpt>
      <trkpt lat="42.843588" lon="-8.581536">
        <ele>242.112097</ele>
        <time>2026-08-10T12:44:00.776Z</time>
      </trkpt>
      <trkpt lat="42.844067" lon="-8.581222">
        <ele>244.490340</ele>
        <time>2026-08-10T12:45:02.379Z</time>
      </trkpt>
      <trkpt lat="42.844573" lon="-8.580918">
        <ele>246.964622</ele>
        <time>2026-08-10T12:46:02.597Z</time>
      </trkpt>
      <trkpt lat="42.844696" lon="-8.580910">
        <ele>247.151225</ele>
        <time>2026-08-10T12:46:15.519Z</time>
      </trkpt>
      <trkpt lat="42.844984" lon="-8.580766">
        <ele>246.877168</ele>
        <time>2026-08-10T12:46:46.921Z</time>
      </trkpt>
      <trkpt lat="42.845073" lon="-8.580743">
        <ele>246.796237</ele>
        <time>2026-08-10T12:46:55.969Z</time>
      </trkpt>
      <trkpt lat="42.845230" lon="-8.580715">
        <ele>246.654772</ele>
        <time>2026-08-10T12:47:12.132Z</time>
      </trkpt>
      <trkpt lat="42.845378" lon="-8.580692">
        <ele>246.521687</ele>
        <time>2026-08-10T12:47:27.535Z</time>
      </trkpt>
      <trkpt lat="42.845408" lon="-8.580682">
        <ele>246.494095</ele>
        <time>2026-08-10T12:47:30.731Z</time>
      </trkpt>
      <trkpt lat="42.845480" lon="-8.580624">
        <ele>246.419385</ele>
        <time>2026-08-10T12:47:39.363Z</time>
      </trkpt>
      <trkpt lat="42.845912" lon="-8.580580">
        <ele>246.032344</ele>
        <time>2026-08-10T12:48:24.521Z</time>
      </trkpt>
      <trkpt lat="42.846326" lon="-8.580536">
        <ele>245.661338</ele>
        <time>2026-08-10T12:49:07.753Z</time>
      </trkpt>
      <trkpt lat="42.846482" lon="-8.580520">
        <ele>245.437608</ele>
        <time>2026-08-10T12:49:24.052Z</time>
      </trkpt>
      <trkpt lat="42.846519" lon="-8.580516">
        <ele>245.371034</ele>
        <time>2026-08-10T12:49:27.969Z</time>
      </trkpt>
      <trkpt lat="42.846571" lon="-8.580509">
        <ele>245.277311</ele>
        <time>2026-08-10T12:49:33.443Z</time>
      </trkpt>
      <trkpt lat="42.846602" lon="-8.580507">
        <ele>245.221645</ele>
        <time>2026-08-10T12:49:36.761Z</time>
      </trkpt>
      <trkpt lat="42.846624" lon="-8.580504">
        <ele>245.181988</ele>
        <time>2026-08-10T12:49:39.114Z</time>
      </trkpt>
      <trkpt lat="42.846670" lon="-8.580500">
        <ele>245.099312</ele>
        <time>2026-08-10T12:49:44.010Z</time>
      </trkpt>
      <trkpt lat="42.847326" lon="-8.580410">
        <ele>243.916731</ele>
        <time>2026-08-10T12:50:52.593Z</time>
      </trkpt>
      <trkpt lat="42.847425" lon="-8.580395">
        <ele>243.738067</ele>
        <time>2026-08-10T12:51:02.835Z</time>
      </trkpt>
      <trkpt lat="42.847468" lon="-8.580477">
        <ele>243.605489</ele>
        <time>2026-08-10T12:51:10.285Z</time>
      </trkpt>
      <trkpt lat="42.847514" lon="-8.580462">
        <ele>243.520655</ele>
        <time>2026-08-10T12:51:15.120Z</time>
      </trkpt>
      <trkpt lat="42.847577" lon="-8.580442">
        <ele>243.404634</ele>
        <time>2026-08-10T12:51:21.620Z</time>
      </trkpt>
      <trkpt lat="42.847570" lon="-8.580357">
        <ele>243.292151</ele>
        <time>2026-08-10T12:51:27.972Z</time>
      </trkpt>
      <trkpt lat="42.847607" lon="-8.580338">
        <ele>243.221238</ele>
        <time>2026-08-10T12:51:32.019Z</time>
      </trkpt>
      <trkpt lat="42.848365" lon="-8.580208">
        <ele>240.993416</ele>
        <time>2026-08-10T12:52:51.029Z</time>
      </trkpt>
      <trkpt lat="42.848356" lon="-8.580131">
        <ele>240.724288</ele>
        <time>2026-08-10T12:52:57.052Z</time>
      </trkpt>
      <trkpt lat="42.848490" lon="-8.580101">
        <ele>240.084996</ele>
        <time>2026-08-10T12:53:11.595Z</time>
      </trkpt>
      <trkpt lat="42.848551" lon="-8.580087">
        <ele>239.793781</ele>
        <time>2026-08-10T12:53:18.218Z</time>
      </trkpt>
      <trkpt lat="42.848584" lon="-8.580084">
        <ele>239.638077</ele>
        <time>2026-08-10T12:53:21.750Z</time>
      </trkpt>
      <trkpt lat="42.848923" lon="-8.579496">
        <ele>237.056215</ele>
        <time>2026-08-10T12:54:21.337Z</time>
      </trkpt>
      <trkpt lat="42.848973" lon="-8.579366">
        <ele>236.549517</ele>
        <time>2026-08-10T12:54:33.408Z</time>
      </trkpt>
      <trkpt lat="42.849075" lon="-8.578898">
        <ele>234.864330</ele>
        <time>2026-08-10T12:55:14.505Z</time>
      </trkpt>
      <trkpt lat="42.849328" lon="-8.578350">
        <ele>232.382984</ele>
        <time>2026-08-10T12:56:09.797Z</time>
      </trkpt>
      <trkpt lat="42.849052" lon="-8.577770">
        <ele>229.538154</ele>
        <time>2026-08-10T12:57:07.569Z</time>
      </trkpt>
      <trkpt lat="42.849019" lon="-8.577507">
        <ele>228.440380</ele>
        <time>2026-08-10T12:57:29.502Z</time>
      </trkpt>
      <trkpt lat="42.849051" lon="-8.577227">
        <ele>227.274484</ele>
        <time>2026-08-10T12:57:52.557Z</time>
      </trkpt>
      <trkpt lat="42.849134" lon="-8.577127">
        <ele>226.653024</ele>
        <time>2026-08-10T12:58:04.806Z</time>
      </trkpt>
      <trkpt lat="42.849315" lon="-8.576981">
        <ele>225.472980</ele>
        <time>2026-08-10T12:58:27.815Z</time>
      </trkpt>
      <trkpt lat="42.849527" lon="-8.576917">
        <ele>224.254504</ele>
        <time>2026-08-10T12:58:51.209Z</time>
      </trkpt>
      <trkpt lat="42.850065" lon="-8.576963">
        <ele>222.920432</ele>
        <time>2026-08-10T12:59:47.877Z</time>
      </trkpt>
      <trkpt lat="42.850600" lon="-8.577093">
        <ele>221.863378</ele>
        <time>2026-08-10T13:00:44.123Z</time>
      </trkpt>
      <trkpt lat="42.850888" lon="-8.577241">
        <ele>221.264727</ele>
        <time>2026-08-10T13:01:15.792Z</time>
      </trkpt>
      <trkpt lat="42.851000" lon="-8.577230">
        <ele>221.046303</ele>
        <time>2026-08-10T13:01:27.285Z</time>
      </trkpt>
      <trkpt lat="42.851146" lon="-8.577179">
        <ele>220.753142</ele>
        <time>2026-08-10T13:01:42.701Z</time>
      </trkpt>
      <trkpt lat="42.851486" lon="-8.576708">
        <ele>219.667533</ele>
        <time>2026-08-10T13:02:32.572Z</time>
      </trkpt>
      <trkpt lat="42.851762" lon="-8.576304">
        <ele>218.658525</ele>
        <time>2026-08-10T13:03:14.255Z</time>
      </trkpt>
      <trkpt lat="42.851920" lon="-8.576130">
        <ele>218.152414</ele>
        <time>2026-08-10T13:03:35.475Z</time>
      </trkpt>
      <trkpt lat="42.851972" lon="-8.575922">
        <ele>217.750873</ele>
        <time>2026-08-10T13:03:52.491Z</time>
      </trkpt>
      <trkpt lat="42.852365" lon="-8.575572">
        <ele>216.581100</ele>
        <time>2026-08-10T13:04:42.512Z</time>
      </trkpt>
      <trkpt lat="42.852407" lon="-8.575363">
        <ele>216.185138</ele>
        <time>2026-08-10T13:04:59.687Z</time>
      </trkpt>
      <trkpt lat="42.852565" lon="-8.575187">
        <ele>215.600214</ele>
        <time>2026-08-10T13:05:21.769Z</time>
      </trkpt>
      <trkpt lat="42.852729" lon="-8.574979">
        <ele>214.773996</ele>
        <time>2026-08-10T13:05:46.136Z</time>
      </trkpt>
      <trkpt lat="42.852873" lon="-8.574635">
        <ele>213.702548</ele>
        <time>2026-08-10T13:06:17.417Z</time>
      </trkpt>
      <trkpt lat="42.852926" lon="-8.574467">
        <ele>213.207856</ele>
        <time>2026-08-10T13:06:31.844Z</time>
      </trkpt>
      <trkpt lat="42.852926" lon="-8.574262">
        <ele>212.653375</ele>
        <time>2026-08-10T13:06:47.941Z</time>
      </trkpt>
      <trkpt lat="42.852956" lon="-8.574173">
        <ele>212.388422</ele>
        <time>2026-08-10T13:06:55.697Z</time>
      </trkpt>
      <trkpt lat="42.853007" lon="-8.574122">
        <ele>212.155110</ele>
        <time>2026-08-10T13:07:02.431Z</time>
      </trkpt>
      <trkpt lat="42.853077" lon="-8.574104">
        <ele>211.892296</ele>
        <time>2026-08-10T13:07:09.955Z</time>
      </trkpt>
      <trkpt lat="42.853387" lon="-8.574158">
        <ele>210.739260</ele>
        <time>2026-08-10T13:07:43.633Z</time>
      </trkpt>
      <trkpt lat="42.854013" lon="-8.574143">
        <ele>208.338667</ele>
        <time>2026-08-10T13:08:50.845Z</time>
      </trkpt>
      <trkpt lat="42.854233" lon="-8.574054">
        <ele>207.392490</ele>
        <time>2026-08-10T13:09:15.654Z</time>
      </trkpt>
      <trkpt lat="42.854258" lon="-8.574013">
        <ele>207.231291</ele>
        <time>2026-08-10T13:09:19.971Z</time>
      </trkpt>
      <trkpt lat="42.854197" lon="-8.573883">
        <ele>206.764732</ele>
        <time>2026-08-10T13:09:32.333Z</time>
      </trkpt>
      <trkpt lat="42.853568" lon="-8.573545">
        <ele>203.977193</ele>
        <time>2026-08-10T13:10:46.286Z</time>
      </trkpt>
      <trkpt lat="42.853218" lon="-8.573280">
        <ele>202.326632</ele>
        <time>2026-08-10T13:11:30.007Z</time>
      </trkpt>
      <trkpt lat="42.853184" lon="-8.573178">
        <ele>201.987932</ele>
        <time>2026-08-10T13:11:38.827Z</time>
      </trkpt>
      <trkpt lat="42.853215" lon="-8.572992">
        <ele>201.552637</ele>
        <time>2026-08-10T13:11:53.915Z</time>
      </trkpt>
      <trkpt lat="42.853497" lon="-8.572867">
        <ele>200.794111</ele>
        <time>2026-08-10T13:12:25.680Z</time>
      </trkpt>
      <trkpt lat="42.853777" lon="-8.572839">
        <ele>200.075911</ele>
        <time>2026-08-10T13:12:55.618Z</time>
      </trkpt>
      <trkpt lat="42.854179" lon="-8.573047">
        <ele>198.976047</ele>
        <time>2026-08-10T13:13:40.934Z</time>
      </trkpt>
      <trkpt lat="42.854254" lon="-8.573062">
        <ele>198.782136</ele>
        <time>2026-08-10T13:13:48.942Z</time>
      </trkpt>
      <trkpt lat="42.855341" lon="-8.572817">
        <ele>198.500181</ele>
        <time>2026-08-10T13:15:42.739Z</time>
      </trkpt>
      <trkpt lat="42.855664" lon="-8.572746">
        <ele>199.405203</ele>
        <time>2026-08-10T13:16:16.561Z</time>
      </trkpt>
      <trkpt lat="42.855854" lon="-8.572763">
        <ele>199.931918</ele>
        <time>2026-08-10T13:16:37.151Z</time>
      </trkpt>
      <trkpt lat="42.855935" lon="-8.572797">
        <ele>200.166352</ele>
        <time>2026-08-10T13:16:46.658Z</time>
      </trkpt>
      <trkpt lat="42.856141" lon="-8.573022">
        <ele>200.896352</ele>
        <time>2026-08-10T13:17:17.068Z</time>
      </trkpt>
      <trkpt lat="42.856338" lon="-8.573367">
        <ele>201.783150</ele>
        <time>2026-08-10T13:17:56.382Z</time>
      </trkpt>
      <trkpt lat="42.856419" lon="-8.573667">
        <ele>202.729899</ele>
        <time>2026-08-10T13:18:26.471Z</time>
      </trkpt>
      <trkpt lat="42.856439" lon="-8.574202">
        <ele>205.001259</ele>
        <time>2026-08-10T13:19:17.572Z</time>
      </trkpt>
      <trkpt lat="42.856481" lon="-8.574895">
        <ele>207.949619</ele>
        <time>2026-08-10T13:20:21.868Z</time>
      </trkpt>
      <trkpt lat="42.856578" lon="-8.575143">
        <ele>209.141457</ele>
        <time>2026-08-10T13:20:46.907Z</time>
      </trkpt>
      <trkpt lat="42.856726" lon="-8.575291">
        <ele>210.202859</ele>
        <time>2026-08-10T13:21:08.737Z</time>
      </trkpt>
      <trkpt lat="42.857132" lon="-8.575474">
        <ele>212.523394</ele>
        <time>2026-08-10T13:21:55.949Z</time>
      </trkpt>
      <trkpt lat="42.857249" lon="-8.575568">
        <ele>212.264519</ele>
        <time>2026-08-10T13:22:10.138Z</time>
      </trkpt>
      <trkpt lat="42.857681" lon="-8.575912">
        <ele>211.310851</ele>
        <time>2026-08-10T13:23:00.565Z</time>
      </trkpt>
      <trkpt lat="42.857933" lon="-8.576159">
        <ele>210.719252</ele>
        <time>2026-08-10T13:23:32.889Z</time>
      </trkpt>
      <trkpt lat="42.858567" lon="-8.576761">
        <ele>209.246541</ele>
        <time>2026-08-10T13:24:56.928Z</time>
      </trkpt>
      <trkpt lat="42.858833" lon="-8.577102">
        <ele>208.195605</ele>
        <time>2026-08-10T13:25:37.390Z</time>
      </trkpt>
      <trkpt lat="42.858983" lon="-8.577105">
        <ele>207.734964</ele>
        <time>2026-08-10T13:25:53.802Z</time>
      </trkpt>
      <trkpt lat="42.859204" lon="-8.577049">
        <ele>207.044754</ele>
        <time>2026-08-10T13:26:18.354Z</time>
      </trkpt>
      <trkpt lat="42.859367" lon="-8.576928">
        <ele>206.474943</ele>
        <time>2026-08-10T13:26:38.380Z</time>
      </trkpt>
      <trkpt lat="42.859454" lon="-8.576872">
        <ele>206.179557</ele>
        <time>2026-08-10T13:26:48.781Z</time>
      </trkpt>
      <trkpt lat="42.859530" lon="-8.576824">
        <ele>205.922396</ele>
        <time>2026-08-10T13:26:57.790Z</time>
      </trkpt>
      <trkpt lat="42.859824" lon="-8.576638">
        <ele>204.927287</ele>
        <time>2026-08-10T13:27:32.046Z</time>
      </trkpt>
      <trkpt lat="42.859938" lon="-8.576623">
        <ele>204.575613</ele>
        <time>2026-08-10T13:27:43.738Z</time>
      </trkpt>
      <trkpt lat="42.859981" lon="-8.576741">
        <ele>204.279008</ele>
        <time>2026-08-10T13:27:53.605Z</time>
      </trkpt>
      <trkpt lat="42.860005" lon="-8.576726">
        <ele>204.197948</ele>
        <time>2026-08-10T13:27:56.262Z</time>
      </trkpt>
      <trkpt lat="42.860040" lon="-8.576751">
        <ele>204.076637</ele>
        <time>2026-08-10T13:28:00.318Z</time>
      </trkpt>
      <trkpt lat="42.860235" lon="-8.576915">
        <ele>203.548818</ele>
        <time>2026-08-10T13:28:23.331Z</time>
      </trkpt>
      <trkpt lat="42.860230" lon="-8.576945">
        <ele>203.531108</ele>
        <time>2026-08-10T13:28:25.532Z</time>
      </trkpt>
      <trkpt lat="42.860388" lon="-8.577009">
        <ele>203.401678</ele>
        <time>2026-08-10T13:28:42.063Z</time>
      </trkpt>
      <trkpt lat="42.860648" lon="-8.577039">
        <ele>203.196773</ele>
        <time>2026-08-10T13:29:08.368Z</time>
      </trkpt>
      <trkpt lat="42.860878" lon="-8.577108">
        <ele>203.011840</ele>
        <time>2026-08-10T13:29:32.689Z</time>
      </trkpt>
      <trkpt lat="42.861218" lon="-8.577089">
        <ele>202.744617</ele>
        <time>2026-08-10T13:30:07.160Z</time>
      </trkpt>
      <trkpt lat="42.861392" lon="-8.577025">
        <ele>202.603097</ele>
        <time>2026-08-10T13:30:25.394Z</time>
      </trkpt>
      <trkpt lat="42.861494" lon="-8.576925">
        <ele>202.504459</ele>
        <time>2026-08-10T13:30:38.229Z</time>
      </trkpt>
      <trkpt lat="42.861770" lon="-8.576545">
        <ele>202.195787</ele>
        <time>2026-08-10T13:31:19.285Z</time>
      </trkpt>
      <trkpt lat="42.862001" lon="-8.576186">
        <ele>200.684537</ele>
        <time>2026-08-10T13:31:56.358Z</time>
      </trkpt>
      <trkpt lat="42.862332" lon="-8.575912">
        <ele>199.013534</ele>
        <time>2026-08-10T13:32:37.910Z</time>
      </trkpt>
      <trkpt lat="42.862564" lon="-8.575835">
        <ele>197.983022</ele>
        <time>2026-08-10T13:33:03.962Z</time>
      </trkpt>
      <trkpt lat="42.863007" lon="-8.575834">
        <ele>196.071039</ele>
        <time>2026-08-10T13:33:53.157Z</time>
      </trkpt>
      <trkpt lat="42.863098" lon="-8.575059">
        <ele>193.398151</ele>
        <time>2026-08-10T13:34:57.560Z</time>
      </trkpt>
      <trkpt lat="42.863113" lon="-8.574951">
        <ele>192.972334</ele>
        <time>2026-08-10T13:35:06.528Z</time>
      </trkpt>
      <trkpt lat="42.863235" lon="-8.574581">
        <ele>191.400675</ele>
        <time>2026-08-10T13:35:39.808Z</time>
      </trkpt>
      <trkpt lat="42.863258" lon="-8.574524">
        <ele>191.148620</ele>
        <time>2026-08-10T13:35:45.158Z</time>
      </trkpt>
      <trkpt lat="42.863409" lon="-8.574148">
        <ele>189.487776</ele>
        <time>2026-08-10T13:36:20.740Z</time>
      </trkpt>
      <trkpt lat="42.863424" lon="-8.574110">
        <ele>189.320582</ele>
        <time>2026-08-10T13:36:24.293Z</time>
      </trkpt>
      <trkpt lat="42.863634" lon="-8.574196">
        <ele>188.161806</ele>
        <time>2026-08-10T13:36:48.651Z</time>
      </trkpt>
      <trkpt lat="42.863792" lon="-8.574309">
        <ele>187.218994</ele>
        <time>2026-08-10T13:37:08.178Z</time>
      </trkpt>
      <trkpt lat="42.864314" lon="-8.575079">
        <ele>183.012125</ele>
        <time>2026-08-10T13:38:31.076Z</time>
      </trkpt>
      <trkpt lat="42.864414" lon="-8.575136">
        <ele>182.392846</ele>
        <time>2026-08-10T13:38:42.721Z</time>
      </trkpt>
      <trkpt lat="42.864980" lon="-8.576043">
        <ele>177.403803</ele>
        <time>2026-08-10T13:40:19.965Z</time>
      </trkpt>
      <trkpt lat="42.865028" lon="-8.576016">
        <ele>177.107127</ele>
        <time>2026-08-10T13:40:25.878Z</time>
      </trkpt>
      <trkpt lat="42.865048" lon="-8.575989">
        <ele>176.946354</ele>
        <time>2026-08-10T13:40:29.110Z</time>
      </trkpt>
      <trkpt lat="42.865438" lon="-8.575469">
        <ele>173.934261</ele>
        <time>2026-08-10T13:41:32.225Z</time>
      </trkpt>
      <trkpt lat="42.865836" lon="-8.575136">
        <ele>171.604545</ele>
        <time>2026-08-10T13:42:25.978Z</time>
      </trkpt>
      <trkpt lat="42.865965" lon="-8.575097">
        <ele>170.945223</ele>
        <time>2026-08-10T13:42:41.118Z</time>
      </trkpt>
      <trkpt lat="42.866105" lon="-8.574396">
        <ele>168.287918</ele>
        <time>2026-08-10T13:43:39.760Z</time>
      </trkpt>
      <trkpt lat="42.866118" lon="-8.574177">
        <ele>167.484327</ele>
        <time>2026-08-10T13:43:56.771Z</time>
      </trkpt>
      <trkpt lat="42.866102" lon="-8.573958">
        <ele>166.679390</ele>
        <time>2026-08-10T13:44:13.520Z</time>
      </trkpt>
      <trkpt lat="42.866055" lon="-8.573682">
        <ele>165.667621</ele>
        <time>2026-08-10T13:44:34.856Z</time>
      </trkpt>
      <trkpt lat="42.865667" lon="-8.572578">
        <ele>164.632234</ele>
        <time>2026-08-10T13:46:07.469Z</time>
      </trkpt>
      <trkpt lat="42.865630" lon="-8.572446">
        <ele>164.512723</ele>
        <time>2026-08-10T13:46:17.968Z</time>
      </trkpt>
      <trkpt lat="42.865652" lon="-8.572362">
        <ele>164.437288</ele>
        <time>2026-08-10T13:46:24.707Z</time>
      </trkpt>
      <trkpt lat="42.865772" lon="-8.572266">
        <ele>164.276789</ele>
        <time>2026-08-10T13:46:38.917Z</time>
      </trkpt>
      <trkpt lat="42.865813" lon="-8.572195">
        <ele>164.200351</ele>
        <time>2026-08-10T13:46:45.585Z</time>
      </trkpt>
      <trkpt lat="42.865830" lon="-8.572088">
        <ele>164.107764</ele>
        <time>2026-08-10T13:46:53.768Z</time>
      </trkpt>
      <trkpt lat="42.865852" lon="-8.571872">
        <ele>163.923346</ele>
        <time>2026-08-10T13:47:10.138Z</time>
      </trkpt>
      <trkpt lat="42.865821" lon="-8.571767">
        <ele>163.827619</ele>
        <time>2026-08-10T13:47:18.571Z</time>
      </trkpt>
      <trkpt lat="42.865836" lon="-8.571336">
        <ele>163.778869</ele>
        <time>2026-08-10T13:47:50.941Z</time>
      </trkpt>
      <trkpt lat="42.865772" lon="-8.571157">
        <ele>163.998967</ele>
        <time>2026-08-10T13:48:05.689Z</time>
      </trkpt>
      <trkpt lat="42.865709" lon="-8.571060">
        <ele>164.142195</ele>
        <time>2026-08-10T13:48:15.247Z</time>
      </trkpt>
      <trkpt lat="42.865121" lon="-8.570505">
        <ele>165.220250</ele>
        <time>2026-08-10T13:49:31.674Z</time>
      </trkpt>
      <trkpt lat="42.864885" lon="-8.570187">
        <ele>165.720374</ele>
        <time>2026-08-10T13:50:08.158Z</time>
      </trkpt>
      <trkpt lat="42.864564" lon="-8.569920">
        <ele>166.287224</ele>
        <time>2026-08-10T13:50:49.167Z</time>
      </trkpt>
      <trkpt lat="42.864411" lon="-8.569848">
        <ele>166.704319</ele>
        <time>2026-08-10T13:51:06.660Z</time>
      </trkpt>
      <trkpt lat="42.864150" lon="-8.569905">
        <ele>167.417052</ele>
        <time>2026-08-10T13:51:35.430Z</time>
      </trkpt>
      <trkpt lat="42.863875" lon="-8.570022">
        <ele>168.193796</ele>
        <time>2026-08-10T13:52:06.317Z</time>
      </trkpt>
      <trkpt lat="42.863593" lon="-8.570098">
        <ele>168.968889</ele>
        <time>2026-08-10T13:52:36.825Z</time>
      </trkpt>
      <trkpt lat="42.862873" lon="-8.570099">
        <ele>170.910334</ele>
        <time>2026-08-10T13:53:56.508Z</time>
      </trkpt>
      <trkpt lat="42.862685" lon="-8.570034">
        <ele>171.582865</ele>
        <time>2026-08-10T13:54:18.034Z</time>
      </trkpt>
      <trkpt lat="42.862280" lon="-8.569800">
        <ele>173.421905</ele>
        <time>2026-08-10T13:55:08.598Z</time>
      </trkpt>
      <trkpt lat="42.861997" lon="-8.569785">
        <ele>174.606112</ele>
        <time>2026-08-10T13:55:41.708Z</time>
      </trkpt>
      <trkpt lat="42.861854" lon="-8.569790">
        <ele>175.204238</ele>
        <time>2026-08-10T13:55:58.490Z</time>
      </trkpt>
      <trkpt lat="42.861694" lon="-8.569519">
        <ele>176.270752</ele>
        <time>2026-08-10T13:56:28.320Z</time>
      </trkpt>
      <trkpt lat="42.861811" lon="-8.569330">
        <ele>177.028960</ele>
        <time>2026-08-10T13:56:49.379Z</time>
      </trkpt>
      <trkpt lat="42.861889" lon="-8.569116">
        <ele>177.761461</ele>
        <time>2026-08-10T13:57:09.454Z</time>
      </trkpt>
      <trkpt lat="42.862038" lon="-8.568970">
        <ele>178.528522</ele>
        <time>2026-08-10T13:57:30.209Z</time>
      </trkpt>
      <trkpt lat="42.862336" lon="-8.568389">
        <ele>180.274632</ele>
        <time>2026-08-10T13:58:29.248Z</time>
      </trkpt>
      <trkpt lat="42.862423" lon="-8.568131">
        <ele>180.960889</ele>
        <time>2026-08-10T13:58:52.640Z</time>
      </trkpt>
      <trkpt lat="42.862422" lon="-8.567968">
        <ele>181.354786</ele>
        <time>2026-08-10T13:59:05.901Z</time>
      </trkpt>
      <trkpt lat="42.862365" lon="-8.567556">
        <ele>182.367947</ele>
        <time>2026-08-10T13:59:39.929Z</time>
      </trkpt>
      <trkpt lat="42.862399" lon="-8.567404">
        <ele>182.751972</ele>
        <time>2026-08-10T13:59:52.767Z</time>
      </trkpt>
      <trkpt lat="42.862411" lon="-8.567369">
        <ele>182.845343</ele>
        <time>2026-08-10T13:59:55.967Z</time>
      </trkpt>
      <trkpt lat="42.862392" lon="-8.567332">
        <ele>182.954510</ele>
        <time>2026-08-10T13:59:59.655Z</time>
      </trkpt>
      <trkpt lat="42.862329" lon="-8.567181">
        <ele>183.374365</ele>
        <time>2026-08-10T14:00:13.674Z</time>
      </trkpt>
      <trkpt lat="42.862533" lon="-8.566874">
        <ele>184.375686</ele>
        <time>2026-08-10T14:00:47.158Z</time>
      </trkpt>
      <trkpt lat="42.862988" lon="-8.566513">
        <ele>185.614929</ele>
        <time>2026-08-10T14:01:44.805Z</time>
      </trkpt>
      <trkpt lat="42.863088" lon="-8.566402">
        <ele>185.899300</ele>
        <time>2026-08-10T14:01:58.822Z</time>
      </trkpt>
      <trkpt lat="42.863356" lon="-8.565716">
        <ele>187.156162</ele>
        <time>2026-08-10T14:03:00.804Z</time>
      </trkpt>
      <trkpt lat="42.863394" lon="-8.565618">
        <ele>187.335418</ele>
        <time>2026-08-10T14:03:09.726Z</time>
      </trkpt>
      <trkpt lat="42.863490" lon="-8.565397">
        <ele>187.750775</ele>
        <time>2026-08-10T14:03:30.150Z</time>
      </trkpt>
      <trkpt lat="42.863558" lon="-8.565325">
        <ele>187.940646</ele>
        <time>2026-08-10T14:03:39.469Z</time>
      </trkpt>
      <trkpt lat="42.863554" lon="-8.565285">
        <ele>188.005918</ele>
        <time>2026-08-10T14:03:42.613Z</time>
      </trkpt>
      <trkpt lat="42.864013" lon="-8.564995">
        <ele>188.777509</ele>
        <time>2026-08-10T14:04:35.199Z</time>
      </trkpt>
      <trkpt lat="42.864085" lon="-8.564944">
        <ele>188.842851</ele>
        <time>2026-08-10T14:04:43.617Z</time>
      </trkpt>
      <trkpt lat="42.864387" lon="-8.564586">
        <ele>189.165089</ele>
        <time>2026-08-10T14:05:24.368Z</time>
      </trkpt>
      <trkpt lat="42.864411" lon="-8.564556">
        <ele>189.191306</ele>
        <time>2026-08-10T14:05:27.790Z</time>
      </trkpt>
      <trkpt lat="42.864715" lon="-8.564177">
        <ele>189.522995</ele>
        <time>2026-08-10T14:06:09.790Z</time>
      </trkpt>
      <trkpt lat="42.865044" lon="-8.563767">
        <ele>189.881893</ele>
        <time>2026-08-10T14:06:54.631Z</time>
      </trkpt>
      <trkpt lat="42.865351" lon="-8.563384">
        <ele>190.864386</ele>
        <time>2026-08-10T14:07:37.654Z</time>
      </trkpt>
      <trkpt lat="42.865391" lon="-8.563333">
        <ele>191.059776</ele>
        <time>2026-08-10T14:07:43.317Z</time>
      </trkpt>
      <trkpt lat="42.865660" lon="-8.562968">
        <ele>192.413763</ele>
        <time>2026-08-10T14:08:23.290Z</time>
      </trkpt>
      <trkpt lat="42.865726" lon="-8.562940">
        <ele>192.660436</ele>
        <time>2026-08-10T14:08:30.994Z</time>
      </trkpt>
      <trkpt lat="42.865797" lon="-8.562956">
        <ele>192.917261</ele>
        <time>2026-08-10T14:08:38.901Z</time>
      </trkpt>
      <trkpt lat="42.865983" lon="-8.563208">
        <ele>193.852773</ele>
        <time>2026-08-10T14:09:08.699Z</time>
      </trkpt>
      <trkpt lat="42.866003" lon="-8.563209">
        <ele>193.924199</ele>
        <time>2026-08-10T14:09:10.987Z</time>
      </trkpt>
      <trkpt lat="42.866245" lon="-8.562821">
        <ele>195.256878</ele>
        <time>2026-08-10T14:09:54.861Z</time>
      </trkpt>
      <trkpt lat="42.866288" lon="-8.562809">
        <ele>195.413519</ele>
        <time>2026-08-10T14:10:00.247Z</time>
      </trkpt>
      <trkpt lat="42.866301" lon="-8.562824">
        <ele>195.474281</ele>
        <time>2026-08-10T14:10:02.384Z</time>
      </trkpt>
      <trkpt lat="42.866315" lon="-8.562841">
        <ele>195.541169</ele>
        <time>2026-08-10T14:10:04.601Z</time>
      </trkpt>
      <trkpt lat="42.866338" lon="-8.562872">
        <ele>195.656553</ele>
        <time>2026-08-10T14:10:08.471Z</time>
      </trkpt>
      <trkpt lat="42.866360" lon="-8.562900">
        <ele>195.763928</ele>
        <time>2026-08-10T14:10:12.075Z</time>
      </trkpt>
      <trkpt lat="42.866377" lon="-8.562917">
        <ele>195.839151</ele>
        <time>2026-08-10T14:10:14.657Z</time>
      </trkpt>
      <trkpt lat="42.866403" lon="-8.562945">
        <ele>195.957365</ele>
        <time>2026-08-10T14:10:18.782Z</time>
      </trkpt>
      <trkpt lat="42.866743" lon="-8.562783">
        <ele>197.773700</ele>
        <time>2026-08-10T14:11:03.559Z</time>
      </trkpt>
      <trkpt lat="42.867106" lon="-8.562448">
        <ele>200.382214</ele>
        <time>2026-08-10T14:11:57.036Z</time>
      </trkpt>
      <trkpt lat="42.867573" lon="-8.562157">
        <ele>203.438081</ele>
        <time>2026-08-10T14:13:00.484Z</time>
      </trkpt>
      <trkpt lat="42.867591" lon="-8.562218">
        <ele>203.724955</ele>
        <time>2026-08-10T14:13:06.271Z</time>
      </trkpt>
      <trkpt lat="42.867559" lon="-8.562274">
        <ele>204.034734</ele>
        <time>2026-08-10T14:13:12.492Z</time>
      </trkpt>
      <trkpt lat="42.867588" lon="-8.562310">
        <ele>204.268103</ele>
        <time>2026-08-10T14:13:17.235Z</time>
      </trkpt>
      <trkpt lat="42.867615" lon="-8.562342">
        <ele>204.480980</ele>
        <time>2026-08-10T14:13:21.548Z</time>
      </trkpt>
      <trkpt lat="42.867891" lon="-8.561931">
        <ele>206.912791</ele>
        <time>2026-08-10T14:14:09.477Z</time>
      </trkpt>
      <trkpt lat="42.867931" lon="-8.561927">
        <ele>207.151519</ele>
        <time>2026-08-10T14:14:14.125Z</time>
      </trkpt>
      <trkpt lat="42.867957" lon="-8.561888">
        <ele>207.316532</ele>
        <time>2026-08-10T14:14:18.544Z</time>
      </trkpt>
      <trkpt lat="42.867995" lon="-8.561833">
        <ele>207.552351</ele>
        <time>2026-08-10T14:14:24.887Z</time>
      </trkpt>
      <trkpt lat="42.868026" lon="-8.561760">
        <ele>207.815572</ele>
        <time>2026-08-10T14:14:32.042Z</time>
      </trkpt>
      <trkpt lat="42.868195" lon="-8.561502">
        <ele>208.895134</ele>
        <time>2026-08-10T14:15:01.074Z</time>
      </trkpt>
      <trkpt lat="42.868246" lon="-8.561491">
        <ele>209.114927</ele>
        <time>2026-08-10T14:15:06.985Z</time>
      </trkpt>
      <trkpt lat="42.868275" lon="-8.561432">
        <ele>209.336562</ele>
        <time>2026-08-10T14:15:12.842Z</time>
      </trkpt>
      <trkpt lat="42.868312" lon="-8.561358">
        <ele>209.616041</ele>
        <time>2026-08-10T14:15:20.321Z</time>
      </trkpt>
      <trkpt lat="42.868300" lon="-8.561331">
        <ele>209.714556</ele>
        <time>2026-08-10T14:15:22.866Z</time>
      </trkpt>
      <trkpt lat="42.868342" lon="-8.561267">
        <ele>209.982574</ele>
        <time>2026-08-10T14:15:30.007Z</time>
      </trkpt>
      <trkpt lat="42.869252" lon="-8.559932">
        <ele>215.906765</ele>
        <time>2026-08-10T14:18:02.238Z</time>
      </trkpt>
      <trkpt lat="42.869294" lon="-8.559937">
        <ele>216.135488</ele>
        <time>2026-08-10T14:18:07.271Z</time>
      </trkpt>
      <trkpt lat="42.869324" lon="-8.559893">
        <ele>216.374438</ele>
        <time>2026-08-10T14:18:12.410Z</time>
      </trkpt>
      <trkpt lat="42.869357" lon="-8.559846">
        <ele>216.633234</ele>
        <time>2026-08-10T14:18:18.070Z</time>
      </trkpt>
      <trkpt lat="42.869412" lon="-8.559728">
        <ele>217.189263</ele>
        <time>2026-08-10T14:18:30.328Z</time>
      </trkpt>
      <trkpt lat="42.869373" lon="-8.559675">
        <ele>217.487887</ele>
        <time>2026-08-10T14:18:36.886Z</time>
      </trkpt>
      <trkpt lat="42.869321" lon="-8.559608">
        <ele>217.875902</ele>
        <time>2026-08-10T14:18:45.404Z</time>
      </trkpt>
      <trkpt lat="42.869930" lon="-8.558732">
        <ele>222.676721</ele>
        <time>2026-08-10T14:20:31.720Z</time>
      </trkpt>
      <trkpt lat="42.869939" lon="-8.558674">
        <ele>222.912447</ele>
        <time>2026-08-10T14:20:36.967Z</time>
      </trkpt>
      <trkpt lat="42.869974" lon="-8.558623">
        <ele>223.190251</ele>
        <time>2026-08-10T14:20:43.171Z</time>
      </trkpt>
      <trkpt lat="42.870024" lon="-8.558552">
        <ele>223.581757</ele>
        <time>2026-08-10T14:20:52.009Z</time>
      </trkpt>
      <trkpt lat="42.870063" lon="-8.558532">
        <ele>223.807789</ele>
        <time>2026-08-10T14:20:57.014Z</time>
      </trkpt>
      <trkpt lat="42.870443" lon="-8.557969">
        <ele>226.598450</ele>
        <time>2026-08-10T14:22:04.721Z</time>
      </trkpt>
      <trkpt lat="42.870454" lon="-8.557900">
        <ele>226.848160</ele>
        <time>2026-08-10T14:22:10.817Z</time>
      </trkpt>
      <trkpt lat="42.870478" lon="-8.557865">
        <ele>227.017656</ele>
        <time>2026-08-10T14:22:14.994Z</time>
      </trkpt>
      <trkpt lat="42.870506" lon="-8.557826">
        <ele>227.210719</ele>
        <time>2026-08-10T14:22:19.671Z</time>
      </trkpt>
      <trkpt lat="42.870533" lon="-8.557784">
        <ele>227.408283</ele>
        <time>2026-08-10T14:22:24.617Z</time>
      </trkpt>
      <trkpt lat="42.870658" lon="-8.557588">
        <ele>228.327073</ele>
        <time>2026-08-10T14:22:46.913Z</time>
      </trkpt>
      <trkpt lat="42.870685" lon="-8.557551">
        <ele>228.511713</ele>
        <time>2026-08-10T14:22:51.356Z</time>
      </trkpt>
      <trkpt lat="42.870707" lon="-8.557520">
        <ele>228.664310</ele>
        <time>2026-08-10T14:22:54.975Z</time>
      </trkpt>
      <trkpt lat="42.871522" lon="-8.556346">
        <ele>233.710827</ele>
        <time>2026-08-10T14:25:11.599Z</time>
      </trkpt>
      <trkpt lat="42.871547" lon="-8.556301">
        <ele>233.792442</ele>
        <time>2026-08-10T14:25:16.264Z</time>
      </trkpt>
      <trkpt lat="42.871577" lon="-8.556248">
        <ele>233.889232</ele>
        <time>2026-08-10T14:25:21.615Z</time>
      </trkpt>
      <trkpt lat="42.871624" lon="-8.556161">
        <ele>234.045446</ele>
        <time>2026-08-10T14:25:30.472Z</time>
      </trkpt>
      <trkpt lat="42.871846" lon="-8.555616">
        <ele>234.946643</ele>
        <time>2026-08-10T14:26:20.850Z</time>
      </trkpt>
      <trkpt lat="42.871876" lon="-8.555535">
        <ele>235.077815</ele>
        <time>2026-08-10T14:26:28.064Z</time>
      </trkpt>
      <trkpt lat="42.871891" lon="-8.555495">
        <ele>235.142756</ele>
        <time>2026-08-10T14:26:31.692Z</time>
      </trkpt>
      <trkpt lat="42.871917" lon="-8.555419">
        <ele>235.263979</ele>
        <time>2026-08-10T14:26:38.329Z</time>
      </trkpt>
      <trkpt lat="42.871941" lon="-8.555351">
        <ele>235.373064</ele>
        <time>2026-08-10T14:26:44.212Z</time>
      </trkpt>
      <trkpt lat="42.872092" lon="-8.554975">
        <ele>235.992747</ele>
        <time>2026-08-10T14:27:16.988Z</time>
      </trkpt>
      <trkpt lat="42.872138" lon="-8.555008">
        <ele>236.095239</ele>
        <time>2026-08-10T14:27:22.372Z</time>
      </trkpt>
      <trkpt lat="42.872192" lon="-8.555046">
        <ele>236.215062</ele>
        <time>2026-08-10T14:27:28.406Z</time>
      </trkpt>
      <trkpt lat="42.872469" lon="-8.554449">
        <ele>237.012670</ele>
        <time>2026-08-10T14:28:21.251Z</time>
      </trkpt>
      <trkpt lat="42.872596" lon="-8.554262">
        <ele>237.195025</ele>
        <time>2026-08-10T14:28:40.384Z</time>
      </trkpt>
      <trkpt lat="42.872971" lon="-8.553711">
        <ele>237.732862</ele>
        <time>2026-08-10T14:29:36.078Z</time>
      </trkpt>
      <trkpt lat="42.872935" lon="-8.553666">
        <ele>237.780511</ele>
        <time>2026-08-10T14:29:41.170Z</time>
      </trkpt>
      <trkpt lat="42.872884" lon="-8.553598">
        <ele>237.850103</ele>
        <time>2026-08-10T14:29:48.797Z</time>
      </trkpt>
      <trkpt lat="42.872947" lon="-8.553476">
        <ele>237.956851</ele>
        <time>2026-08-10T14:30:00.329Z</time>
      </trkpt>
      <trkpt lat="42.872880" lon="-8.553366">
        <ele>238.059155</ele>
        <time>2026-08-10T14:30:11.512Z</time>
      </trkpt>
      <trkpt lat="42.872909" lon="-8.553332">
        <ele>238.096471</ele>
        <time>2026-08-10T14:30:15.573Z</time>
      </trkpt>
      <trkpt lat="42.872941" lon="-8.553294">
        <ele>238.137873</ele>
        <time>2026-08-10T14:30:20.171Z</time>
      </trkpt>
      <trkpt lat="42.873004" lon="-8.553218">
        <ele>238.219943</ele>
        <time>2026-08-10T14:30:29.033Z</time>
      </trkpt>
      <trkpt lat="42.873023" lon="-8.553196">
        <ele>238.244263</ele>
        <time>2026-08-10T14:30:31.657Z</time>
      </trkpt>
      <trkpt lat="42.873055" lon="-8.553157">
        <ele>238.286138</ele>
        <time>2026-08-10T14:30:36.277Z</time>
      </trkpt>
      <trkpt lat="42.873128" lon="-8.553242">
        <ele>238.379798</ele>
        <time>2026-08-10T14:30:46.388Z</time>
      </trkpt>
      <trkpt lat="42.873212" lon="-8.553176">
        <ele>238.474400</ele>
        <time>2026-08-10T14:30:56.902Z</time>
      </trkpt>
      <trkpt lat="42.873221" lon="-8.553136">
        <ele>238.504328</ele>
        <time>2026-08-10T14:31:00.272Z</time>
      </trkpt>
      <trkpt lat="42.873629" lon="-8.552615">
        <ele>239.928600</ele>
        <time>2026-08-10T14:32:02.978Z</time>
      </trkpt>
      <trkpt lat="42.873671" lon="-8.552679">
        <ele>240.097907</ele>
        <time>2026-08-10T14:32:10.090Z</time>
      </trkpt>
      <trkpt lat="42.873764" lon="-8.552556">
        <ele>240.446194</ele>
        <time>2026-08-10T14:32:24.863Z</time>
      </trkpt>
      <trkpt lat="42.873865" lon="-8.552449">
        <ele>240.790047</ele>
        <time>2026-08-10T14:32:39.265Z</time>
      </trkpt>
      <trkpt lat="42.874186" lon="-8.552080">
        <ele>241.918748</ele>
        <time>2026-08-10T14:33:25.580Z</time>
      </trkpt>
      <trkpt lat="42.874721" lon="-8.551461">
        <ele>243.813521</ele>
        <time>2026-08-10T14:34:39.812Z</time>
      </trkpt>
      <trkpt lat="42.874900" lon="-8.551228">
        <ele>244.492290</ele>
        <time>2026-08-10T14:35:06.447Z</time>
      </trkpt>
      <trkpt lat="42.875436" lon="-8.550377">
        <ele>246.748617</ele>
        <time>2026-08-10T14:36:36.319Z</time>
      </trkpt>
      <trkpt lat="42.875559" lon="-8.550102">
        <ele>247.396432</ele>
        <time>2026-08-10T14:37:02.522Z</time>
      </trkpt>
      <trkpt lat="42.875591" lon="-8.550009">
        <ele>247.603020</ele>
        <time>2026-08-10T14:37:11.090Z</time>
      </trkpt>
      <trkpt lat="42.875653" lon="-8.549845">
        <ele>247.974078</ele>
        <time>2026-08-10T14:37:26.492Z</time>
      </trkpt>
      <trkpt lat="42.875968" lon="-8.549050">
        <ele>249.605915</ele>
        <time>2026-08-10T14:38:41.504Z</time>
      </trkpt>
      <trkpt lat="42.876019" lon="-8.549063">
        <ele>249.730320</ele>
        <time>2026-08-10T14:38:47.281Z</time>
      </trkpt>
      <trkpt lat="42.876045" lon="-8.549039">
        <ele>249.805588</ele>
        <time>2026-08-10T14:38:50.826Z</time>
      </trkpt>
      <trkpt lat="42.876118" lon="-8.548905">
        <ele>250.098988</ele>
        <time>2026-08-10T14:39:04.348Z</time>
      </trkpt>
      <trkpt lat="42.876439" lon="-8.548008">
        <ele>251.853086</ele>
        <time>2026-08-10T14:40:22.242Z</time>
      </trkpt>
      <trkpt lat="42.876880" lon="-8.546766">
        <ele>254.067617</ele>
        <time>2026-08-10T14:42:07.779Z</time>
      </trkpt>
      <trkpt lat="42.877069" lon="-8.546439">
        <ele>254.705712</ele>
        <time>2026-08-10T14:42:41.040Z</time>
      </trkpt>
      <trkpt lat="42.877218" lon="-8.546276">
        <ele>255.104984</ele>
        <time>2026-08-10T14:43:02.307Z</time>
      </trkpt>
      <trkpt lat="42.877300" lon="-8.546268">
        <ele>255.276865</ele>
        <time>2026-08-10T14:43:11.438Z</time>
      </trkpt>
      <trkpt lat="42.877305" lon="-8.546202">
        <ele>255.378526</ele>
        <time>2026-08-10T14:43:16.896Z</time>
      </trkpt>
      <trkpt lat="42.877312" lon="-8.546131">
        <ele>255.488288</ele>
        <time>2026-08-10T14:43:22.629Z</time>
      </trkpt>
      <trkpt lat="42.877313" lon="-8.546123">
        <ele>255.500722</ele>
        <time>2026-08-10T14:43:23.320Z</time>
      </trkpt>
      <trkpt lat="42.877318" lon="-8.545998">
        <ele>255.692526</ele>
        <time>2026-08-10T14:43:33.416Z</time>
      </trkpt>
      <trkpt lat="42.877322" lon="-8.545964">
        <ele>255.745286</ele>
        <time>2026-08-10T14:43:36.209Z</time>
      </trkpt>
      <trkpt lat="42.877388" lon="-8.545764">
        <ele>256.081352</ele>
        <time>2026-08-10T14:43:53.759Z</time>
      </trkpt>
      <trkpt lat="42.877547" lon="-8.545642">
        <ele>256.403444</ele>
        <time>2026-08-10T14:44:13.507Z</time>
      </trkpt>
      <trkpt lat="42.877995" lon="-8.545382">
        <ele>256.538677</ele>
        <time>2026-08-10T14:45:06.534Z</time>
      </trkpt>
      <trkpt lat="42.878518" lon="-8.545201">
        <ele>256.688556</ele>
        <time>2026-08-10T14:46:01.648Z</time>
      </trkpt>
      <trkpt lat="42.878546" lon="-8.545197">
        <ele>256.696376</ele>
        <time>2026-08-10T14:46:04.527Z</time>
      </trkpt>
      <trkpt lat="42.878600" lon="-8.545193">
        <ele>256.711398</ele>
        <time>2026-08-10T14:46:10.148Z</time>
      </trkpt>
      <trkpt lat="42.878891" lon="-8.545142">
        <ele>256.792896</ele>
        <time>2026-08-10T14:46:40.563Z</time>
      </trkpt>
      <trkpt lat="42.879019" lon="-8.545106">
        <ele>256.829200</ele>
        <time>2026-08-10T14:46:54.097Z</time>
      </trkpt>
      <trkpt lat="42.879419" lon="-8.545081">
        <ele>256.893989</ele>
        <time>2026-08-10T14:47:35.860Z</time>
      </trkpt>
      <trkpt lat="42.879761" lon="-8.545129">
        <ele>256.893989</ele>
        <time>2026-08-10T14:48:11.177Z</time>
      </trkpt>
      <trkpt lat="42.879833" lon="-8.545195">
        <ele>256.893989</ele>
        <time>2026-08-10T14:48:20.039Z</time>
      </trkpt>
      <trkpt lat="42.880073" lon="-8.545287">
        <ele>256.893989</ele>
        <time>2026-08-10T14:48:45.561Z</time>
      </trkpt>
      <trkpt lat="42.880199" lon="-8.545444">
        <ele>256.893989</ele>
        <time>2026-08-10T14:49:03.075Z</time>
      </trkpt>
      <trkpt lat="42.880292" lon="-8.545540">
        <ele>256.893989</ele>
        <time>2026-08-10T14:49:15.008Z</time>
      </trkpt>
    </trkseg>
  </trk>
</gpx>